"source","term_name","term_id","adjusted_p_value","negative_log10_of_adjusted_p_value","term_size","query_size","intersection_size","effective_domain_size","intersections"
"GO:BP","negative regulation of transport","GO:0051051","2.3085469648150913e-219","218.63666128578575","412","1691","288","21017","LGALS9,STXBP3,WWP2,SDCBP,SLN,GNB5,CASQ2,PLSCR1,CLIC2,LRRTM2,HCRT,KALRN,PARK2,TBC1D4,SNX3,RAB11FIP3,VPS4B,LYPLA1,ARL6IP5,OAZ2,OXSR1,ADA,SPINK1,EGF,TGFB1,INS,TNF,IL1B,EPO,CRYAA,CRYAB,APOE,APOA2,APOC1,APOC2,HMGCR,ANXA1,CD74,SEMG1,APOD,ITGB3,INHA,EDN1,PRKCB,ITGAV,CRH,SERPINE2,THBS1,INHBA,ADRA2A,NMB,HMGB1,INHBB,MRLN,BCL2,TXN,CHGA,BCR,TPR,CEACAM1,OSM,TRIM27,DRD2,LIF,BRAF,KCNE1,PPP3CB,CD36,GJA1,PFKL,ADRA2B,ADRA2C,ATF4,NFKB1,TRH,IL11,NF1,TACR2,CNR1,ERBB3,DRD4,ENPP1,KEL,SP100,PRTN3,CRHBP,F2R,PLN,GSTM2,HTR1B,HTR2A,IL12A,IL12B,NOS3,NOS1,ERP29,ADORA1,SRI,NTSR1,CORO1A,AKT1,PTGS2,OPRM1,DRD3,IRS1,ACTN2,SREBF1,SNCA,OPRK1,LEP,CD200,CSK,CCR2,PTGER3,RANGAP1,NOTCH1,MAP1B,NEDD4,P2RY1,SLC6A9,NOV,MTNR1B,GSK3A,RAB7A,STC1,OAZ1,NR1H2,TMBIM6,F2RL1,UCP2,CAV3,SLC26A5,PTEN,UBE2G2,STX1B,OSTN,PKIA,ARF6,VSNL1,RAP1A,SUMO1,RACK1,FKBP1B,CYP4F2,GABRE,ASIC1,DLG4,GSTO1,ABAT,HAMP,CDK5,PRKCE,NRG1,ATP7A,PTPN11,FMR1,PPP3CA,ABCC8,SREBF2,KCNH2,FOXF1,ANK3,PLA2R1,TRDN,REST,NR1H3,GRB10,UNC119,OS9,GPM6B,PICALM,CAMK2D,PKD2,MTMR2,PRKG1,PTK2B,HES1,IL13RA2,KCNJ11,KCNB1,KCNAB1,GRM7,PEA15,PRKD1,ANGPT1,SHH,NPY5R,VAMP3,ADIPOQ,CRY1,CARTPT,HADH,MIDN,PKDCC,FFAR4,LRRK2,YOD1,SFRP4,TRAT1,RHBDF2,LRSAM1,NPSR1,RAB11FIP1,PID1,BMP8A,PXK,YRDC,LRRTM1,PIM3,NDUFAF2,PROM2,CBARP,LILRB2,SFRP1,PNKD,KCNRG,JAGN1,COMMD1,UBAC2,ACVR1C,STXBP6,SVIP,SCAMP5,OSR1,CD300LF,SNX33,RSAD2,RUBCN,RSC1A1,SYTL4,RHBDF1,ERLEC1,DPH3,WNK4,ANKRD27,NEDD4L,DERL3,VPS35,CRBN,PARK7,CHP1,ATXN2,BARD1,INPP5K,SPX,NDFIP1,SYT11,VAMP8,RAB11FIP5,PACSIN1,WNK3,DERL2,FGF23,RAB33B,SYT4,WNK1,GPR35,NPVF,GOPC,ENY2,TLR9,ATG3,NDFIP2,CABP1,MDFIC,GHRL,STK39,SERGEF,CD300A,UBQLN2,CD84,RABGEF1,KCNE5,PACSIN3,RAB23,UBQLN1,SUFU,OAZ3,SNX12,PACSIN2,PKIG,STXBP5L,CAB39,UBE2J1,IRS2,HRH3,SIRT4,SLC30A1"
"GO:BP","negative regulation of locomotion","GO:0040013","5.830451057295332e-169","168.23429784590704","339","1691","230","21017","WASL,KRIT1,CCL21,ITGB1BP1,NRP1,SEMA3E,SMAD7,OGT,ALOX15B,CCL25,SPINT2,SRGAP3,KLF4,FOXO3,CXCL13,ZEB2,GREM1,MITF,SEMA7A,SLIT2,SEMA3D,BMP10,SEMA4F,IL33,RECK,WNT11,ADA,C5,TIMP1,TGFB1,GNRH1,TNF,COL3A1,APOE,APOH,HRG,THY1,CD74,SEMG1,APOD,IL4,SERPINE1,DCN,THBS1,ELANE,KRT16,FGF2,HMGB1,TPM1,HMOX1,TACSTD2,BCL2,BCR,CYP19A1,BMP4,CCL2,MIF,DRD2,BRAF,DPEP1,GJA1,PTPN2,ENG,IGFBP3,VCL,NF1,EPHA1,BMP5,FBLN1,PTPRG,SP100,MCC,IGFBP5,KLRK1,PTPRM,ADORA1,HOXA7,AKT1,PFN2,CTNNA1,NF2,PTGER4,TIE1,BMPR1A,SERPINF1,ACVRL1,PPARG,STAT3,CD200,WNT5A,NBL1,WAS,NKX2-1,NOTCH1,CXCL12,NOV,CX3CR1,MEOX2,DUSP3,PLXNA3,ARHGDIB,STC1,SLURP1,AIF1,WNT3,WNT3A,WNT4,NRG3,SYNJ2BP,PTEN,RAP2B,RHOB,CX3CL1,ADARB1,ARHGAP4,SEMG2,MEF2C,LRP1,ABCC8,BST2,HYAL2,PTPRJ,IL24,MAP2K5,SEMA3B,NOG,SEMA3F,ADAM15,PIN1,HDAC1,SEMA5A,PRKG1,DPYSL3,GPR18,PTPRR,PTPRK,SHH,RGN,ADIPOQ,NFE2L2,RBBP7,CYP1B1,RNF20,DAB2IP,AP1AR,ARID2,IL27RA,VASH1,CLASP1,PODN,SRGAP1,PHLDB2,MAGI2,SULF1,SVBP,SFRP1,GCSAM,SCAI,ACVR1C,FLCN,SEMA6D,CYGB,PTPRU,HDAC2,HAS1,SEMA4D,ADIPOR1,TP53INP1,MARVELD3,ARRDC3,CERS2,SFRP2,C16ORF45,DLC1,TRIB1,NODAL,TBX5,CITED2,SEMA3C,SPOCK3,CORO1B,FUZ,ABHD6,GTPBP4,OSBPL8,SEMA4C,ING2,MMP28,SEMA6A,CHRD,SEMA4A,PTPN23,SEMA6C,SEMA6B,RNF41,RGCC,MMRN2,BRMS1,SEMA4B,PLCB1,DLL4,CCL28,GPR173,SEMA3G,SEMA4G,SEMA5B,C5AR2,ADAMTS9,GHRL,CD300A,EVL,DACH1,RABGEF1,GDF2,ING1,PLXNB3,NDRG4,ZMYND8,CORO1C,STAP1,HDAC5,ANGPT4,NISCH,PADI2,RAP2C,STARD13,TCAF1,ADGRG1,STK24,ROBO1"
"GO:BP","rhythmic process","GO:0048511","1.7461051660752147e-152","151.75792960274345","300","1691","206","21017","BMPR1B,AGRP,CLDN4,BHLHE40,MSTN,EREG,OGT,HDAC3,PER1,PAX4,SUV39H1,FOXO3,HCRTR2,PHLPP1,SLIT3,ROCK2,NCOR1,USP2,SLIT2,SOX14,SGPL1,EGFR,FSHB,GHRH,TNF,ESR1,AMH,CSF2,TP53,TYMS,PRKCG,CRH,TH,INHBA,ADRB1,F7,PARP1,NPS,NR2F6,TGFB3,TOP1,TOP2A,SRC,DRD2,CREB1,PDGFRA,KCNA2,TPH1,CHRNB2,EGR1,GABRB1,ATF4,NR1D1,NPR2,PTN,ZP3,DRD4,SFPQ,NFYA,NPPC,FSHR,ADORA2A,NOS3,PML,GNA11,AXL,ADORA1,OXTR,SLC6A4,HTR7,NOS2,DRD3,AHR,PPP1CC,SERPINF1,SREBF1,PPARG,ID1,OPRK1,OPRL1,LEP,KDM5C,HNF4A,MTOR,CASP3,CASP2,NAMPT,NKX2-1,MAPK8,MAPK9,NOTCH1,ID4,MTNR1A,MTNR1B,GSK3B,RORC,STAT5B,MAP2K6,MAPK10,PRKAA2,NAGLU,PER3,SIK1,PTEN,TGFB2,PPP1CA,RACK1,CSNK2A1,PRKDC,CDK5,NFKB2,HNRNPU,RELB,ID2,ID3,NHLH2,CREM,GFPT1,TYRO3,EGR3,PPARA,DHX9,ADCY1,EP300,DBP,TEF,KLF10,PRKAA1,NR1H3,TARDBP,CBX3,NR5A1,HDAC1,CUL4A,DYRK1A,PRKG1,HNRNPD,NR1D2,CDK5R1,NONO,NCOA2,TWIST1,NPY5R,NCOA1,ADIPOQ,EZH2,ZFHX3,ENOX2,RPE65,CRY1,CARTPT,AANAT,NTRK2,NFIL3,CYP1B1,PTPRN,NMS,CRTC1,SETX,GPR149,METTL3,PASD1,CCAR2,NLGN1,CIART,PROKR2,PIWIL2,ENOX1,PROKR1,PSPC1,RORB,HDAC2,PROX1,HAS2,KAT2B,USP7,SIRT1,BTBD9,NPAS2,RBM4B,MYBBP1A,RBM4,LGR4,HES7,CIPC,BHLHE41,ADNP,SUV39H2,PLEKHA1,PROK2,RETN,PPARGC1A,GHRL,SRRD,ADAMTS1,OPN4,MAGEL2,NOCT,FBXW11,FZD4,TIMELESS,BTRC,ATF5,THRAP3,MAGED1,TNFRSF11A"
"GO:BP","negative regulation of cell motility","GO:2000146","2.1160808034200476e-146","145.67446775260592","304","1691","203","21017","WASL,KRIT1,CCL21,ITGB1BP1,SMAD7,OGT,ALOX15B,CCL25,SPINT2,SRGAP3,KLF4,FOXO3,CXCL13,ZEB2,GREM1,MITF,SLIT2,BMP10,IL33,RECK,WNT11,ADA,C5,TIMP1,TGFB1,GNRH1,TNF,COL3A1,APOE,APOH,HRG,THY1,CD74,SEMG1,APOD,IL4,SERPINE1,DCN,THBS1,KRT16,FGF2,HMGB1,TPM1,HMOX1,TACSTD2,BCL2,BCR,CYP19A1,BMP4,CCL2,MIF,DRD2,BRAF,DPEP1,GJA1,ENG,IGFBP3,VCL,NF1,EPHA1,BMP5,FBLN1,PTPRG,SP100,MCC,IGFBP5,KLRK1,PTPRM,ADORA1,HOXA7,AKT1,PFN2,CTNNA1,NF2,PTGER4,TIE1,BMPR1A,SERPINF1,ACVRL1,PPARG,STAT3,CD200,NBL1,WAS,NKX2-1,NOTCH1,CXCL12,NOV,CX3CR1,MEOX2,DUSP3,ARHGDIB,STC1,SLURP1,AIF1,WNT4,NRG3,SYNJ2BP,PTEN,RAP2B,RHOB,CX3CL1,ADARB1,ARHGAP4,SEMG2,MEF2C,LRP1,ABCC8,BST2,HYAL2,PTPRJ,IL24,MAP2K5,NOG,ADAM15,PIN1,HDAC1,PRKG1,DPYSL3,GPR18,PTPRR,PTPRK,SHH,RGN,ADIPOQ,NFE2L2,RBBP7,CYP1B1,RNF20,DAB2IP,AP1AR,ARID2,IL27RA,VASH1,CLASP1,PODN,SRGAP1,PHLDB2,MAGI2,SULF1,SVBP,SFRP1,GCSAM,SCAI,ACVR1C,FLCN,SEMA6D,CYGB,PTPRU,HDAC2,HAS1,ADIPOR1,TP53INP1,MARVELD3,CERS2,SFRP2,C16ORF45,DLC1,TRIB1,NODAL,TBX5,CITED2,SPOCK3,CORO1B,FUZ,ABHD6,GTPBP4,OSBPL8,ING2,MMP28,CHRD,PTPN23,RNF41,RGCC,MMRN2,BRMS1,PLCB1,DLL4,CCL28,GPR173,C5AR2,ADAMTS9,CD300A,EVL,DACH1,RABGEF1,GDF2,ING1,PLXNB3,NDRG4,ZMYND8,CORO1C,STAP1,HDAC5,ANGPT4,NISCH,PADI2,RAP2C,STARD13,TCAF1,ADGRG1,STK24,ROBO1"
"GO:BP","negative regulation of cell migration","GO:0030336","1.9192576341542264e-139","138.7168667232419","288","1691","193","21017","WASL,KRIT1,CCL21,ITGB1BP1,SMAD7,OGT,ALOX15B,CCL25,SRGAP3,KLF4,FOXO3,CXCL13,ZEB2,GREM1,MITF,SLIT2,BMP10,IL33,RECK,WNT11,ADA,C5,TIMP1,TGFB1,GNRH1,TNF,COL3A1,APOE,APOH,HRG,THY1,CD74,APOD,IL4,SERPINE1,DCN,THBS1,KRT16,FGF2,HMGB1,TPM1,HMOX1,TACSTD2,BCL2,BCR,CYP19A1,BMP4,CCL2,MIF,DRD2,BRAF,DPEP1,GJA1,ENG,IGFBP3,VCL,NF1,EPHA1,BMP5,PTPRG,SP100,MCC,IGFBP5,KLRK1,PTPRM,ADORA1,HOXA7,AKT1,PFN2,NF2,PTGER4,TIE1,BMPR1A,SERPINF1,ACVRL1,PPARG,STAT3,CD200,NBL1,NKX2-1,NOTCH1,CXCL12,NOV,CX3CR1,MEOX2,DUSP3,ARHGDIB,STC1,SLURP1,AIF1,WNT4,NRG3,SYNJ2BP,PTEN,RAP2B,RHOB,CX3CL1,ADARB1,ARHGAP4,MEF2C,LRP1,ABCC8,BST2,HYAL2,PTPRJ,IL24,MAP2K5,NOG,ADAM15,HDAC1,PRKG1,DPYSL3,GPR18,PTPRR,PTPRK,SHH,ADIPOQ,NFE2L2,RBBP7,CYP1B1,RNF20,DAB2IP,ARID2,IL27RA,VASH1,CLASP1,PODN,SRGAP1,PHLDB2,MAGI2,SULF1,SVBP,SFRP1,GCSAM,SCAI,ACVR1C,FLCN,SEMA6D,CYGB,PTPRU,HDAC2,HAS1,ADIPOR1,TP53INP1,MARVELD3,CERS2,SFRP2,C16ORF45,DLC1,TRIB1,NODAL,TBX5,CITED2,CORO1B,FUZ,ABHD6,GTPBP4,OSBPL8,ING2,MMP28,CHRD,PTPN23,RNF41,RGCC,MMRN2,BRMS1,PLCB1,DLL4,CCL28,GPR173,C5AR2,ADAMTS9,CD300A,EVL,DACH1,RABGEF1,GDF2,ING1,PLXNB3,NDRG4,ZMYND8,CORO1C,STAP1,HDAC5,ANGPT4,NISCH,PADI2,RAP2C,STARD13,TCAF1,ADGRG1,STK24,ROBO1"
"GO:BP","negative regulation of growth","GO:0045926","8.877616881658996e-137","136.05170360111867","245","1691","177","21017","DDX3X,NRP1,MSTN,SEMA3E,ALOX15B,TP73,CYP27B1,GREM1,SLIT3,SEMA7A,NDUFS3,STC2,SLIT2,SEMA3D,KCNK2,BMP10,NTN1,SEMA4F,WNT11,TGFB1,CRYAB,RBP4,HRG,TP53,MT1A,RB1,ENO1,SERPINE2,MT1B,ADRB2,INHBA,ADRB1,FBP1,HSPA1A,BCL2,SPP1,MYL2,G6PD,MT1G,ADRB3,GJA1,WT1,ENPP1,FGFR3,IGFBP5,MT3,MSX1,PML,PPP2R1A,SLC6A4,CDA,PHB,ACVR1B,ACVRL1,PPARG,BCL6,WNT5A,HNF4A,CDKN2A,CDKN2C,DCC,CDKN1B,BDKRB1,NOV,GSK3A,GNG4,PPT1,SMARCA2,SMARCA4,GPC3,PLXNA3,CDKN2D,CAV3,WNT3,WNT3A,SESN2,PTEN,OSTN,TGFB2,RACK1,PPP2CA,MT1H,MT1X,SMAD3,DAB2,ARHGAP4,CDK5,PPARA,BST2,HYAL1,HYAL2,PTPRJ,STK4,STK3,SEMA3B,NOG,SEMA3F,ADAM15,SEMA5A,BMPR2,SERTAD2,MAPK11,STK11,CCDC85B,RBBP7,HIF1A,NAIF1,WWC2,JADE1,CAPRIN2,TRIM40,PSRC1,CRLF3,DCUN1D3,WWC1,ULK2,SPG20,CCAR2,MT1M,SFRP1,DRAXIN,SEMA6D,PNPT1,ST7L,ING5,ESR2,SEMA4D,MUL1,ADIPOR1,RERG,DACT3,EAF2,SIPA1,SFRP2,DCBLD2,SCGB3A1,PPP1R9B,LGMN,TBX5,CITED2,SEMA3C,TCHP,BBS2,RTN4R,SEMA4C,BCL11A,DCSTAMP,SEMA6A,TSPYL2,SEMA4A,SEMA6C,SEMA6B,SAV1,SOX17,WFDC1,SEMA4B,RTN4,SEMA3G,SEMA4G,CDKN2AIP,PLAC8,NDUFA13,SH3BP4,SEMA5B,NDRG3,IP6K2,SERTAD3,OSGIN1,GDF2,ING1,WWC3,ING4,OSGIN2,RNF6,TP53TG5,CTDP1,TLL2"
"GO:BP","signal release","GO:0023061","3.649191651399301e-136","135.43780332738365","493","1691","246","21017","SNAP23,STXBP3,WNT7A,DVL1,UNC13B,LIN7A,CASK,SYN3,SNPH,VGF,SYNJ1,SYT7,HCRT,KALRN,PARK2,PPFIA3,RAB11FIP3,STX11,DGKI,SNCG,BAIAP3,TSPOAP1,SNAPIN,EGFR,F2,SPINK1,POMC,GHRH,INS,TNF,IFNG,IL1B,FGA,FGB,FGG,RBP4,ANXA1,INHA,PRKCG,IL6,EDN1,PRKCB,CRH,LYN,INHBA,ADRA2A,NMB,INHBB,SPP1,PRKAR1A,CHGA,CYP19A1,CCL5,OSM,EDN3,MIF,DRD2,LIF,BRAF,CREB1,PPP3CB,KCNA2,ATP2A2,GJA1,SYN1,PRKACA,CHRNB2,PFKL,ADRA2B,ADCYAP1,ADRA2C,RAB3A,RAB5A,NR1D1,TRH,IL11,NF1,TACR2,CNR1,SYT1,COMT,GAL,CRHBP,EDNRB,F2R,HTR1B,HTR2A,HTR2C,CD38,ADORA2A,GNA11,ADORA1,OXTR,SRI,CHRNB4,SLC6A4,CHRNA3,STX2,PFN2,NOS2,PTGS2,OPRM1,DRD3,IRS1,HNF1B,SOX11,SREBF1,PPARG,SNCA,GDNF,OPRK1,LEP,HNF4A,P2RY1,CXCL12,NOV,MTNR1B,CPT1A,PPT1,MAP2K6,NAPA,F2RL1,UCP2,FOXL2,SNAP25,STX1B,STXBP1,VSNL1,RAP1A,VAMP2,FKBP1B,ASIC1,ABAT,DAB2,CDK5,PRKCE,GHRHR,PTPN11,BTK,MEF2C,FMR1,SOX4,PPP3CA,ABCC8,REST,TARDBP,STX3,SCRIB,DOC2A,DOC2B,ITPR1,KCNJ11,KCNB1,GRM4,RAB3GAP1,PRKD1,GPR68,STXBP2,ADIPOQ,GRIK5,CRY1,CARTPT,SLC18A3,STX1A,HIF1A,HADH,PTPRN,HFE,MIDN,FFAR4,LRRK2,SNAP47,SYT6,CPLX2,RAB11FIP1,SYT10,BMP8A,CPLX4,SYT9,RIMS1,CADPS2,PIM3,KCNMB4,SYT12,NDUFAF2,NLGN1,SFRP1,PNKD,STX19,JAGN1,UNC13C,SYT8,ACVR1C,BRSK1,SYN2,PTPRN2,BAD,SYTL4,DTNBP1,WNK4,VPS35,NR1H4,PARK7,GPER1,P2RX7,SEPT5,NKX3-1,SYT3,SYT15,SYT11,VAMP8,RBM4,RAB11FIP5,C1QTNF1,C1QTNF3,FGF23,SYT4,PTPN23,DNAJC5,RIMS4,SLC32A1,OTOF,NPVF,RETN,ENY2,PLCB1,TCF7L2,CHD7,NRXN2,GHRL,RIMS3,BLOC1S6,NRXN1,FZD4,UNC13A,CAMK2A,FOXA2,STXBP5L,NRXN3,IRS2,HRH3,SIRT4,SNCAIP,SLC30A1,TNFRSF11A,PCLO"
"GO:BP","negative regulation of response to external stimulus","GO:0032102","3.5878149019797604e-118","117.44516997062304","403","1691","208","21017","ACOD1,LGALS9,TRIM38,TRAFD1,DVL1,NRP1,CASK,SEMA3E,KLF4,CXCL13,GREM1,SOCS5,SEMA7A,PGLYRP1,PPM1B,SLIT2,SEMA3D,SEMA4F,IL33,SOD1,F2,PLG,F12,ADA,C5,PDGFB,TGFB1,INS,TNF,IL2RA,APOA1,APOE,FGA,FGB,FGG,APCS,APOH,LTF,KLKB1,PROC,PDGFA,HRG,KRT1,IGF1,IL4,SERPINB2,SERPINE1,SERPING1,ISG15,EDN1,RB1,SERPINE2,GPX1,THBD,PROS1,LYN,THBS1,ELANE,PTPRC,SERPINF2,FGF2,GSTP1,PARP1,SPP1,BCR,PIM1,CYP19A1,SRC,CCL2,CEACAM1,HLA-E,MIF,DRD2,SPN,PDGFRA,HLA-G,PTPN2,CR1,TSPAN8,PLCG1,TRIM21,NFKB1,NR1D1,TNFAIP3,DRD1,IL10,ZFP36,KLRK1,PSMB4,ADORA2A,PTPN6,IL12B,NOS3,ADORA1,PRDX2,ARRB2,IL13,PTGER4,DRD3,AHR,PPARG,RPS19,CD96,STAT3,CD200,WNT5A,NBL1,NOTCH1,SERPINB4,NOV,SERPINB9,DUSP3,PLXNA3,AIF1,NR1H2,WNT3,WNT3A,WNT4,NLRP6,NLRP12,PTEN,CX3CL1,HAMP,SMAD3,SLC6A3,PPARD,PLAUR,PRKCD,TYRO3,C1QBP,PPARA,FOXF1,NR1H3,MAPK7,SEMA3B,GPS2,SEMA3F,NMI,GPR17,SEMA5A,PRKG1,GPR18,NR1D2,TARBP2,NPY5R,ADIPOQ,IFI16,MICB,PYDC2,FFAR4,TNFAIP8L2,RHBDF2,IL20RB,NLRC3,MAVS,CLASP1,PHLDB2,METTL3,NLRX1,NLRC5,SEMA6D,HAVCR2,TRAF3IP1,ADAMTS18,UBASH3B,CACTIN,SMPDL3B,SEMA4D,MUL1,DHX58,CERS2,CPB2,VPS35,NR1H4,TRIB1,GPER1,SEMA3C,CORO1B,NDFIP1,SYT11,C1QTNF1,C1QTNF3,RTN4R,FOXP3,SEMA4C,LACRT,MMP28,SEMA6A,SEMA4A,SEMA6C,SEMA6B,WFDC1,SEMA4B,SPINK5,CYLD,SEMA3G,SEMA4G,SEMA5B,C5AR2,NFKBIL1,GHRL,RABGEF1,NRXN1,STAP1,VSIG4,PADI2,IRAK3,ROBO1"
"GO:BP","negative regulation of protein localization","GO:1903828","8.796430288411544e-118","117.05569353473278","212","1691","153","21017","FZD9,WWP2,ITGB1BP1,TAX1BP3,DCLK1,LEPROT,PARK2,SNX3,ROCK2,ASTN2,RAB11FIP3,LYPLA1,BAG4,POLR1A,TGFB1,INS,IL1B,APOE,HMGCR,APOD,ADRA2A,INHBB,TXN,MAPT,CHGA,DRD2,KCNE1,CD36,RHOQ,PFKL,NF1,DRD4,SP100,F2R,IL12A,IL12B,ERP29,GDI1,DNAJA1,AKT1,GBP1,CTNNA1,OPRM1,DRD3,IRS1,ACTN2,SREBF1,CD200,CSK,MTOR,RANGAP1,NOV,MTNR1B,NUMB,GSK3B,TERF1,F2RL1,UCP2,CAV3,CLDN18,UBE2G2,PKIA,ARF6,VSNL1,SUMO1,FKBP1B,DAB2,CDK5,CLTC,PTPN11,BCL2L1,PPP3CA,DMTN,ABCC8,REST,NR1H3,PPFIA1,OS9,GPM6B,PICALM,TRIM29,KCNJ11,KCNB1,PPP2R5A,ANGPT1,ADIPOQ,HADH,MIDN,PKDCC,LRRK2,YOD1,OTUD7B,TRIM40,RHBDF2,USP17L2,RAB11FIP1,PID1,BMP8A,PIM3,SIAH3,TP53INP2,NDUFAF2,PIAS4,SFRP1,JAGN1,COMMD1,UBAC2,ACVR1C,FLCN,SVIP,LILRB4,LRRC15,SNX33,RSAD2,RSC1A1,TMBIM1,SYTL4,RHBDF1,ERLEC1,DPH3,WNK4,NEDD4L,DERL3,VPS35,PARK7,CHP1,BARD1,LZTS2,INPP5K,NDFIP1,RAB11FIP5,TMEM59,WNK3,DCLK3,DERL2,SYT4,WNK1,GOPC,ENY2,LZTFL1,NDFIP2,CABP1,MDFIC,GHRL,SERGEF,RAB23,SUFU,SNX12,PKIG,STXBP5L,UBE2J1,MAGED1,SIRT4"
"GO:BP","negative regulation of cell growth","GO:0030308","1.1848892182111971e-107","106.92632225232782","191","1691","139","21017","DDX3X,NRP1,SEMA3E,CYP27B1,GREM1,SLIT3,SEMA7A,NDUFS3,SLIT2,SEMA3D,BMP10,NTN1,SEMA4F,WNT11,TGFB1,CRYAB,HRG,TP53,RB1,ENO1,SERPINE2,INHBA,FBP1,HSPA1A,BCL2,SPP1,MYL2,G6PD,GJA1,WT1,ENPP1,MT3,MSX1,PML,PPP2R1A,CDA,PHB,ACVR1B,ACVRL1,PPARG,BCL6,WNT5A,HNF4A,CDKN2A,CDKN2C,DCC,CDKN1B,BDKRB1,NOV,GSK3A,GNG4,PPT1,SMARCA2,SMARCA4,PLXNA3,CDKN2D,CAV3,WNT3,WNT3A,SESN2,OSTN,TGFB2,RACK1,PPP2CA,SMAD3,DAB2,ARHGAP4,CDK5,PPARA,BST2,HYAL1,HYAL2,PTPRJ,SEMA3B,SEMA3F,ADAM15,SEMA5A,BMPR2,SERTAD2,STK11,CCDC85B,RBBP7,NAIF1,JADE1,CAPRIN2,TRIM40,PSRC1,CRLF3,DCUN1D3,ULK2,SPG20,CCAR2,SFRP1,DRAXIN,SEMA6D,ST7L,ESR2,SEMA4D,MUL1,ADIPOR1,RERG,DACT3,EAF2,SIPA1,SFRP2,DCBLD2,SCGB3A1,PPP1R9B,SEMA3C,TCHP,RTN4R,SEMA4C,BCL11A,DCSTAMP,SEMA6A,TSPYL2,SEMA4A,SEMA6C,SEMA6B,SOX17,WFDC1,SEMA4B,RTN4,SEMA3G,SEMA4G,CDKN2AIP,NDUFA13,SH3BP4,SEMA5B,NDRG3,IP6K2,SERTAD3,OSGIN1,GDF2,ING1,OSGIN2,RNF6,TP53TG5,CTDP1"
"GO:BP","negative regulation of secretion","GO:0051048","1.4853984490453314e-106","105.82815703388171","168","1691","130","21017","LGALS9,STXBP3,KALRN,PARK2,RAB11FIP3,VPS4B,ADA,EGF,INS,TNF,IL1B,APOE,HMGCR,ANXA1,CD74,INHA,EDN1,CRH,INHBA,ADRA2A,NMB,INHBB,CHGA,BCR,CEACAM1,OSM,DRD2,LIF,BRAF,GJA1,PFKL,ADRA2B,ADRA2C,TRH,IL11,NF1,TACR2,CNR1,ERBB3,DRD4,CRHBP,F2R,HTR1B,IL12A,IL12B,ERP29,ADORA1,OPRM1,DRD3,IRS1,SREBF1,SNCA,OPRK1,LEP,CD200,CCR2,PTGER3,NOTCH1,P2RY1,NOV,MTNR1B,RAB7A,F2RL1,UCP2,VSNL1,RAP1A,FKBP1B,CYP4F2,ASIC1,ABAT,NRG1,PTPN11,FMR1,PPP3CA,ABCC8,FOXF1,PLA2R1,REST,NR1H3,PRKG1,IL13RA2,KCNJ11,KCNB1,GRM7,NPY5R,VAMP3,ADIPOQ,CRY1,CARTPT,HADH,MIDN,FFAR4,RHBDF2,NPSR1,RAB11FIP1,BMP8A,PIM3,NDUFAF2,CBARP,SFRP1,PNKD,JAGN1,ACVR1C,STXBP6,RSAD2,SYTL4,RHBDF1,DPH3,WNK4,SPX,SYT11,VAMP8,RAB11FIP5,WNK3,FGF23,RAB33B,SYT4,WNK1,NPVF,ENY2,GHRL,STK39,SERGEF,CD300A,CD84,RABGEF1,STXBP5L,HRH3,SIRT4,SLC30A1"
"GO:BP","circadian rhythm","GO:0007623","1.4113276680681832e-105","104.8503721443511","207","1691","143","21017","AGRP,CLDN4,BHLHE40,OGT,HDAC3,PER1,PAX4,SUV39H1,HCRTR2,PHLPP1,ROCK2,NCOR1,USP2,SOX14,EGFR,GHRH,TNF,CSF2,TP53,TYMS,PRKCG,CRH,TH,ADRB1,F7,PARP1,NPS,NR2F6,TOP1,TOP2A,DRD2,CREB1,KCNA2,TPH1,CHRNB2,EGR1,ATF4,NR1D1,DRD4,SFPQ,ADORA2A,PML,GNA11,ADORA1,SLC6A4,HTR7,NOS2,DRD3,AHR,PPP1CC,SREBF1,PPARG,ID1,OPRL1,LEP,HNF4A,MTOR,NAMPT,NKX2-1,MAPK8,MAPK9,ID4,MTNR1A,MTNR1B,GSK3B,RORC,MAPK10,PRKAA2,NAGLU,PER3,SIK1,PTEN,PPP1CA,PRKDC,HNRNPU,RELB,ID2,ID3,GFPT1,EGR3,PPARA,ADCY1,EP300,KLF10,PRKAA1,NR1H3,TARDBP,HDAC1,DYRK1A,PRKG1,HNRNPD,NR1D2,NONO,NCOA2,ADIPOQ,EZH2,ZFHX3,RPE65,CRY1,CARTPT,AANAT,NTRK2,NFIL3,NMS,CRTC1,SETX,METTL3,PASD1,CCAR2,NLGN1,CIART,PROKR2,PIWIL2,PROKR1,PSPC1,RORB,HDAC2,PROX1,USP7,SIRT1,BTBD9,NPAS2,RBM4B,MYBBP1A,RBM4,LGR4,CIPC,BHLHE41,SUV39H2,PROK2,PPARGC1A,GHRL,SRRD,OPN4,MAGEL2,NOCT,FBXW11,TIMELESS,BTRC,ATF5,THRAP3,MAGED1,TNFRSF11A"
"GO:BP","regulation of lymphocyte activation","GO:0051249","1.1087116021879862e-103","102.95518140774344","497","1691","216","21017","LGALS9,AP3B1,TLR4,CCL21,SOCS6,TNFRSF13B,SMAD7,PDPK1,FOXO3,TNFSF14,SOCS5,PGLYRP1,PRDM1,PDE5A,RASGRP1,CRTAM,BCL10,SOD1,ABL1,ADA,TGFB1,IFNA2,IFNB1,IFNG,IL1B,EPO,IL2RA,ANXA1,PRNP,THY1,CD74,ERBB2,IGF1,INHA,IL4,IL6,LCK,HLA-DOA,LYN,CD55,CTSG,INHBA,PTPRC,HMGB1,RARA,BCL2,PRKAR1A,IRF1,SCGB1A1,BMP4,SRC,CCL2,CCL5,HLA-E,MIF,IDO1,BRAF,CD19,VAV1,CD46,SPN,IL7R,CEBPB,HLA-G,PTPN2,CHRNB2,CR1,LAG3,TNFAIP3,KITLG,ZP3,IL10,GAL,TNFSF4,IL4R,KLRK1,CD27,ITPKB,CD38,ADORA2A,PTPN6,IL12A,IL12B,AXL,CORO1A,SDC4,AKT1,PRDX2,CCR7,CTNNB1,IL13,SFTPD,SOX11,AHR,TGFBR2,LEP,BCL6,MNDA,CSK,CCR2,CD86,STAT6,MTOR,CASP3,CDKN2A,MSH2,TNFRSF4,XCL1,MMP14,DUSP3,SMARCA2,SMARCA4,STAT5B,JAK3,AIF1,WNT3A,TIRAP,B2M,PRKDC,ID2,ZBTB16,PTPN11,BTK,MEF2C,TYRO3,EGR3,SOX4,TNFRSF9,ZFP36L1,PPP3CA,ZP4,MERTK,DLG1,FADD,SLAMF1,ATM,SCRIB,LRRC32,GAS6,HES1,IHH,HLX,GPNMB,AGER,IRF4,SHB,SHH,RHOH,PKN1,HFE,TIGIT,ZC3H12A,RC3H1,PIK3R6,IL23R,ARID2,TNFAIP8L2,BLOC1S3,IL27RA,CLEC4G,IL20RB,NRARP,VTCN1,METTL3,TICAM2,DTX1,IFNL1,TICAM1,TBC1D10C,LAX1,LILRB2,SFRP1,ZC3H8,BANK1,LILRB4,NFKBID,HAVCR2,MZB1,BTN2A2,PIBF1,HSPH1,INPP5D,BAD,FOXJ1,TNFRSF14,PELI1,PAWR,PGLYRP3,NLRP3,PGLYRP2,TSPAN32,CCL19,NDFIP1,FANCD2,PLA2G2F,FOXP3,RNF41,IL21,IL23A,SPINK5,CYLD,TLR9,SAMSN1,PAG1,CD274,CD300A,MAD2L2,BLOC1S6,PYCARD,TNFSF18,PLA2G2D,VSIG4,PTPN22,FBXO7,IRS2,MAD1L1"
"GO:BP","negative regulation of cell activation","GO:0050866","9.998325859950633e-103","102.0000727130653","207","1691","141","21017","LGALS9,SOCS6,TNFRSF13B,SMAD7,SOCS5,PGLYRP1,PDE5A,CRTAM,F2,PDGFB,TGFB1,IFNA2,IFNB1,IL2RA,APOE,FN1,ANXA1,PDGFA,PRNP,CD74,ERBB2,INHA,IL4,SERPINE2,THBD,LYN,CTSG,INHBA,PTPRC,HMGB1,PRKAR1A,IRF1,SCGB1A1,BMP4,CEACAM1,HLA-E,IDO1,SPN,PDGFRA,FER,BPI,CEBPB,HLA-G,PTPN2,CR1,LAG3,NR1D1,CNR1,TNFAIP3,IL10,GAL,TNFSF4,IL4R,ADORA2A,PTPN6,NOS3,AXL,SDC4,PRDX2,CNR2,SFTPD,SOX11,BCL6,CD200,MNDA,CASP3,CDKN2A,XCL1,DUSP3,JAK3,CX3CL1,ID2,PRKCD,BTK,TYRO3,MERTK,DLG1,NR1H3,ATM,PRKG1,SCRIB,LRRC32,IHH,HLX,GPNMB,SHH,PKN1,HFE,TIGIT,ZC3H12A,RC3H1,TNFAIP8L2,CLEC4G,IL20RB,NRARP,MILR1,VTCN1,ZBTB46,DTX1,IFNL1,TBC1D10C,LAX1,ADGRF5,LILRB2,SFRP1,ZC3H8,BANK1,LILRB4,IL31RA,HAVCR2,CD300LF,ADAMTS18,UBASH3B,BTN2A2,CYGB,PIBF1,INPP5D,FOXJ1,TNFRSF14,PELI1,PAWR,PGLYRP3,PGLYRP2,TSPAN32,GPER1,NDFIP1,SYT11,C1QTNF1,PLA2G2F,FOXP3,SAMSN1,PAG1,CD274,CD300A,CD84,RABGEF1,PLA2G2D,VSIG4,PTPN22,FBXO7,MAD1L1"
"GO:BP","regulation of cell-cell adhesion","GO:0022407","8.310831715489136e-101","100.08035551155011","478","1691","209","21017","LGALS9,AP3B1,CCL21,SOCS6,SMAD7,CCL25,PDPK1,SPINT2,KLF4,FOXO3,TNFSF14,CXCL13,SOCS5,PDE5A,RASGRP1,FSTL3,CRTAM,BCL10,ABL1,PLG,ADA,TGFB1,TNF,IFNA2,IFNB1,IFNG,IL1B,EPO,IL2RA,APOA1,FGA,FGB,FGG,ANXA1,PRNP,THY1,CD74,ERBB2,IGF1,IL4,IL6,LCK,HLA-DOA,SERPINE2,LYN,CD55,ELANE,CTSG,PTPRC,SERPINF2,PKHD1,HMGB1,RARA,PRKAR1A,IRF1,SCGB1A1,BMP4,SRC,CCL2,CCL5,CEACAM1,HLA-E,IDO1,ETS1,VAV1,HTN1,CD46,VEGFA,SPN,IL7R,CEBPB,HLA-G,PTPN2,CR1,BMP7,LAG3,KITLG,ZP3,IL10,TNFSF4,IL4R,KLRK1,CD27,ITPKB,ADORA2A,PTPN6,IL12A,IL12B,CORO1A,SDC4,AKT1,PRDX2,CCR7,NF2,RDX,SFTPD,TGFBR2,LEP,BCL6,WNT5A,CSK,CCR2,CD86,MTOR,CASP3,CDKN2A,NOTCH1,XCL1,CXCL12,DUSP3,SMARCA2,SMARCA4,IRAK1,STAT5B,JAK3,AIF1,WNT3A,WNT4,B2M,CX3CL1,PLAUR,PTK2,ZBTB16,PRKCD,PTPN11,EGR3,SOX4,PPARA,PPP3CA,ZP4,ANK3,DLG1,FADD,MAP2K5,MAPK7,SLAMF1,PRKG1,SCRIB,LRRC32,HES1,IHH,HLX,GPNMB,AGER,SHB,SHH,RHOH,ADIPOQ,HFE,TIGIT,ZC3H12A,RC3H1,PIK3R6,IL23R,ARID2,TNFAIP8L2,CLEC4G,IL20RB,NRARP,VTCN1,METTL3,DTX1,IFNL1,LAX1,LILRB2,ZC3H8,LILRB4,NFKBID,HAVCR2,ADAMTS18,UBASH3B,BTN2A2,HSPH1,PTPRU,HAS2,BAD,FOXJ1,TNFRSF14,PELI1,PAWR,NLRP3,TSPAN32,NODAL,CCL19,CITED2,NDFIP1,C1QTNF1,GTPBP4,PLA2G2F,FOXP3,VPS33B,PTPN23,WNK1,RGCC,IL21,IL23A,CYLD,CCL28,PAG1,CD274,CD300A,MAD2L2,PYCARD,PLA2G2D,FOXA2,VSIG4,PTPN22,F11R,MAD1L1"
"GO:BP","negative regulation of cell development","GO:0010721","1.1616955173289449e-99","98.9349076864654","279","1691","160","21017","TLR4,TNFRSF11B,WNT7A,NRP1,SEMA3E,SMAD7,TLR3,SNAI2,LILRB3,SOCS5,SEMA7A,PGLYRP1,SEMA3D,NTN1,FSTL3,SEMA4F,F2,MYC,TGFB1,TNF,IFNA2,IFNB1,IL1B,APCS,LTF,ANXA1,THY1,CD74,ERBB2,TP53,IGF1,INHA,IL4,IL6,RB1,LYN,INHBA,HMGB1,WEE2,CCL3,RARA,SPP1,IRF1,IAPP,BMP4,CEACAM1,VEGFA,HLA-G,PTPN2,CR1,BMP7,LAG3,NR1D1,NPR2,PTN,NF1,TNFSF4,NPPC,GATA2,IL4R,EDNRB,MT3,PIK3R1,GDI1,HOXA7,PRDX2,CTNNA1,CTNNB1,NF2,DRD3,FBN1,SOX11,BMPR1A,HSPA9,BCL6,WNT5A,CDKN2A,DCC,NOTCH1,ID4,GSK3A,GSK3B,PLXNA3,JAK3,CAV3,WNT3,WNT3A,CLDN18,PTEN,B2M,ARHGAP4,CDK5,ID2,PPP3CA,ABCC8,REST,SEMA3B,NOG,SEMA3F,SEMA5A,CUL4A,TOB2,HES1,IHH,HLX,SHB,SHH,GPR68,ADIPOQ,CARTPT,TMEM176B,ZC3H12A,RC3H1,CLEC4G,NRARP,ZBTB46,DTX1,IFNL1,ZFPM1,ULK2,SPG20,SFRP1,ZC3H8,DRAXIN,TMEM178A,TRPV1,SEMA6D,LILRB4,ZNF675,UBASH3B,PROX1,INPP5D,SEMA4D,FOXJ1,TRIM11,CERS2,TMEM176A,PGLYRP3,PGLYRP2,TRIB1,NODAL,SEMA3C,RTN4R,FOXP3,SEMA4C,BCL11A,SYT4,SEMA6A,SEMA4A,SEMA6C,SEMA6B,SEMA4B,RTN4,SEMA3G,SEMA4G,SEMA5B,RNF6,GPR55,FBXO7,MAFB"
"GO:BP","negative regulation of secretion by cell","GO:1903531","1.9090642518936078e-94","93.7191794546481","148","1691","115","21017","LGALS9,STXBP3,KALRN,PARK2,RAB11FIP3,VPS4B,INS,IL1B,APOE,HMGCR,ANXA1,INHA,EDN1,CRH,INHBA,ADRA2A,NMB,INHBB,CHGA,BCR,CEACAM1,OSM,DRD2,LIF,BRAF,GJA1,PFKL,ADRA2B,ADRA2C,TRH,IL11,NF1,TACR2,CNR1,DRD4,CRHBP,F2R,HTR1B,IL12A,IL12B,ERP29,ADORA1,OPRM1,DRD3,IRS1,SREBF1,SNCA,OPRK1,LEP,CD200,CCR2,NOTCH1,P2RY1,NOV,MTNR1B,RAB7A,F2RL1,UCP2,VSNL1,RAP1A,FKBP1B,ASIC1,ABAT,PTPN11,FMR1,PPP3CA,ABCC8,FOXF1,REST,NR1H3,PRKG1,IL13RA2,KCNJ11,KCNB1,GRM7,NPY5R,VAMP3,ADIPOQ,CRY1,CARTPT,HADH,MIDN,FFAR4,RHBDF2,RAB11FIP1,BMP8A,PIM3,NDUFAF2,CBARP,SFRP1,PNKD,JAGN1,ACVR1C,STXBP6,RSAD2,SYTL4,RHBDF1,DPH3,SYT11,VAMP8,RAB11FIP5,FGF23,RAB33B,SYT4,NPVF,ENY2,GHRL,SERGEF,CD300A,CD84,RABGEF1,STXBP5L,HRH3,SIRT4,SLC30A1"
"GO:BP","negative regulation of leukocyte activation","GO:0002695","1.3249386943049142e-91","90.8778042163242","185","1691","126","21017","LGALS9,SOCS6,TNFRSF13B,SMAD7,SOCS5,PGLYRP1,PDE5A,CRTAM,TGFB1,IFNA2,IFNB1,IL2RA,FN1,ANXA1,PRNP,CD74,ERBB2,INHA,IL4,LYN,CTSG,INHBA,PTPRC,HMGB1,PRKAR1A,IRF1,SCGB1A1,BMP4,HLA-E,IDO1,SPN,FER,BPI,CEBPB,HLA-G,PTPN2,CR1,LAG3,NR1D1,CNR1,TNFAIP3,IL10,GAL,TNFSF4,IL4R,ADORA2A,PTPN6,AXL,SDC4,PRDX2,CNR2,SFTPD,SOX11,BCL6,CD200,MNDA,CASP3,CDKN2A,XCL1,DUSP3,JAK3,CX3CL1,ID2,BTK,TYRO3,MERTK,DLG1,NR1H3,ATM,SCRIB,LRRC32,IHH,HLX,GPNMB,SHH,PKN1,HFE,TIGIT,ZC3H12A,RC3H1,TNFAIP8L2,CLEC4G,IL20RB,NRARP,MILR1,VTCN1,ZBTB46,DTX1,IFNL1,TBC1D10C,LAX1,ADGRF5,LILRB2,SFRP1,ZC3H8,BANK1,LILRB4,IL31RA,HAVCR2,CD300LF,BTN2A2,PIBF1,INPP5D,FOXJ1,TNFRSF14,PELI1,PAWR,PGLYRP3,PGLYRP2,TSPAN32,GPER1,NDFIP1,SYT11,PLA2G2F,FOXP3,SAMSN1,PAG1,CD274,CD300A,CD84,RABGEF1,PLA2G2D,VSIG4,PTPN22,FBXO7,MAD1L1"
"GO:BP","regulation of hemopoiesis","GO:1903706","1.6665447451666726e-90","89.77818302144654","420","1691","186","21017","LGALS9,AP3B1,TLR4,TNFRSF11B,MEIS1,DLL1,SMAD7,TLR3,FOXO3,SNAI2,LILRB3,MITF,SOCS5,PGLYRP1,PRDM1,RASGRP1,FSTL3,CRTAM,SOD1,ABL1,ADA,MYC,TGFB1,FSHB,TNF,IFNA2,IFNB1,IFNG,IL2RA,APCS,PF4,LTF,ANXA1,CD74,ERBB2,INHA,IL4,ISG15,HLA-DOA,RB1,LYN,INHBA,PTPRC,HMGB1,HSPA1A,CCL3,RARA,IRF1,IAPP,BMP4,CEACAM1,ETS1,LIF,BRAF,CD46,CREB1,IL7R,HOXB8,CEBPB,HLA-G,PTPN2,CR1,LAG3,HOXA5,PTN,NF1,KITLG,IL10,TNFSF4,GATA2,FSHR,IL4R,NFKBIA,ZFP36,CD27,PIK3R1,ITPKB,PTPN6,IL12B,AXL,HOXA7,HOXA9,PRDX2,CTNNB1,FBN1,ACVR1B,TGFBR2,HSPA9,STAT3,BCL6,CCR2,CD86,STAT1,MTOR,CDKN2A,MMP14,SMARCA2,SMARCA4,STAT5B,JAK3,CLDN18,B2M,PRKDC,ROR2,ID2,ZBTB16,BTK,MEF2C,GABPA,EGR3,SOX4,ZFP36L1,PPP3CA,KLF10,FADD,CUL4A,TOB2,PTK2B,GAS6,IHH,HLX,AGER,IRF4,SHB,SHH,RHOH,GPR68,ADIPOQ,CARTPT,HIF1A,TMEM176B,ZC3H12A,RC3H1,PIK3R6,IL23R,ARID2,CDC73,CTR9,CLEC4G,NRARP,METTL3,LDB1,ZBTB46,DTX1,IFNL1,ZFPM1,LILRB2,SFRP1,ZC3H8,PAF1,TMEM178A,LILRB4,NFKBID,ZNF675,UBASH3B,LEO1,BTN2A2,ING5,INPP5D,BAD,FOXJ1,RAB7B,TMEM176A,PGLYRP3,NLRP3,PGLYRP2,TRIB1,RBM15,CCL19,CIB1,PRMT1,NDFIP1,FANCD2,FOXP3,DCSTAMP,RNF41,IL23A,SPINK5,CYLD,TLR9,CTNNBIP1,GPR55,KLF13,FBXO7,MAFB,TNFRSF11A"
"GO:BP","regulation of cell growth","GO:0001558","2.071984058585588e-90","89.68361359028538","425","1691","187","21017","SDCBP,DDX3X,NRP1,SEMA3E,SMAD7,CYP27B1,PARK2,GREM1,SLIT3,SEMA7A,NDUFS3,PSMD10,SLIT2,SEMA3D,BMP10,NTN1,SEMA4F,WNT11,ABL1,EGFR,F2,TGFB1,INS,CRYAB,APOE,FN1,HRG,ERBB2,TP53,IGF1,EDN1,RB1,ENO1,SERPINE2,INHBA,FBP1,HSPA1A,BCL2,SPP1,MAPT,MYL2,G6PD,CEACAM1,VEGFA,GJA1,IGFBP3,WT1,SYT1,ENPP1,IGFBP5,MT3,MSX1,CD38,PML,PPP2R1A,GDI1,AKT1,CDA,PHB,ACVR1B,ACVRL1,PPARG,BCL6,WNT5A,HNF4A,MTOR,CDKN2A,CDKN2C,DCC,CDKN1B,BDKRB1,MAP1B,CXCL12,NOV,GSK3A,GSK3B,GNG4,MMP14,PPT1,SMARCA2,SMARCA4,PLXNA3,CDKN2D,CAV3,WNT3,WNT3A,NRG3,SESN2,OSTN,TGFB2,RACK1,PPP2CA,CSNK2A1,SMAD3,DAB2,ARHGAP4,CDK5,NRG1,PPARA,BST2,HYAL1,HYAL2,PTPRJ,AKAP6,TRIM32,MAP2K5,SEMA3B,SEMA3F,ADAM15,CAMK2D,SEMA5A,BMPR2,SERTAD2,PTK2B,STK11,CCDC85B,RBBP7,NAIF1,JADE1,CAPRIN2,CDC73,TRIM40,PSRC1,RIMS1,CRLF3,DCUN1D3,ULK2,SPG20,CCAR2,SFRP1,DRAXIN,SEMA6D,ST7L,ING5,ESR2,SEMA4D,MUL1,ADIPOR1,RERG,DACT3,EAF2,SIPA1,SFRP2,DCBLD2,NEDD4L,SCGB3A1,PPP1R9B,CIB1,SEMA3C,SYT3,TCHP,RTN4R,SEMA4C,DERL2,BCL11A,DCSTAMP,SYT4,SEMA6A,TSPYL2,ADNP,SEMA4A,SEMA6C,SEMA6B,SOX17,WFDC1,SEMA4B,RTN4,SEMA3G,SEMA4G,CDKN2AIP,NDUFA13,SH3BP4,SEMA5B,NDRG3,IP6K2,MAD2L2,ZNF639,SERTAD3,OSGIN1,GDF2,ING1,ING4,UNC13A,OSGIN2,RNF6,TP53TG5,CTDP1"
"GO:BP","negative regulation of establishment of protein localization","GO:1904950","9.037917951669702e-90","89.04393160561368","127","1691","104","21017","WWP2,ITGB1BP1,PARK2,SNX3,RAB11FIP3,LYPLA1,BAG4,INS,IL1B,APOE,HMGCR,APOD,ADRA2A,INHBB,TXN,MAPT,CHGA,DRD2,KCNE1,CD36,PFKL,NF1,DRD4,SP100,F2R,IL12A,IL12B,ERP29,GDI1,DNAJA1,OPRM1,DRD3,IRS1,SREBF1,CD200,CSK,RANGAP1,NOV,MTNR1B,TERF1,F2RL1,UCP2,UBE2G2,PKIA,VSNL1,SUMO1,FKBP1B,CDK5,PTPN11,PPP3CA,DMTN,ABCC8,REST,NR1H3,OS9,KCNJ11,KCNB1,ANGPT1,ADIPOQ,HADH,MIDN,PKDCC,LRRK2,YOD1,RHBDF2,USP17L2,RAB11FIP1,BMP8A,PIM3,SIAH3,NDUFAF2,SFRP1,JAGN1,UBAC2,ACVR1C,SVIP,RSAD2,RSC1A1,SYTL4,RHBDF1,ERLEC1,DPH3,DERL3,PARK7,CHP1,BARD1,INPP5K,NDFIP1,RAB11FIP5,DERL2,SYT4,ENY2,NDFIP2,CABP1,MDFIC,GHRL,SERGEF,RAB23,SUFU,SNX12,PKIG,STXBP5L,UBE2J1,SIRT4"
"GO:BP","negative regulation of cytokine production","GO:0001818","1.0084747283354772e-89","88.99633498042787","288","1691","154","21017","SSC5D,ACOD1,LGALS9,TLR4,DLL1,SMAD7,KLF4,CIDEA,SOCS5,PGLYRP1,PPM1B,TUSC2,IL33,WNT11,F2,TGFB1,POMC,TNF,IFNA2,IFNB1,IFNG,APOA1,APOA2,FN1,LTF,ANXA1,PRNP,IGF1,APOD,INHA,IL4,IL6,THBS1,ELANE,INHBA,PTPRC,NMB,GSTP1,HMGB1,ANXA4,INHBB,SRGN,RARA,TGFB3,SCGB1A1,CEACAM1,TRIM27,IDO1,EZR,BPI,CR1,LBP,LAG3,NFKB1,TNFAIP3,IL10,FBLN1,TNFSF4,ZFP36,IL1R2,CD34,PTPN6,IL12A,IL12B,PML,AXL,ARRB2,CCR7,GBP1,IL13,SFTPD,PTGER4,CD96,BCL6,CD200,CSK,CASP3,XCL1,CX3CR1,ARRB1,JAK3,F2RL1,NLRP6,NLRP12,TGFB2,CX3CL1,RELB,IL1RL1,PTPN11,BTK,C1QBP,PPARA,BST2,MERTK,MAP2K5,NMI,SLAMF1,GPR18,LRRC32,GAS6,GPNMB,AGER,ANGPT1,TWIST1,ADIPOQ,EZH2,HFE,TIGIT,PYDC2,ZC3H12A,FFAR4,IL23R,OTUD7B,IL27RA,IL20RB,NLRC3,NLRX1,IFNL1,ZFPM1,BANK1,LILRB4,HAVCR2,TRAF3IP1,CACTIN,BTN2A2,PIBF1,INPP5D,FOXJ1,MUL1,DHX58,PGLYRP3,PGLYRP2,NR1H4,ERBIN,NDFIP1,SYT11,LGR4,C1QTNF3,FOXP3,CUEDC2,RGCC,IL23A,CYLD,CD274,C5AR2,NFKBIL1,IL36RN,GHRL,CD84,RABGEF1,PYCARD,VSIG4,PTPN22,IRAK3"
"GO:BP","cell growth","GO:0016049","1.3352338638696133e-89","88.87444266172035","500","1691","202","21017","MEIS1,SDCBP,DDX3X,DVL1,NRP1,AURKA,SEMA3E,DCLK1,SMAD7,CYP27B1,PARK2,GREM1,SLIT3,SEMA7A,NDUFS3,PSMD10,SLIT2,SEMA3D,BMP10,NTN1,SEMA4F,WNT11,ABL1,EGFR,F2,TGFB1,INS,CRYAB,APOE,FN1,HRG,ERBB2,TP53,IGF1,EDN1,RB1,ENO1,SERPINE2,INHBA,FBP1,HSPA1A,BCL2,SPP1,MAPT,MYL2,G6PD,CEACAM1,EDN3,VEGFA,PPP3CB,GJA1,IGFBP3,VCL,WT1,NPR2,SYT1,ENPP1,IGFBP5,MT3,MSX1,CD38,PML,PPP2R1A,GDI1,AKT1,CDA,CTNNB1,PHB,ACVR1B,ACVRL1,TGFBR2,PPARG,BCL6,WNT5A,HNF4A,MTOR,CDKN2A,CDKN2C,DCC,CDKN1B,BDKRB1,MAP1B,CXCL12,SOX9,NOV,GSK3A,GSK3B,GNG4,MMP14,PPT1,SMARCA2,SMARCA4,PLXNA3,CDKN2D,PRMT2,CAV3,WNT3,WNT3A,NRG3,SESN2,FOXL2,OSTN,TGFB2,RACK1,PPP2CA,CSNK2A1,SMAD3,DAB2,ARHGAP4,CDK5,NRG1,PPARA,BST2,HYAL1,HYAL2,PTPRJ,AKAP6,TRIM32,MAP2K5,SEMA3B,SEMA3F,ADAM15,CAMK2D,SEMA5A,BMPR2,PRKG1,SERTAD2,PTK2B,STK11,CCDC85B,RBBP7,NAIF1,JADE1,CAPRIN2,CDC73,TRIM40,PSRC1,RIMS1,CRLF3,DCUN1D3,ULK2,SPG20,CCAR2,SFRP1,DRAXIN,SEMA6D,ST7L,ING5,ESR2,SEMA4D,MUL1,ADIPOR1,RERG,DACT3,EAF2,SIPA1,SFRP2,DCBLD2,NEDD4L,SCGB3A1,PPP1R9B,CIB1,SEMA3C,SYT3,TCHP,RTN4R,SEMA4C,DERL2,BCL11A,DCSTAMP,SYT4,SEMA6A,TSPYL2,ADNP,SEMA4A,SEMA6C,SEMA6B,SOX17,WFDC1,SEMA4B,RTN4,SEMA3G,SEMA4G,CDKN2AIP,NDUFA13,SH3BP4,SEMA5B,EIF2AK4,NDRG3,IP6K2,MAD2L2,ZNF639,SERTAD3,OSGIN1,GDF2,ING1,ING4,UNC13A,OSGIN2,RNF6,TP53TG5,CTDP1"
"GO:BP","regulation of DNA-binding transcription factor activity","GO:0051090","2.2933109105808247e-89","88.63953706275971","346","1691","168","21017","ACOD1,LGALS9,TLR4,NFKBIE,MEN1,WWP2,TRIM38,BHLHE40,AIM2,IRAK2,KLF4,FOXS1,KDM1A,FZD6,CCDC22,TRIM13,PEX14,FOXH1,PSMD10,UFL1,TRIM37,BCL10,HAND1,INS,TNF,IL1B,LTF,ESR1,PRNP,IL6,EDN1,RB1,PKHD1,ANXA4,HSPA1A,NLRP2B,KIT,PIM1,TRIM27,FER,CD36,BMP7,TRIM21,EIF2AK2,CAPN3,TNFAIP3,IL10,ENPP1,SP100,TNFSF4,NFKBIA,PRDX3,AKT1,ARRB2,PPARG,STAT3,ID1,CD200,WNT5A,CDKN2A,TNFRSF4,XCL1,ARRB1,SMARCA4,IRAK1,NR0B1,CEBPG,PRMT2,HDAC4,SIK1,TIRAP,NLRP12,PTEN,SUMO1,S100A12,SMAD3,ID2,ID3,NHLH2,MAP3K10,BTK,DHX9,ADCY1,EP300,TRIM26,TRIM32,TRAF3,MAP2K5,STK3,TRIM14,KEAP1,TRIM25,HES1,AGER,PRKD1,CYP1B1,PARP10,PYDC2,ZC3H12A,TAF3,DAB2IP,SFRP4,TRIM40,CRTC1,NLRC3,MAVS,COMMD6,TAX1BP1,NLRC5,ADGRG3,COMMD1,ZNF675,HAVCR2,CACTIN,PYDC1,ESR2,HDAC2,PROX1,EDA,FOXJ1,USP7,RAB7B,SIRT1,CDK5RAP3,ERBIN,TRIB1,NODAL,PARK7,PHB2,CHP1,GFI1,MDFI,CIB1,TCEAL7,TRIM62,GLIS2,TRIM8,FOXP3,TRIM31,TRIM15,TRIM5,EGLN1,RGCC,BRMS1,HEYL,TCF7L2,CYLD,CTNNBIP1,TERF2IP,EIF2AK4,NFKBIL1,PPARGC1A,MAD2L2,MID2,FZD4,PYCARD,SUFU,G3BP2,TNFSF18,FAF1,FZD1,HDAC5,CAMK2A,FOXA2,BTRC,RWDD3,IRAK3,TNFRSF11A"
"GO:BP","negative regulation of cell adhesion","GO:0007162","2.529844009461632e-88","87.59690625665762","285","1691","152","21017","LGALS9,CCL21,SOCS6,ITGB1BP1,CASK,SEMA3E,SMAD7,CCL25,SPINT2,KLF4,SNAI2,LPXN,SOCS5,PDE5A,CRTAM,ABL1,PLG,TGFB1,IFNA2,IFNB1,IL2RA,APOA1,ANXA1,PRNP,HRG,CD74,ERBB2,APOD,IL4,SERPINE1,SERPINE2,THBS1,CTSG,PTPRC,HMGB1,TACSTD2,PRKAR1A,IRF1,SCGB1A1,BMP4,SRC,CEACAM1,HLA-E,IDO1,VEGFA,SPN,CEBPB,HLA-G,PTPN2,CR1,LAG3,NF1,ERBB3,IL10,FBLN1,TNFSF4,IL4R,PIK3R1,ADORA2A,PTPN6,HOXA7,SDC4,AKT1,PRDX2,GBP1,NF2,RDX,SFTPD,ACVRL1,BCL6,CASP3,CDKN2A,NOTCH1,XCL1,CXCL12,MMP14,DUSP3,PLXNA3,JAK3,PTEN,CX3CL1,PTK2,PRKCD,PTPN11,PPARA,DMTN,DLG1,MAP2K5,MAPK7,ADAM15,SEMA5A,PRKG1,SCRIB,LRRC32,IHH,HLX,GPNMB,ANGPT1,SHH,ADIPOQ,CYP1B1,HFE,TIGIT,ZC3H12A,RC3H1,AP1AR,TNFAIP8L2,CLEC4G,IL20RB,NRARP,VTCN1,PHLDB2,METTL3,DTX1,IFNL1,LAX1,LILRB2,ZC3H8,LILRB4,HAVCR2,ADAMTS18,UBASH3B,BTN2A2,SEMA4D,FOXJ1,TNFRSF14,PELI1,SIPA1,PAWR,DLC1,TSPAN32,NDFIP1,C1QTNF1,GTPBP4,PLA2G2F,FOXP3,SEMA6A,WNK1,RGCC,CCL28,PAG1,CD274,RCC2,CD300A,MAD2L2,PLXNB3,FZD4,CORO1C,PLA2G2D,VSIG4,PTPN22,MAD1L1"
"GO:BP","regulation of immune effector process","GO:0002697","3.441164477116382e-87","86.46329456893766","381","1691","174","21017","LGALS9,TLR4,FCN1,NCR3,SMAD7,TLR3,PDPK1,SH2D1A,SOCS5,SEMA7A,PGLYRP1,FCN3,NCR1,RASGRP1,CRTAM,IL33,BCL10,TGFB1,INS,LTA,TNF,IFNA2,IFNB1,IFNG,IL1B,APOA1,APOA2,RBP4,C4BPA,ANXA1,CD74,IL4,SERPING1,IL6,ICAM1,FCER2,LYN,CD55,PTPRC,HMGB1,RARA,TGFB3,KIT,MBL2,BCR,LAMP1,CEACAM1,HLA-E,MIF,PVR,VAV1,CD46,SPN,PPP3CB,FER,CD36,IL7R,HLA-G,CR1,LBP,LAG3,C4BPB,ZP3,IL10,TNFSF4,GATA2,IL4R,KLRK1,PTPN6,IL12A,IL12B,AXL,ARRB2,IL13,NOS2,PHB,AHR,RPS19,CD96,LEP,BCL6,WNT5A,CCR2,CD86,STAT6,WAS,MSH2,TNFRSF4,XCL1,SERPINB4,CX3CR1,SERPINB9,STAT5B,JAK3,TMBIM6,F2RL1,STXBP1,B2M,TGFB2,BTK,C1QBP,BST2,FOXF1,FADD,SLAMF1,IL13RA2,HLX,AGER,IRF4,ANGPT1,SHB,TWIST1,STXBP2,PKN1,MICB,HFE,ZC3H12A,RC3H1,PIK3R6,IL23R,RAET1L,RAET1G,USP17L2,IL27RA,SCIMP,CLEC4G,IL20RB,UNC13D,MAVS,NLRX1,TICAM2,IFNL1,TICAM1,LILRB4,NFKBID,RAET1E,HAVCR2,MZB1,RSAD2,NECTIN2,FOXJ1,TNFRSF14,DHX58,SLAMF6,SIRT1,PGLYRP3,NLRP3,PGLYRP2,P2RX7,PHB2,CCL19,LITAF,NDFIP1,VAMP8,ULBP3,ULBP2,ULBP1,FOXP3,CUEDC2,IL21,IL23A,SPINK5,RTN4,TLR9,CD300A,MAD2L2,CD84,RABGEF1,STAP1,PYCARD,VSIG4,PTPN22,UBE2J1,IRAK3"
"GO:BP","regulation of protein transport","GO:0051223","3.1775100923826204e-83","82.49791306136903","441","1691","183","21017","TLR4,APBB1,WWP2,IPO5,UNC13B,RAB29,HDAC3,SYT7,PARK2,SNX3,RAB11FIP3,LYPLA1,BAIAP3,OAZ2,EGFR,F2,TGFB1,INS,TNF,IFNG,IL1B,APOE,FGA,FGB,FGG,RBP4,ANG,HMGCR,IGF1,APOD,IL6,PRKCB,CRH,ADRA2A,INHBB,TXN,TGFB3,PRKAR1A,CHGA,TPR,BMP4,SRC,CCL5,DRD2,PPP3CB,CD36,PRKACA,PFKL,NR1D1,TRH,NF1,CNR1,DRD4,SP100,F2R,PIK3R1,CD38,ADORA2A,IL12A,IL12B,GNA11,ERP29,SRI,DNAJA1,IL13,NOS2,PTGS2,OPRM1,DRD3,IRS1,PPM1A,SREBF1,PPARG,LEP,CD200,HNF4A,CSK,CDKN2A,RANGAP1,NOV,MTNR1B,GSK3B,EMD,CPT1A,OAZ1,NR1H2,F2RL1,UCP2,UBE2G2,SNAP25,TGFB2,PKIA,ARF6,VSNL1,VAMP2,SUMO1,RACK1,FKBP1B,ABAT,SMAD3,CDK5,PRKCE,PRKCD,PTPN11,SOX4,PPP3CA,ABCC8,EP300,HYAL2,REST,NR1H3,TARDBP,TRIM28,OS9,DOC2B,GAS6,ITPR1,KCNJ11,KCNB1,PRKD1,ANGPT1,SHH,GPR68,ADIPOQ,CARTPT,STX1A,HIF1A,HADH,MIDN,PKDCC,ZC3H12A,YOD1,RHBDF2,RAB11FIP1,MAVS,BMP8A,PIM3,NDUFAF2,SFRP1,JAGN1,UBAC2,ACVR1C,SVIP,RSAD2,RSC1A1,BAD,SYTL4,RHBDF1,ERLEC1,DPH3,DERL3,VPS35,NR1H4,PARK7,GPER1,P2RX7,CHP1,BARD1,NDFIP1,RAB11FIP5,C1QTNF3,DERL2,SYT4,PTPN23,ENY2,PLCB1,TCF7L2,NDFIP2,CABP1,MDFIC,GHRL,SERGEF,RAB23,SUFU,OAZ3,SNX12,FOXA2,PKIG,STXBP5L,PTPN22,UBE2J1,IRS2,SIRT4"
"GO:BP","regulation of leukocyte cell-cell adhesion","GO:1903037","1.768594103682497e-81","80.75237182721324","366","1691","165","21017","LGALS9,AP3B1,CCL21,SOCS6,SMAD7,CCL25,PDPK1,KLF4,FOXO3,TNFSF14,SOCS5,PDE5A,RASGRP1,CRTAM,BCL10,ABL1,ADA,TGFB1,TNF,IFNA2,IFNB1,IFNG,IL1B,EPO,IL2RA,ANXA1,PRNP,THY1,CD74,ERBB2,IGF1,IL4,IL6,LCK,HLA-DOA,LYN,CD55,ELANE,CTSG,PTPRC,HMGB1,RARA,PRKAR1A,IRF1,SCGB1A1,BMP4,SRC,CCL2,CCL5,HLA-E,IDO1,ETS1,VAV1,CD46,SPN,IL7R,CEBPB,HLA-G,PTPN2,CR1,LAG3,KITLG,ZP3,IL10,TNFSF4,IL4R,KLRK1,CD27,ITPKB,ADORA2A,PTPN6,IL12A,IL12B,CORO1A,SDC4,AKT1,PRDX2,CCR7,SFTPD,TGFBR2,LEP,BCL6,CSK,CCR2,CD86,MTOR,CASP3,CDKN2A,XCL1,CXCL12,DUSP3,SMARCA2,SMARCA4,IRAK1,STAT5B,JAK3,AIF1,B2M,ZBTB16,PTPN11,EGR3,SOX4,PPARA,PPP3CA,ZP4,DLG1,FADD,SLAMF1,SCRIB,LRRC32,HES1,IHH,HLX,GPNMB,AGER,SHB,SHH,RHOH,HFE,TIGIT,ZC3H12A,RC3H1,PIK3R6,IL23R,ARID2,TNFAIP8L2,CLEC4G,IL20RB,NRARP,VTCN1,DTX1,IFNL1,LAX1,LILRB2,ZC3H8,LILRB4,NFKBID,HAVCR2,BTN2A2,HSPH1,HAS2,BAD,FOXJ1,TNFRSF14,PELI1,PAWR,NLRP3,TSPAN32,CCL19,NDFIP1,PLA2G2F,FOXP3,WNK1,IL21,IL23A,CYLD,CCL28,PAG1,CD274,CD300A,PYCARD,PLA2G2D,VSIG4,PTPN22,MAD1L1"
"GO:BP","leukocyte cell-cell adhesion","GO:0007159","3.3353446971268577e-80","79.47685927649276","404","1691","172","21017","LGALS9,AP3B1,CCL21,SOCS6,SMAD7,CCL25,PDPK1,KLF4,FOXO3,TNFSF14,SOCS5,PDE5A,RASGRP1,CRTAM,BCL10,ABL1,ADA,TGFB1,TNF,IFNA2,IFNB1,IFNG,IL1B,EPO,IL2RA,ANXA1,PRNP,THY1,CD74,ERBB2,IGF1,IL4,IL6,ICAM1,LCK,HLA-DOA,LYN,CD55,ELANE,CTSG,PTPRC,HMGB1,RARA,PRKAR1A,IRF1,SCGB1A1,BMP4,SRC,CCL2,CCL5,HLA-E,IDO1,ETS1,EZR,VAV1,CD46,SPN,IL7R,CEBPB,HLA-G,PTPN2,CR1,BMP7,LAG3,KITLG,ZP3,IL10,TNFSF4,IL4R,KLRK1,CD27,ITPKB,ADORA2A,PTPN6,IL12A,IL12B,CORO1A,SDC4,AKT1,PRDX2,CCR7,SFTPD,TGFBR2,LEP,BCL6,CSK,CCR2,CD86,MTOR,CASP3,CDKN2A,XCL1,CXCL12,CX3CR1,DUSP3,SMARCA2,SMARCA4,IRAK1,STAT5B,JAK3,AIF1,B2M,ZBTB16,PTPN11,EGR3,SOX4,PPARA,PPP3CA,ZP4,DLG1,FADD,SLAMF1,SCRIB,LRRC32,HES1,IHH,HLX,GPNMB,TNIP1,AGER,SHB,SHH,RHOH,HFE,TIGIT,ZC3H12A,RC3H1,PIK3R6,IL23R,ARID2,TNFAIP8L2,CLEC4G,IL20RB,NRARP,VTCN1,DTX1,IFNL1,LAX1,LILRB2,ZC3H8,LILRB4,NFKBID,HAVCR2,BTN2A2,HSPH1,HAS2,SEMA4D,BAD,FOXJ1,TNFRSF14,PELI1,PAWR,NLRP3,TSPAN32,CCL19,NDFIP1,PLA2G2F,FOXP3,WNK1,IL21,IL23A,CYLD,CCL28,PAG1,CD274,CD300A,PYCARD,PLA2G2D,VSIG4,PTPN22,F11R,MAD1L1"
"GO:BP","negative regulation of DNA-binding transcription factor activity","GO:0043433","3.434449576930327e-80","79.46414285536024","143","1691","104","21017","ACOD1,NFKBIE,MEN1,WWP2,BHLHE40,AIM2,IRAK2,KLF4,FOXS1,KDM1A,FZD6,CCDC22,PEX14,FOXH1,PSMD10,UFL1,TRIM37,HAND1,ESR1,PRNP,RB1,PKHD1,ANXA4,NLRP2B,PIM1,BMP7,TRIM21,TNFAIP3,IL10,SP100,TNFSF4,NFKBIA,ARRB2,ID1,CD200,CDKN2A,TNFRSF4,XCL1,ARRB1,IRAK1,NR0B1,CEBPG,PRMT2,HDAC4,SIK1,NLRP12,SUMO1,ID2,ID3,MAP3K10,TRAF3,MAP2K5,KEAP1,HES1,CYP1B1,PARP10,PYDC2,ZC3H12A,TAF3,DAB2IP,SFRP4,TRIM40,NLRC3,COMMD6,TAX1BP1,NLRC5,ADGRG3,COMMD1,ZNF675,HAVCR2,CACTIN,PYDC1,HDAC2,PROX1,FOXJ1,USP7,SIRT1,CDK5RAP3,ERBIN,TRIB1,PHB2,CHP1,GFI1,MDFI,TCEAL7,GLIS2,FOXP3,EGLN1,BRMS1,HEYL,TCF7L2,CYLD,CTNNBIP1,EIF2AK4,NFKBIL1,MAD2L2,PYCARD,SUFU,G3BP2,FAF1,FOXA2,BTRC,RWDD3,IRAK3"
"GO:BP","regulation of leukocyte differentiation","GO:1902105","8.131540886552055e-80","79.08982714996338","325","1691","154","21017","LGALS9,AP3B1,TLR4,TNFRSF11B,SMAD7,TLR3,FOXO3,LILRB3,MITF,SOCS5,PGLYRP1,PRDM1,RASGRP1,FSTL3,CRTAM,SOD1,ABL1,ADA,MYC,TGFB1,FSHB,TNF,IFNA2,IFNB1,IFNG,IL2RA,APCS,PF4,LTF,ANXA1,CD74,ERBB2,INHA,IL4,HLA-DOA,RB1,LYN,INHBA,PTPRC,HMGB1,CCL3,RARA,IRF1,IAPP,BMP4,CEACAM1,LIF,BRAF,CD46,CREB1,IL7R,CEBPB,HLA-G,PTPN2,CR1,LAG3,NF1,KITLG,IL10,TNFSF4,GATA2,FSHR,IL4R,CD27,PIK3R1,ITPKB,PTPN6,IL12B,AXL,HOXA7,PRDX2,CTNNB1,FBN1,TGFBR2,BCL6,CCR2,CD86,MTOR,CDKN2A,MMP14,SMARCA2,SMARCA4,STAT5B,JAK3,CLDN18,PRKDC,ROR2,ID2,ZBTB16,BTK,EGR3,SOX4,ZFP36L1,PPP3CA,KLF10,FADD,CUL4A,TOB2,GAS6,IHH,HLX,AGER,IRF4,SHB,SHH,RHOH,GPR68,ADIPOQ,CARTPT,TMEM176B,ZC3H12A,RC3H1,PIK3R6,IL23R,ARID2,CLEC4G,NRARP,METTL3,ZBTB46,DTX1,IFNL1,ZFPM1,LILRB2,SFRP1,ZC3H8,TMEM178A,LILRB4,NFKBID,ZNF675,UBASH3B,BTN2A2,INPP5D,BAD,FOXJ1,TMEM176A,PGLYRP3,NLRP3,PGLYRP2,TRIB1,CCL19,NDFIP1,FANCD2,FOXP3,DCSTAMP,RNF41,IL23A,SPINK5,CYLD,TLR9,CTNNBIP1,GPR55,FBXO7,MAFB,TNFRSF11A"
"GO:BP","negative regulation of protein transport","GO:0051224","1.376539220657153e-79","78.86121141008081","112","1691","92","21017","WWP2,PARK2,SNX3,RAB11FIP3,LYPLA1,INS,IL1B,APOE,HMGCR,APOD,ADRA2A,INHBB,TXN,CHGA,DRD2,CD36,PFKL,NF1,DRD4,SP100,F2R,IL12A,IL12B,ERP29,OPRM1,DRD3,IRS1,SREBF1,CD200,CSK,RANGAP1,NOV,MTNR1B,F2RL1,UCP2,UBE2G2,PKIA,VSNL1,SUMO1,FKBP1B,CDK5,PTPN11,PPP3CA,ABCC8,REST,NR1H3,OS9,KCNJ11,KCNB1,ANGPT1,ADIPOQ,HADH,MIDN,PKDCC,YOD1,RHBDF2,RAB11FIP1,BMP8A,PIM3,NDUFAF2,SFRP1,JAGN1,UBAC2,ACVR1C,SVIP,RSAD2,RSC1A1,SYTL4,RHBDF1,ERLEC1,DPH3,DERL3,PARK7,CHP1,BARD1,NDFIP1,RAB11FIP5,DERL2,SYT4,ENY2,NDFIP2,CABP1,MDFIC,GHRL,SERGEF,RAB23,SUFU,SNX12,PKIG,STXBP5L,UBE2J1,SIRT4"
"GO:BP","regulation of T cell activation","GO:0050863","1.5574138744494206e-78","77.8075959606467","375","1691","164","21017","LGALS9,AP3B1,CCL21,SOCS6,SMAD7,PDPK1,FOXO3,TNFSF14,SOCS5,PRDM1,PDE5A,RASGRP1,CRTAM,BCL10,SOD1,ABL1,ADA,TGFB1,IFNA2,IFNB1,IFNG,IL1B,EPO,IL2RA,ANXA1,PRNP,THY1,CD74,ERBB2,IGF1,IL4,IL6,LCK,HLA-DOA,LYN,CD55,CTSG,PTPRC,HMGB1,RARA,PRKAR1A,IRF1,SCGB1A1,BMP4,SRC,CCL2,CCL5,HLA-E,IDO1,BRAF,VAV1,CD46,SPN,IL7R,CEBPB,HLA-G,PTPN2,CR1,LAG3,KITLG,ZP3,IL10,TNFSF4,IL4R,KLRK1,CD27,ITPKB,ADORA2A,PTPN6,IL12A,IL12B,CORO1A,SDC4,AKT1,PRDX2,CCR7,CTNNB1,SFTPD,TGFBR2,LEP,BCL6,CSK,CCR2,CD86,MTOR,CASP3,CDKN2A,XCL1,DUSP3,SMARCA2,SMARCA4,STAT5B,JAK3,AIF1,B2M,ZBTB16,PTPN11,EGR3,SOX4,TNFRSF9,PPP3CA,ZP4,DLG1,FADD,SLAMF1,SCRIB,LRRC32,HES1,IHH,HLX,GPNMB,AGER,IRF4,SHB,SHH,RHOH,HFE,TIGIT,ZC3H12A,RC3H1,PIK3R6,IL23R,ARID2,TNFAIP8L2,CLEC4G,IL20RB,NRARP,VTCN1,METTL3,DTX1,IFNL1,LAX1,LILRB2,ZC3H8,LILRB4,NFKBID,HAVCR2,BTN2A2,HSPH1,BAD,FOXJ1,TNFRSF14,PELI1,PAWR,NLRP3,TSPAN32,CCL19,NDFIP1,FANCD2,PLA2G2F,FOXP3,IL21,IL23A,SPINK5,CYLD,PAG1,CD274,CD300A,PYCARD,TNFSF18,PLA2G2D,VSIG4,PTPN22,MAD1L1"
"GO:BP","negative regulation of lymphocyte activation","GO:0051250","8.200554598868051e-77","76.08615677553296","159","1691","107","21017","LGALS9,SOCS6,TNFRSF13B,SMAD7,SOCS5,PGLYRP1,PDE5A,CRTAM,TGFB1,IFNA2,IFNB1,IL2RA,ANXA1,PRNP,CD74,ERBB2,INHA,IL4,LYN,CTSG,INHBA,HMGB1,PRKAR1A,IRF1,SCGB1A1,BMP4,HLA-E,IDO1,SPN,CEBPB,HLA-G,PTPN2,CR1,LAG3,TNFAIP3,IL10,GAL,TNFSF4,IL4R,ADORA2A,PTPN6,AXL,SDC4,PRDX2,SFTPD,SOX11,BCL6,MNDA,CASP3,CDKN2A,XCL1,DUSP3,JAK3,ID2,BTK,TYRO3,MERTK,DLG1,ATM,SCRIB,LRRC32,IHH,HLX,GPNMB,SHH,PKN1,HFE,TIGIT,ZC3H12A,RC3H1,TNFAIP8L2,CLEC4G,IL20RB,NRARP,VTCN1,DTX1,IFNL1,TBC1D10C,LAX1,LILRB2,SFRP1,ZC3H8,BANK1,LILRB4,HAVCR2,BTN2A2,PIBF1,INPP5D,FOXJ1,TNFRSF14,PELI1,PAWR,PGLYRP3,PGLYRP2,TSPAN32,NDFIP1,PLA2G2F,FOXP3,SAMSN1,PAG1,CD274,CD300A,PLA2G2D,VSIG4,PTPN22,FBXO7,MAD1L1"
"GO:BP","positive regulation of cell adhesion","GO:0045785","1.422767491153224e-74","73.84686606657739","478","1691","181","21017","LGALS9,AP3B1,CCL21,ITGB1BP1,NRP1,SMAD7,CCL25,PDPK1,FOXO3,TNFSF14,CXCL13,SOCS5,RASGRP1,BAG4,FSTL3,BCL10,ABL1,ADA,PDGFB,TGFB1,TNF,IFNG,IL1B,EPO,IL2RA,APOA1,FGA,FGB,FGG,FN1,ANXA1,HRG,THY1,CD74,ERBB2,IGF1,ITGB3,IL4,IL6,LCK,HLA-DOA,ITGAV,LYN,CD55,ELANE,CTSG,PTPRC,SERPINF2,HMGB1,TPM1,RARA,DMD,SRC,CCL2,CCL5,HLA-E,ETS1,LIF,BRAF,VAV1,HTN1,CD46,VEGFA,ALOX15,SPN,CD36,IL7R,HLA-G,CR1,BMP7,AZU1,KITLG,EPHA1,ZP3,IL10,FBLN1,TNFSF4,IL4R,KLRK1,CD27,ITPKB,PTPN6,IL12A,IL12B,CORO1A,SDC4,AKT1,CCR7,ARL2,TGFBR2,LEP,BCL6,WNT5A,CSK,CCR2,CD86,MTOR,XCL1,CXCL12,GSK3B,SMARCA2,SMARCA4,IRAK1,STAT5B,EMP2,AIF1,WNT3A,WNT4,B2M,TGFB2,CX3CL1,SMAD3,DAB2,PRKCE,NRG1,PLAUR,ZBTB16,PTPN11,EGR3,SOX4,C1QBP,PPP3CA,HYAL1,ZP4,PTPRJ,FOXF1,ANK3,STK4,FADD,STX3,SLAMF1,ATM,ILK,PTK2B,HES1,IHH,HLX,AGER,ANGPT1,SHB,SHH,RHOH,ZFHX3,PIK3R6,IL23R,ARID2,UNC13D,VTCN1,LDB1,LILRB2,SFRP1,FLCN,LILRB4,NFKBID,HAVCR2,BTN2A2,HSPH1,PTPRU,HAS2,BAD,TNFRSF14,SFRP2,NLRP3,NODAL,CCL19,CIB1,CITED2,FOXP3,CHRD,PTPN23,IL21,IL23A,CYLD,CCL28,CD274,PYCARD,TNFSF18,FOXA2,PTPN22,F11R,ADGRG1"
"GO:BP","positive regulation of cytokine production","GO:0001819","3.254094735686459e-73","72.48756980770311","486","1691","181","21017","KLRF2,LGALS9,TLR4,DDX3X,FCN1,AIM2,EREG,ALOX15B,TLR3,ROCK2,SEMA7A,ATP6AP2,TUSC2,RASGRP1,CRTAM,IL33,BCL10,WNT11,SOD1,ABL1,C5,HRAS,TGFB1,INS,LTA,TNF,IFNG,IL1B,APOA2,PF4,ANXA1,CSF2,CD74,IL4,SERPINE1,ISG15,IL6,THBS1,CD55,ELANE,PTPRC,SERPINF2,ADRA2A,NMB,HMGB1,HMOX1,HSPA1A,CCL3,RARA,KIT,IRF1,SRC,OSM,HLA-E,MIF,TRIM27,DRD2,IDO1,CD46,SPN,CD36,CEBPB,HLA-G,EGR1,LBP,ADCYAP1,ATF4,EIF2AK2,AZU1,ZP3,IL10,TNFSF4,IL4R,F2R,KLRK1,PIK3R1,CD34,IL12A,IL12B,FCER1G,CCR7,IL13,NOS2,PHB,PTGS2,PTGER4,BMPR1A,STAT3,LEP,CD200,WNT5A,HTR2B,CCR2,CD86,STAT1,MAPK9,XCL1,IRAK1,STAT5B,CEBPG,AIF1,F2RL1,WNT3A,TIRAP,NLRP12,B2M,CX3CL1,SMAD3,IL1RL1,IRF8,PTPN11,BTK,DHX9,PDE4D,ABCC8,HYAL2,PTPRJ,PLA2R1,TRIM32,TRAF3,FADD,SLAMF1,SCRIB,AGER,IRF4,TWIST1,MAPK11,ADIPOQ,HIF1A,IFI16,CYP1B1,TIGIT,LRRK2,IL23R,RAET1G,IL27RA,SCIMP,IL20RB,ZC3HAV1,MAVS,VTCN1,TICAM2,IFNL1,TICAM1,SULF1,ZFPM1,LILRB2,SCAMP5,HAVCR2,PYDC1,RSAD2,PIBF1,HDAC2,TNFRSF14,RAB7B,DHX58,SLAMF6,SIRT1,PELI1,NLRP3,NR1H4,NODAL,PARK7,P2RX7,CCL19,C1QTNF3,FOXP3,TRIM15,RGCC,IL21,IL23A,PLCB1,RTN4,TLR9,CD274,CD84,GDF2,PYCARD,PTPN22,IRAK3,LY96"
"GO:BP","negative regulation of cell-cell adhesion","GO:0022408","9.256641683162759e-73","72.03354654712057","189","1691","113","21017","LGALS9,CCL21,SOCS6,SMAD7,CCL25,SPINT2,KLF4,SOCS5,PDE5A,CRTAM,ABL1,PLG,TGFB1,IFNA2,IFNB1,IL2RA,APOA1,ANXA1,PRNP,CD74,ERBB2,IL4,SERPINE2,CTSG,HMGB1,PRKAR1A,IRF1,SCGB1A1,BMP4,CEACAM1,HLA-E,IDO1,VEGFA,SPN,CEBPB,HLA-G,PTPN2,CR1,LAG3,IL10,TNFSF4,IL4R,ADORA2A,PTPN6,SDC4,AKT1,PRDX2,NF2,RDX,SFTPD,BCL6,CASP3,CDKN2A,NOTCH1,XCL1,CXCL12,DUSP3,JAK3,PTK2,PRKCD,PPARA,DLG1,MAP2K5,MAPK7,PRKG1,SCRIB,LRRC32,IHH,HLX,GPNMB,SHH,ADIPOQ,HFE,TIGIT,ZC3H12A,RC3H1,TNFAIP8L2,CLEC4G,IL20RB,NRARP,VTCN1,METTL3,DTX1,IFNL1,LAX1,LILRB2,ZC3H8,LILRB4,HAVCR2,ADAMTS18,UBASH3B,BTN2A2,FOXJ1,TNFRSF14,PELI1,PAWR,TSPAN32,NDFIP1,C1QTNF1,GTPBP4,PLA2G2F,FOXP3,WNK1,RGCC,CCL28,PAG1,CD274,CD300A,MAD2L2,PLA2G2D,VSIG4,PTPN22,MAD1L1"
"GO:BP","positive regulation of defense response","GO:0031349","1.1047219497595714e-72","71.95674701689333","484","1691","180","21017","ACOD1,C2CD4B,AP3B1,TLR4,PDE2A,IPO5,DDX3X,FCN1,AIM2,NCR3,EREG,PLSCR1,TLR3,PDPK1,IRAK2,TSPAN6,SH2D1A,FCN3,RASGRP1,CRTAM,IL33,BCL10,TGFB1,LTA,TNF,IFNB1,IFNG,IL1B,LTF,ESR1,SERPINE1,IL6,CRH,LYN,HMGB1,PARP1,HSPA1A,NLRP2B,CCL3,IRF1,MBL2,LAMP1,SRC,XRCC5,CCL5,OSM,HLA-E,IDO1,ETS1,PVR,VAV1,CD36,CEBPB,HLA-G,LBP,LAG3,EIF2AK2,NR1D1,CNR1,TNFAIP3,ZP3,SFPQ,TNFSF4,NFKBIA,KLRK1,PIK3R1,IL12A,IL12B,AKT1,ARRB2,CCR7,GBP1,PHB,PTGS2,PTGER4,SNCA,RPS19,MNDA,WNT5A,CCR2,CASP3,PTGER3,MAPK8,IRAK1,STAT5B,NAGLU,F2RL1,TIRAP,NLRP6,NLRP12,PPP2CA,CX3CL1,PRKDC,S100A12,IL1RL1,PRKCE,BTK,MEF2C,TYRO3,C1QBP,DHX9,EP300,HYAL2,TRIM32,TRAF3,NR1H3,PAK1,FADD,GPS2,NMI,SQSTM1,TRIM25,TNIP1,PRKD1,NONO,IRF4,TARBP2,OASL,NPY5R,IFI16,TKFC,PYDC2,LRRK2,DAB2IP,RAET1G,USP17L2,SARM1,LRSAM1,SCIMP,NLRC3,ZC3HAV1,MAVS,NLRX1,TAX1BP1,NLRC5,TICAM2,TICAM1,RAET1E,HAVCR2,CD300LF,CACTIN,PSPC1,RSAD2,SMPDL3B,SEC14L1,NECTIN2,RAB7B,DHX58,SLAMF6,TRIM11,PELI1,NLRP3,NR1H4,ERBIN,PARK7,PHB2,GFI1,MGST2,NPAS2,VAMP8,TRIM62,LGR4,TRIM31,TRIM15,TRIM5,MMRN2,IL21,IL23A,RTN4,TLR9,CD274,NFKBIL1,CD300A,STAP1,PYCARD,UBQLN1,PTPN22,IRAK3,TNFRSF11A,LY96"
"GO:BP","neurotransmitter secretion","GO:0007269","1.6044097663245914e-71","70.79468470305541","146","1691","99","21017","SNAP23,STXBP3,WNT7A,DVL1,UNC13B,LIN7A,CASK,SYN3,SNPH,SYNJ1,SYT7,HCRT,PARK2,PPFIA3,STX11,DGKI,SNCG,BAIAP3,TSPOAP1,SNAPIN,PRKCG,PRKCB,BRAF,ATP2A2,SYN1,RAB3A,RAB5A,NF1,TACR2,SYT1,HTR1B,ADORA2A,CHRNB4,CHRNA3,STX2,PFN2,SNCA,P2RY1,PPT1,NAPA,SNAP25,STX1B,STXBP1,RAP1A,VAMP2,ASIC1,CDK5,MEF2C,FMR1,ABCC8,STX3,SCRIB,DOC2A,DOC2B,GRM4,RAB3GAP1,STXBP2,GRIK5,SLC18A3,STX1A,LRRK2,SNAP47,CPLX2,CPLX4,SYT9,RIMS1,CADPS2,KCNMB4,SYT12,NLGN1,PNKD,STX19,UNC13C,SYT8,BRSK1,SYN2,PTPRN2,DTNBP1,GPER1,P2RX7,SEPT5,SYT11,SYT4,DNAJC5,RIMS4,SLC32A1,OTOF,NRXN2,RIMS3,BLOC1S6,NRXN1,UNC13A,CAMK2A,STXBP5L,NRXN3,HRH3,SNCAIP,SLC30A1,PCLO"
"GO:BP","signal release from synapse","GO:0099643","1.6044097663245914e-71","70.79468470305541","146","1691","99","21017","SNAP23,STXBP3,WNT7A,DVL1,UNC13B,LIN7A,CASK,SYN3,SNPH,SYNJ1,SYT7,HCRT,PARK2,PPFIA3,STX11,DGKI,SNCG,BAIAP3,TSPOAP1,SNAPIN,PRKCG,PRKCB,BRAF,ATP2A2,SYN1,RAB3A,RAB5A,NF1,TACR2,SYT1,HTR1B,ADORA2A,CHRNB4,CHRNA3,STX2,PFN2,SNCA,P2RY1,PPT1,NAPA,SNAP25,STX1B,STXBP1,RAP1A,VAMP2,ASIC1,CDK5,MEF2C,FMR1,ABCC8,STX3,SCRIB,DOC2A,DOC2B,GRM4,RAB3GAP1,STXBP2,GRIK5,SLC18A3,STX1A,LRRK2,SNAP47,CPLX2,CPLX4,SYT9,RIMS1,CADPS2,KCNMB4,SYT12,NLGN1,PNKD,STX19,UNC13C,SYT8,BRSK1,SYN2,PTPRN2,DTNBP1,GPER1,P2RX7,SEPT5,SYT11,SYT4,DNAJC5,RIMS4,SLC32A1,OTOF,NRXN2,RIMS3,BLOC1S6,NRXN1,UNC13A,CAMK2A,STXBP5L,NRXN3,HRH3,SNCAIP,SLC30A1,PCLO"
"GO:BP","neurotransmitter transport","GO:0006836","5.12574647451018e-70","69.29024287833987","208","1691","116","21017","SNAP23,STXBP3,WNT7A,DVL1,TOR1A,UNC13B,LIN7A,CASK,SYN3,SNPH,SLC22A2,SYNJ1,SYT7,HCRT,PARK2,PPFIA3,STX11,DGKI,SNCG,BAIAP3,TSPOAP1,SNAPIN,ITGB3,PRKCG,PRKCB,TH,DRD2,BRAF,ATP2A2,SYN1,RAB3A,RAB3B,RAB5A,NF1,TACR2,SYT1,DRD1,DRD4,HTR1B,CHAT,ADORA2A,NOS1,CHRNB4,SLC6A4,CHRNA3,STX2,PFN2,DRD3,SNCA,GDNF,P2RY1,SLC6A9,PPT1,NAPA,SNAP25,STX1B,STXBP1,RAP1A,VAMP2,ASIC1,CDK5,SLC6A3,MEF2C,FMR1,ABCC8,STX3,GPM6B,SCRIB,DOC2A,DOC2B,GRM4,RAB3GAP1,STXBP2,GRIK5,SLC18A3,STX1A,LRRK2,SNAP47,CPLX2,CPLX4,SYT9,RIMS1,CADPS2,KCNMB4,SYT12,NLGN1,PNKD,STX19,UNC13C,SYT8,BRSK1,SYN2,PTPRN2,DTNBP1,PARK7,GPER1,P2RX7,SEPT5,SYT11,SYT4,DNAJC5,RIMS4,SLC32A1,OTOF,NRXN2,RIMS3,BLOC1S6,NRXN1,UNC13A,CAMK2A,STXBP5L,NRXN3,HRH3,SNCAIP,SLC30A1,PCLO"
"GO:BP","regulation of monoatomic ion transport","GO:0043269","6.563727555330768e-70","69.18284945377252","449","1691","170","21017","DHRS7C,WWP2,SLN,GNB5,CASK,CASQ2,CLIC2,PDPK1,PER1,HCRT,DIAPH1,WFS1,STC2,OXSR1,ABL1,F2,SPINK1,PDGFB,EGF,TGFB1,IFNG,EPO,CXCL10,PRNP,THY1,SEMG1,ITGB3,EDN1,CRH,SERPINE2,ADRB2,LYN,ADRA2A,CD63,MRLN,CCL3,BCL2,G6PD,DMD,CCL4,CCL2,CCL5,EDN3,TRIM27,DRD2,KCNE1,CD19,PPP3CB,PRKACA,ATF4,PLCG1,CAPN3,TACR2,CNR1,DRD1,DRD4,GAL,KEL,HRC,F2R,PLN,GSTM2,HTR1B,HTR2A,ADORA2A,PTPN6,NOS3,NOS1,PML,ADORA1,SRI,NTSR1,CORO1A,CASQ1,SLC6A4,AKT1,SLC8A1,CTNNB1,IL13,PTGS2,DRD3,ACTN2,SNCA,OPRK1,LEP,CCR2,HTT,BDKRB1,NEDD4,P2RY1,XCL1,CXCL12,SLC6A9,STC1,HAP1,TMBIM6,CAV3,SIK1,SLC26A5,FGF12,B2M,FKBP1A,VAMP2,SUMO1,FKBP1B,GABRE,GSTO1,CX3CL1,HAMP,ANK2,PRKCE,ATP7A,FMR1,CXCL9,BAX,PPP3CA,PDE4D,ABCC8,KCNH2,ANK3,DLG1,AKAP6,TRDN,CAMK2D,PKD2,PTK2B,HES1,KCNJ11,KCNAB1,PRKD1,HFE,NPSR1,PXK,CBARP,LILRB2,KCNRG,COMMD1,OSR1,UBASH3B,JPH3,RYR2,WNK4,NEDD4L,CRBN,GPER1,P2RX7,PHB2,CHP1,PKP2,JPH2,INPP5K,WNK3,LACRT,WNK1,GPR35,GOPC,BPIFA1,TLR9,CHD7,STK39,CD84,KCNE5,PACSIN3,UBQLN1,CAMK2A,PTPN22,CAB39,TCAF1,HRH3,SLC30A1"
"GO:BP","leukocyte proliferation","GO:0070661","4.952220451261676e-69","68.30520003066091","351","1691","149","21017","LGALS9,TLR4,TNFRSF13B,TNFSF14,GREM1,PDE5A,RASGRP1,CRTAM,IL33,ABL1,ADA,TGFB1,IFNA2,IFNB1,IL1B,EPO,IL2RA,ANXA1,CSF2,PRNP,CD74,ERBB2,TP53,IGF1,IL4,IL6,LYN,CD55,PTPRC,NMB,GSTP1,HMGB1,BCL2,PRKAR1A,KIT,IRF1,SCGB1A1,BMP4,CCL5,HLA-E,MIF,IDO1,CD19,CD46,SPN,PPP3CB,IL7R,GJA1,CEBPB,HLA-G,CHRNB2,CR1,NF1,TNFAIP3,KITLG,ZP3,IL10,GAL,TNFSF4,CD38,PTPN6,IL12A,IL12B,CORO1A,SDC4,PRDX2,CTNNB1,IL13,SFTPD,SOX11,AHR,TGFBR2,LEP,BCL6,MNDA,CCR2,CD86,STAT6,CASP3,CDKN2A,TNFRSF4,XCL1,STAT5B,EMP2,AIF1,F2RL1,WNT3A,WNT4,TIRAP,FKBP1B,CX3CL1,PTK2,PRKCD,BTK,MEF2C,TNFRSF9,BAX,BCL2L1,PPP3CA,BST2,ZP4,DLG1,FADD,SLAMF1,ATM,SCRIB,LRRC32,HES1,IHH,GPNMB,AGER,SHB,SHH,PKN1,RC3H1,IL23R,CLEC4G,IL20RB,VTCN1,TICAM1,LILRB2,LILRB4,HAVCR2,MZB1,BTN2A2,INPP5D,FOXJ1,TNFRSF14,PELI1,PAWR,TSPAN32,P2RX7,CCL19,NDFIP1,PLA2G2F,FOXP3,IL21,IL23A,TLR9,CD274,CD300A,PYCARD,TNFSF18,PLA2G2D,PLCL2,VSIG4,PTPN22,IRS2,MAD1L1"
"GO:BP","lymphocyte differentiation","GO:0030098","2.7304731774069757e-68","67.5637620853659","438","1691","166","21017","FZD9,LGALS9,AP3B1,MEN1,DLL1,SMAD7,FOXO3,SOCS5,PGLYRP1,PRDM1,TUSC2,RASGRP1,CRTAM,SOD1,ABL1,ADA,TGFB1,IFNA2,IFNB1,IFNG,IL1B,IL2RA,ANXA1,CD74,ERBB2,TP53,INHA,IL4,SLC25A5,IL6,LCK,HLA-DOA,INHBA,PTPRC,HMGB1,RARA,BCL2,KIT,IRF1,BMP4,BRAF,CD19,VAV1,CD46,SPN,PPP3CB,IL7R,HLA-G,PTPN2,CR1,EGR1,LAG3,IL11,IL10,TNFSF4,IL4R,CD27,PIK3R1,ITPKB,PTPN6,IL12B,FCER1G,AXL,PRDX2,CCR7,CTNNB1,PTGER4,TGFBR2,STAT3,LEP,BCL6,CCR2,CD86,STAT6,MTOR,CDKN2A,MSH2,MMP14,RORC,SMARCA2,SMARCA4,STAT5B,JAK3,CEBPG,HDAC4,WNT4,B2M,PRKDC,RELB,ID2,IRF8,TOP2B,ATP7A,ZBTB16,BTK,TYRO3,EGR3,SOX4,TNFRSF9,ZFP36L1,BAX,EP300,MERTK,PTPRJ,FADD,GPS2,SLAMF1,ATM,PTK2B,GPR18,GAS6,IHH,HLX,IRF4,SHB,SHH,RHOH,STK11,EZH2,NFIL3,ZC3H12A,RC3H1,PIK3R6,IL23R,ARID2,CLEC4G,NRARP,METTL3,DTX1,ADGRG3,IFNL1,ZFPM1,LILRB2,SFRP1,ZC3H8,LFNG,LILRB4,NFKBID,BTN2A2,RSAD2,INPP5D,BAD,FOXJ1,SLAMF6,PGLYRP3,NLRP3,PGLYRP2,CCL19,NDFIP1,FANCD2,FOXP3,SEMA4A,RNF41,IL21,IL23A,SPINK5,CYLD,DLL4,TLR9,CHD7,PLA2G2D,PLCL2,HDAC5,PTPN22,FBXO7,MAFB"
"GO:BP","regulation of metal ion transport","GO:0010959","2.888219426656435e-68","67.53936981520003","369","1691","152","21017","DHRS7C,WWP2,SLN,GNB5,CASK,CASQ2,CLIC2,PDPK1,PER1,HCRT,DIAPH1,WFS1,STC2,OXSR1,ABL1,F2,SPINK1,PDGFB,EGF,TGFB1,IFNG,EPO,CXCL10,PRNP,THY1,SEMG1,ITGB3,CRH,SERPINE2,ADRB2,LYN,ADRA2A,CD63,MRLN,CCL3,BCL2,G6PD,DMD,CCL4,CCL2,CCL5,EDN3,TRIM27,DRD2,KCNE1,CD19,PPP3CB,PRKACA,ATF4,PLCG1,CAPN3,DRD1,DRD4,GAL,KEL,HRC,F2R,PLN,GSTM2,HTR2A,ADORA2A,PTPN6,NOS3,NOS1,PML,ADORA1,SRI,NTSR1,CORO1A,CASQ1,AKT1,SLC8A1,CTNNB1,IL13,PTGS2,DRD3,ACTN2,SNCA,OPRK1,HTT,BDKRB1,NEDD4,XCL1,CXCL12,STC1,HAP1,TMBIM6,CAV3,SIK1,FGF12,B2M,FKBP1A,VAMP2,SUMO1,FKBP1B,GSTO1,CX3CL1,HAMP,ANK2,PRKCE,ATP7A,FMR1,CXCL9,BAX,PPP3CA,PDE4D,ABCC8,KCNH2,ANK3,DLG1,AKAP6,TRDN,CAMK2D,PKD2,PTK2B,HES1,KCNAB1,PRKD1,HFE,NPSR1,CBARP,LILRB2,KCNRG,COMMD1,OSR1,UBASH3B,JPH3,RYR2,WNK4,NEDD4L,GPER1,P2RX7,CHP1,PKP2,JPH2,INPP5K,WNK3,LACRT,WNK1,GPR35,BPIFA1,TLR9,CHD7,STK39,CD84,KCNE5,PACSIN3,UBQLN1,CAMK2A,PTPN22,CAB39,SLC30A1"
"GO:BP","regulation of innate immune response","GO:0045088","6.4533449867502405e-68","67.19021511749986","430","1691","164","21017","ACOD1,LGALS9,AP3B1,TLR4,IPO5,DDX3X,FCN1,TRAFD1,AIM2,NCR3,EREG,PLSCR1,TLR3,PDPK1,IRAK2,TSPAN6,SH2D1A,FCN3,NCR1,RASGRP1,CRTAM,BCL10,TGFB1,INS,TNF,IFNB1,APOE,LTF,ESR1,SERPING1,ISG15,LYN,HMGB1,PARP1,HSPA1A,NLRP2B,IRF1,MBL2,LAMP1,PIM1,SRC,XRCC5,CCL5,CEACAM1,HLA-E,DRD2,PVR,VAV1,CD36,HLA-G,PTPN2,CR1,LBP,LAG3,TRIM21,EIF2AK2,NR1D1,TNFAIP3,SFPQ,NFKBIA,KLRK1,PIK3R1,PTPN6,IL12A,IL12B,AKT1,ARRB2,PHB,PPARG,RPS19,CD96,LEP,MNDA,WNT5A,MAPK8,SERPINB4,SERPINB9,IRAK1,STAT5B,NAGLU,NR1H2,F2RL1,TIRAP,NLRP6,PPP2CA,PRKDC,PRKCE,PTPN11,BTK,TYRO3,C1QBP,DHX9,EP300,TRIM32,TRAF3,NR1H3,PAK1,FADD,GPS2,NMI,SQSTM1,TRIM25,TNIP1,PRKD1,NONO,IRF4,TARBP2,OASL,NFE2L2,IFI16,TKFC,PYDC2,PIK3R6,DAB2IP,RAET1G,USP17L2,SARM1,SCIMP,NLRC3,ZC3HAV1,MAVS,METTL3,NLRX1,TAX1BP1,NLRC5,TICAM2,TICAM1,RAET1E,HAVCR2,CD300LF,CACTIN,PSPC1,RSAD2,SMPDL3B,SEC14L1,NECTIN2,MUL1,RAB7B,DHX58,SLAMF6,TRIM11,PELI1,NLRP3,NR1H4,ERBIN,PHB2,GFI1,TRIM62,LGR4,TRIM31,TRIM15,TRIM5,IL21,RTN4,TLR9,CD274,NFKBIL1,CD300A,PYCARD,UBQLN1,VSIG4,PTPN22,IRAK3,LY96"
"GO:BP","epithelial cell proliferation","GO:0050673","1.3092123700620499e-67","66.88298989992353","442","1691","166","21017","KRIT1,WNT7A,ITGB1BP1,OVOL1,NRP1,CASK,EREG,PDPK1,SNAI2,ZEB2,EGFR,SPINK1,MYC,HRAS,PDGFB,EGF,TGFB1,FSHB,PRL,TNF,APOA1,APOE,APOH,ESR1,ANG,ERBB2,IGF1,ITGB3,IL6,RB1,GPX1,THBS1,PKHD1,FGF2,HMGB1,HMOX1,TACSTD2,KIT,CDK4,BMP4,CCL2,CCL5,CEACAM1,DRD2,VEGFA,CEBPB,ENG,IGFBP3,PLCG1,NR1D1,HOXA5,PTN,NF1,TNFAIP3,BMP5,CDH3,IL10,MCC,GATA2,FSHR,EDNRB,IGFBP5,ZFP36,PTPRM,CD34,IL12A,IL12B,AKT1,CTNNB1,TIE1,HNF1B,SOX11,BMPR1A,SERPINF1,ACVRL1,PPARG,STAT3,LEP,WNT5A,HTR2B,STAT1,STAT6,CDKN1B,NOTCH1,CXCL12,SOX9,NOV,MMP14,BRCA2,GPC3,SLURP1,WNT3A,CLDN18,SYNJ2BP,PROK1,B2M,TGFB2,PRKDC,SMAD3,DAB2,ID2,PPARD,ATP7A,BTK,MEF2C,EGR3,ZFP36L1,BAX,BCL2L1,HYAL1,DLG1,STK4,MAP2K5,STK3,NOG,SEMA5A,BMPR2,HES1,IHH,HLX,PRKD1,PTPRK,SHH,RGN,TWIST1,STK11,HIF1A,PTPRN,DAB2IP,CDC73,VASH1,NLRC3,NRARP,SULF1,SFRP1,FLCN,OSR1,PROX1,HAS2,BAD,MARVELD3,EAF2,SIRT1,SFRP2,CPB2,NODAL,PHB2,NKX3-1,TINF2,LGR4,LACRT,SAV1,RGCC,MMRN2,PROK2,TCF7L2,RTN4,DLL4,GHRL,DACH1,GDF2,PLXNB3,BTRC,IRS2,MAGED1,ROBO1"
"GO:BP","hormone secretion","GO:0046879","1.766395807497117e-67","66.75291197473838","317","1691","140","21017","SNAP23,STXBP3,VGF,SYT7,KALRN,PARK2,RAB11FIP3,BAIAP3,EGFR,F2,SPINK1,POMC,GHRH,INS,TNF,IFNG,IL1B,FGA,FGB,FGG,RBP4,ANXA1,INHA,IL6,EDN1,PRKCB,CRH,LYN,INHBA,ADRA2A,NMB,INHBB,SPP1,PRKAR1A,CHGA,CYP19A1,CCL5,OSM,EDN3,DRD2,LIF,CREB1,PPP3CB,GJA1,PRKACA,PFKL,ADCYAP1,RAB3A,NR1D1,TRH,IL11,TACR2,CNR1,GAL,CRHBP,HTR2C,CD38,GNA11,ADORA1,SRI,NOS2,IRS1,HNF1B,SOX11,SREBF1,PPARG,OPRK1,LEP,HNF4A,P2RY1,NOV,MTNR1B,CPT1A,F2RL1,UCP2,FOXL2,SNAP25,VSNL1,FKBP1B,ABAT,DAB2,PRKCE,GHRHR,PTPN11,BTK,SOX4,PPP3CA,ABCC8,REST,TARDBP,DOC2B,ITPR1,KCNJ11,KCNB1,PRKD1,GPR68,ADIPOQ,CRY1,CARTPT,STX1A,HIF1A,HADH,PTPRN,HFE,MIDN,FFAR4,RAB11FIP1,BMP8A,PIM3,NDUFAF2,SFRP1,JAGN1,ACVR1C,PTPRN2,BAD,SYTL4,WNK4,NR1H4,PARK7,GPER1,NKX3-1,VAMP8,RBM4,RAB11FIP5,C1QTNF1,C1QTNF3,FGF23,NPVF,RETN,ENY2,PLCB1,TCF7L2,CHD7,GHRL,FZD4,FOXA2,STXBP5L,IRS2,SIRT4,PCLO"
"GO:BP","regulation of leukocyte proliferation","GO:0070663","2.1883639489025396e-67","66.6598804484009","265","1691","128","21017","LGALS9,TLR4,TNFRSF13B,GREM1,PDE5A,CRTAM,IL33,ADA,TGFB1,IL1B,EPO,IL2RA,ANXA1,CSF2,PRNP,CD74,ERBB2,IGF1,IL4,IL6,LYN,CD55,PTPRC,NMB,GSTP1,HMGB1,BCL2,PRKAR1A,KIT,IRF1,SCGB1A1,BMP4,CCL5,HLA-E,MIF,IDO1,CD46,SPN,CEBPB,HLA-G,CHRNB2,CR1,NF1,TNFAIP3,KITLG,ZP3,IL10,GAL,TNFSF4,CD38,PTPN6,IL12A,IL12B,CORO1A,SDC4,CTNNB1,IL13,SFTPD,SOX11,AHR,TGFBR2,LEP,BCL6,MNDA,CCR2,CD86,STAT6,CASP3,CDKN2A,TNFRSF4,XCL1,STAT5B,AIF1,WNT3A,TIRAP,PTK2,BTK,MEF2C,TNFRSF9,BCL2L1,PPP3CA,BST2,ZP4,DLG1,FADD,SLAMF1,ATM,SCRIB,LRRC32,HES1,IHH,GPNMB,AGER,SHH,PKN1,RC3H1,IL23R,CLEC4G,IL20RB,VTCN1,TICAM1,LILRB2,LILRB4,HAVCR2,MZB1,BTN2A2,INPP5D,FOXJ1,TNFRSF14,PELI1,PAWR,TSPAN32,CCL19,NDFIP1,PLA2G2F,FOXP3,IL21,IL23A,TLR9,CD274,CD300A,PYCARD,TNFSF18,PLA2G2D,VSIG4,PTPN22,IRS2,MAD1L1"
"GO:BP","regulation of transmembrane transport","GO:0034762","9.667721352059138e-67","66.0146758755386","442","1691","165","21017","DHRS7C,STXBP3,WWP2,SLN,GNB5,CASQ2,CLIC2,PDPK1,DIAPH1,ARL6IP5,OAZ2,OXSR1,ABL1,F2,TGFB1,INS,TNF,IFNG,IL1B,EPO,CXCL10,PRNP,THY1,IGF1,ITGB3,EDN1,PRKCB,CRH,ADRB2,LYN,THBS1,ADRA2A,CD63,BCL2,PIM1,G6PD,DMD,CCL2,EDN3,DRD2,BRAF,KCNE1,CD19,PPP3CB,RHOQ,PRKACA,PLCG1,CAPN3,DRD1,DRD4,ENPP1,GAL,KEL,HRC,CRHBP,F2R,PLN,PIK3R1,GSTM2,PTPN6,NOS1,PML,SRI,NTSR1,CORO1A,CASQ1,AKT1,SLC8A1,IL13,OPRM1,IRS1,ACTN2,SNCA,OPRK1,LEP,CCR2,HTT,BDKRB1,NEDD4,XCL1,SLC6A9,GSK3A,GPC3,HAP1,OAZ1,TMBIM6,CAV3,SLC26A5,FGF12,OSTN,FKBP1A,VAMP2,SUMO1,FKBP1B,DLG4,GSTO1,CX3CL1,HAMP,ANK2,PRKCE,ATP7A,RNASEL,PTPN11,MEF2C,FMR1,CXCL9,BAX,PPP3CA,PDE4D,KCNH2,ANK3,DLG1,AKAP6,TRDN,GRB10,CAMK2D,PKD2,PTK2B,KCNJ11,KCNAB1,PEA15,PRKD1,ADIPOQ,NFE2L2,FFAR4,CNIH2,NPSR1,PID1,NLGN1,CBARP,KCNRG,COMMD1,OSR1,UBASH3B,JPH3,RSC1A1,RYR2,WNK4,NEDD4L,CRBN,GPER1,P2RX7,PHB2,CHP1,JPH2,INPP5K,WNK3,OSBPL8,LACRT,WNK1,GPR35,GOPC,BPIFA1,TLR9,CHD7,STK39,KCNE5,NRXN1,UBQLN1,OAZ3,PTPN22,CAB39,TCAF1,IRS2,SLC30A1"
"GO:BP","regulation of hormone secretion","GO:0046883","2.8000587708431624e-66","65.5528328530917","261","1691","126","21017","SYT7,KALRN,PARK2,RAB11FIP3,BAIAP3,EGFR,F2,SPINK1,POMC,GHRH,INS,TNF,IFNG,IL1B,FGA,FGB,FGG,RBP4,ANXA1,INHA,IL6,EDN1,PRKCB,CRH,INHBA,ADRA2A,NMB,INHBB,SPP1,PRKAR1A,CHGA,CYP19A1,CCL5,OSM,EDN3,DRD2,LIF,CREB1,PPP3CB,GJA1,PRKACA,PFKL,ADCYAP1,NR1D1,TRH,IL11,TACR2,CNR1,GAL,CRHBP,HTR2C,CD38,GNA11,ADORA1,SRI,NOS2,IRS1,SOX11,SREBF1,PPARG,OPRK1,LEP,HNF4A,P2RY1,NOV,MTNR1B,CPT1A,F2RL1,UCP2,FOXL2,SNAP25,VSNL1,FKBP1B,ABAT,DAB2,PRKCE,GHRHR,PTPN11,SOX4,PPP3CA,ABCC8,REST,TARDBP,DOC2B,ITPR1,KCNJ11,KCNB1,PRKD1,GPR68,ADIPOQ,CRY1,CARTPT,STX1A,HIF1A,HADH,HFE,MIDN,FFAR4,RAB11FIP1,BMP8A,PIM3,NDUFAF2,SFRP1,JAGN1,ACVR1C,BAD,SYTL4,NR1H4,GPER1,NKX3-1,VAMP8,RAB11FIP5,C1QTNF1,C1QTNF3,FGF23,NPVF,RETN,ENY2,PLCB1,TCF7L2,CHD7,GHRL,FOXA2,STXBP5L,IRS2,SIRT4"
"GO:BP","wound healing","GO:0042060","2.733938245632343e-65","64.56321129952826","430","1691","161","21017","STXBP3,AP3B1,TLR4,WNT7A,CLDN4,TOR1A,CASK,EREG,PLSCR1,SYT7,FZD6,VPS4B,DGKI,F2,PLG,F12,TIMP1,HRAS,PDGFB,TGFB1,INS,TNF,COL3A1,APOE,FGA,FGB,FGG,APCS,APOH,FN1,PF4,KLKB1,PROC,ANXA1,PDGFA,HRG,KRT1,ERBB2,IGF1,ITGB3,SERPINB2,SERPINE1,SERPING1,IL6,EDN1,LCK,ITGAV,SERPINE2,GPX1,THBD,PROS1,LYN,THBS1,CTSG,SERPINF2,F7,ADRA2A,FGF2,TPM1,HMOX1,SRC,CEACAM1,VAV1,HTN1,VEGFA,ALOX15,PDGFRA,CD36,ENG,ADRA2B,VCL,ADRA2C,TSPAN8,RAB3A,NPR2,C4BPB,NF1,TNFAIP3,ERBB3,FBLN1,GATA2,F2R,CD34,ADORA2A,PTPN6,NOS3,FCER1G,AXL,SDC4,SLC6A4,PRDX2,MSX2,ACVRL1,PPARG,WNT5A,HNF4A,MTOR,WAS,P2RY1,RAB27A,F2RL1,CAV3,WNT3A,WNT4,NLRP6,PTEN,RAP2B,STXBP1,TGFB2,HBB,CYP4F2,CX3CL1,SMAD3,PRKCE,NRG1,PPARD,PLAUR,PTK2,PRKCD,TYRO3,PPARA,PPP3CA,DMTN,MERTK,PAK1,NOG,ILK,PRKG1,SCRIB,GAS6,SHH,NFE2L2,HIF1A,BLOC1S3,CLASP1,PHLDB2,ADIPOR2,ADAMTS18,UBASH3B,SYTL4,DTNBP1,CPB2,DCBLD2,TSPAN32,CORO1B,SYT11,C1QTNF1,LACRT,VPS33B,WFDC1,HPS4,DUOX2,DUOX1,BLOC1S4,POU2F3,BLOC1S6,HPS5,FOXA2,CHMP3,F11R,ARFGEF1"
"GO:BP","hormone transport","GO:0009914","3.831100414358499e-65","64.41667646487146","328","1691","140","21017","SNAP23,STXBP3,VGF,SYT7,KALRN,PARK2,RAB11FIP3,BAIAP3,EGFR,F2,SPINK1,POMC,GHRH,INS,TNF,IFNG,IL1B,FGA,FGB,FGG,RBP4,ANXA1,INHA,IL6,EDN1,PRKCB,CRH,LYN,INHBA,ADRA2A,NMB,INHBB,SPP1,PRKAR1A,CHGA,CYP19A1,CCL5,OSM,EDN3,DRD2,LIF,CREB1,PPP3CB,GJA1,PRKACA,PFKL,ADCYAP1,RAB3A,NR1D1,TRH,IL11,TACR2,CNR1,GAL,CRHBP,HTR2C,CD38,GNA11,ADORA1,SRI,NOS2,IRS1,HNF1B,SOX11,SREBF1,PPARG,OPRK1,LEP,HNF4A,P2RY1,NOV,MTNR1B,CPT1A,F2RL1,UCP2,FOXL2,SNAP25,VSNL1,FKBP1B,ABAT,DAB2,PRKCE,GHRHR,PTPN11,BTK,SOX4,PPP3CA,ABCC8,REST,TARDBP,DOC2B,ITPR1,KCNJ11,KCNB1,PRKD1,GPR68,ADIPOQ,CRY1,CARTPT,STX1A,HIF1A,HADH,PTPRN,HFE,MIDN,FFAR4,RAB11FIP1,BMP8A,PIM3,NDUFAF2,SFRP1,JAGN1,ACVR1C,PTPRN2,BAD,SYTL4,WNK4,NR1H4,PARK7,GPER1,NKX3-1,VAMP8,RBM4,RAB11FIP5,C1QTNF1,C1QTNF3,FGF23,NPVF,RETN,ENY2,PLCB1,TCF7L2,CHD7,GHRL,FZD4,FOXA2,STXBP5L,IRS2,SIRT4,PCLO"
"GO:BP","exocytosis","GO:0006887","6.683196626830006e-65","64.17501576127776","348","1691","144","21017","KLRF2,SNAP23,LGALS9,STXBP3,RAB27B,SDCBP,WNT7A,DVL1,UNC13B,LIN7A,CASK,SNPH,PDPK1,SYNJ1,SYT7,PARK2,PPFIA3,VPS4B,STX11,BAIAP3,RASGRP1,SNAPIN,IFNG,FGA,FGB,FGG,ANXA1,IL4,PRKCG,PRKCB,LYN,ADRA2A,CCL3,CHGA,KIT,BCR,LAMP1,CCL5,CEACAM1,BRAF,PPP3CB,FER,ATP2A2,SYN1,TPH1,RAB3A,RAB3B,RAB5A,SYT1,ZP3,GATA2,CRHBP,IL4R,HTR1B,CORO1A,SDC4,STX2,PFN2,IL13,SNCA,CCR2,NOTCH1,P2RY1,RAB7A,RAB27A,HAP1,NAPA,F2RL1,SNAP25,STX1B,STXBP1,VSNL1,RAP1A,VAMP2,CDK5,BTK,FMR1,ZP4,FOXF1,REST,PAK1,STX3,SCRIB,DOC2A,DOC2B,IL13RA2,KCNB1,RAB3GAP1,STXBP2,VAMP3,GRIK5,STX1A,SYTL3,LRRK2,SNAP47,SYT6,CPLX2,RAB11FIP1,SYT10,UNC13D,CLASP1,MILR1,CPLX4,SYT9,RIMS1,CADPS2,SYT12,SYTL1,NLGN1,CBARP,STX19,JAGN1,UNC13C,SYT8,STXBP6,TPCN2,SCAMP5,SYTL5,SYN2,SYTL4,DTNBP1,P2RX7,SEPT5,SYT3,SYT15,SYT11,VAMP8,RAB11FIP5,SRCIN1,RAB33B,SYT4,DNAJC5,RIMS4,OTOF,SYTL2,CD300A,CD84,RABGEF1,RIMS3,BLOC1S6,UNC13A,STXBP5L,ARFGEF1,PCLO"
"GO:BP","lymphocyte proliferation","GO:0046651","1.6123747438680396e-64","63.79253401322591","308","1691","135","21017","LGALS9,TLR4,TNFRSF13B,TNFSF14,PDE5A,RASGRP1,CRTAM,ABL1,ADA,TGFB1,IFNA2,IFNB1,IL1B,EPO,IL2RA,ANXA1,PRNP,CD74,ERBB2,TP53,IGF1,IL4,IL6,LYN,CD55,PTPRC,HMGB1,BCL2,PRKAR1A,IRF1,SCGB1A1,BMP4,CCL5,HLA-E,MIF,IDO1,CD19,CD46,SPN,PPP3CB,IL7R,GJA1,CEBPB,HLA-G,CHRNB2,CR1,KITLG,ZP3,IL10,GAL,TNFSF4,CD38,PTPN6,IL12A,IL12B,CORO1A,SDC4,PRDX2,CTNNB1,IL13,SFTPD,SOX11,AHR,TGFBR2,LEP,BCL6,MNDA,CCR2,CD86,CASP3,CDKN2A,TNFRSF4,XCL1,STAT5B,EMP2,AIF1,WNT3A,WNT4,TIRAP,FKBP1B,PRKCD,BTK,MEF2C,TNFRSF9,BAX,PPP3CA,ZP4,DLG1,FADD,SLAMF1,ATM,SCRIB,LRRC32,HES1,IHH,GPNMB,AGER,SHB,SHH,PKN1,RC3H1,IL23R,CLEC4G,IL20RB,VTCN1,TICAM1,LILRB2,LILRB4,HAVCR2,MZB1,BTN2A2,INPP5D,FOXJ1,TNFRSF14,PELI1,PAWR,TSPAN32,P2RX7,CCL19,NDFIP1,PLA2G2F,FOXP3,IL21,IL23A,TLR9,CD274,CD300A,PYCARD,TNFSF18,PLA2G2D,PLCL2,VSIG4,PTPN22,IRS2,MAD1L1"
"GO:BP","immune response-activating signaling pathway","GO:0002757","1.7883064500939355e-64","63.747558057027355","477","1691","169","21017","ACOD1,AP3B1,TLR4,IPO5,DDX3X,FCN1,AIM2,NCR3,RAB29,PLSCR1,TLR3,PDPK1,IRAK2,TSPAN6,LPXN,SH2D1A,FCN3,BCL10,ABL1,ADA,HRAS,TNF,LTF,ESR1,PRNP,THY1,PRKCB,LCK,LYN,PTPRC,HMGB1,PARP1,HSPA1A,NLRP2B,BCL2,IRF1,MBL2,SRC,CEACAM1,BRAF,EZR,CD19,VAV1,CD36,PTPN2,CR1,LBP,PLCG1,EIF2AK2,NFKB1,NR1D1,TNFAIP3,NFKBIA,KLRK1,PIK3R1,CD38,PTPN6,FCER1G,AKT1,ARRB2,CCR7,GBP1,PHB,MNDA,CSK,MAPK8,BAG6,DUSP3,IRAK1,NAGLU,F2RL1,UBASH3A,TIRAP,NLRP6,PPP2CA,PRKDC,PRKCE,PTK2,PRKCD,BTK,MEF2C,TYRO3,C1QBP,BAX,PDE4D,EP300,PTPRJ,TRIM32,TRAF3,NR1H3,EIF2B5,PAK1,GPS2,NMI,SQSTM1,TRIM25,TNIP1,PRKD1,IRF4,SHB,TARBP2,OASL,STK11,MICB,TKFC,PYDC2,ZC3H12A,RC3H1,DAB2IP,TRAT1,USP17L2,SARM1,SCIMP,NLRC3,ZC3HAV1,MAVS,VTCN1,NLRX1,TAX1BP1,TICAM2,TICAM1,LAX1,GCSAM,BANK1,LILRB4,NFKBID,HAVCR2,CD300LF,CACTIN,BTN2A2,RSAD2,SMPDL3B,SEC14L1,NECTIN2,INPP5D,RAB7B,DHX58,TRIM11,PELI1,PAWR,NLRP3,NR1H4,ERBIN,PHB2,GFI1,LGR4,FOXP3,TRIM31,TRIM15,WNK1,SLA2,PLEKHA1,RTN4,CYLD,TLR9,PHPT1,CD274,C5AR2,NFKBIL1,CD300A,EIF2B4,RABGEF1,STAP1,PYCARD,UBQLN1,PLCL2,PTPN22,IRAK3,LY96"
"GO:BP","regulation of inflammatory response","GO:0050727","3.640138765590097e-64","63.43888206031211","381","1691","150","21017","ACOD1,C2CD4B,TLR4,PDE2A,AIM2,TLR3,KLF4,SOCS5,SEMA7A,PGLYRP1,UFL1,IL33,SOD1,F12,ADA,TGFB1,INS,LTA,TNF,IFNG,IL1B,IL2RA,APOA1,APOE,APCS,ESR1,KLKB1,PROC,ANXA1,KRT1,IGF1,IL4,SERPINE1,IL6,RB1,GPX1,LYN,ELANE,PTPRC,GSTP1,CCL3,BCR,CYP19A1,SCGB1A1,SRC,CCL5,OSM,HLA-E,IDO1,ETS1,ALOX15,SPN,CEBPB,PTPN2,LBP,PLCG1,NFKB1,NR1D1,CNR1,TNFAIP3,ZP3,IL10,TNFSF4,EDNRB,NFKBIA,ZFP36,PSMB4,ADORA2A,PTPN6,IL12B,ADORA1,CCR7,GBP1,IL13,PTGS2,PTGER4,AHR,PPARG,SNCA,RPS19,STAT3,BCL6,CD200,WNT5A,CCR2,CASP3,PTGER3,XCL1,NOV,STAT5B,NLRP6,NLRP12,CX3CL1,S100A12,HAMP,SMAD3,IL1RL1,PPARD,PRKCD,BTK,TYRO3,PPARA,DHX9,HYAL2,FOXF1,NR1H3,MAPK7,GPS2,NMI,GPR17,ATM,NR1D2,TNIP1,AGER,NPY5R,ADIPOQ,PYDC2,FFAR4,LRRK2,TNFAIP8L2,RHBDF2,IL20RB,NLRC3,NLRX1,SMPDL3B,NLRP3,PGLYRP2,VPS35,NR1H4,PARK7,GPER1,MGST2,NDFIP1,SYT11,VAMP8,C1QTNF3,FANCD2,FOXP3,IL21,WFDC1,IL23A,CYLD,TLR9,GHRL,STK39,RABGEF1,STAP1,PYCARD,PLA2G2D,TNFRSF11A"
"GO:BP","mononuclear cell proliferation","GO:0032943","5.269597559851846e-64","63.278222550671586","315","1691","136","21017","LGALS9,TLR4,TNFRSF13B,TNFSF14,PDE5A,RASGRP1,CRTAM,ABL1,ADA,TGFB1,IFNA2,IFNB1,IL1B,EPO,IL2RA,ANXA1,PRNP,CD74,ERBB2,TP53,IGF1,IL4,IL6,LYN,CD55,PTPRC,HMGB1,BCL2,PRKAR1A,IRF1,SCGB1A1,BMP4,CCL5,HLA-E,MIF,IDO1,CD19,CD46,SPN,PPP3CB,IL7R,GJA1,CEBPB,HLA-G,CHRNB2,CR1,KITLG,ZP3,IL10,GAL,TNFSF4,CD38,PTPN6,IL12A,IL12B,CORO1A,SDC4,PRDX2,CTNNB1,IL13,SFTPD,SOX11,AHR,TGFBR2,LEP,BCL6,MNDA,CCR2,CD86,CASP3,CDKN2A,TNFRSF4,XCL1,STAT5B,EMP2,AIF1,WNT3A,WNT4,TIRAP,FKBP1B,PRKCD,BTK,MEF2C,TNFRSF9,BAX,BCL2L1,PPP3CA,ZP4,DLG1,FADD,SLAMF1,ATM,SCRIB,LRRC32,HES1,IHH,GPNMB,AGER,SHB,SHH,PKN1,RC3H1,IL23R,CLEC4G,IL20RB,VTCN1,TICAM1,LILRB2,LILRB4,HAVCR2,MZB1,BTN2A2,INPP5D,FOXJ1,TNFRSF14,PELI1,PAWR,TSPAN32,P2RX7,CCL19,NDFIP1,PLA2G2F,FOXP3,IL21,IL23A,TLR9,CD274,CD300A,PYCARD,TNFSF18,PLA2G2D,PLCL2,VSIG4,PTPN22,IRS2,MAD1L1"
"GO:BP","negative regulation of leukocyte cell-cell adhesion","GO:1903038","1.587877489031024e-63","62.79918300813705","136","1691","90","21017","LGALS9,CCL21,SOCS6,SMAD7,CCL25,KLF4,SOCS5,PDE5A,CRTAM,TGFB1,IFNA2,IFNB1,IL2RA,ANXA1,PRNP,CD74,ERBB2,IL4,CTSG,HMGB1,PRKAR1A,IRF1,SCGB1A1,BMP4,HLA-E,IDO1,SPN,CEBPB,HLA-G,PTPN2,CR1,LAG3,IL10,TNFSF4,IL4R,ADORA2A,PTPN6,SDC4,AKT1,PRDX2,SFTPD,BCL6,CASP3,CDKN2A,XCL1,CXCL12,DUSP3,JAK3,PPARA,DLG1,SCRIB,LRRC32,IHH,HLX,GPNMB,SHH,HFE,TIGIT,ZC3H12A,RC3H1,TNFAIP8L2,CLEC4G,IL20RB,NRARP,VTCN1,DTX1,IFNL1,LAX1,LILRB2,ZC3H8,LILRB4,HAVCR2,BTN2A2,FOXJ1,TNFRSF14,PELI1,PAWR,TSPAN32,NDFIP1,PLA2G2F,FOXP3,WNK1,CCL28,PAG1,CD274,CD300A,PLA2G2D,VSIG4,PTPN22,MAD1L1"
"GO:BP","maintenance of location","GO:0051235","5.530563747432998e-63","62.25723059746191","334","1691","139","21017","DHRS7C,NFKBIE,CCL21,CASQ2,CLIC2,PDPK1,CIDEA,DIAPH1,CCDC22,NOL3,PSMD10,TRPM2,SUN1,ABL1,F2,TGFB1,TNF,IL1B,APOA1,APOE,CXCL10,THY1,ITGB3,IL6,LCK,ITGAV,LYN,PTPRC,FGF2,SRGN,CCL3,TXN,DMD,DRD2,CD19,CD36,PRKACA,PTPN2,PLCG1,NFKB1,CAPN3,DRD1,RYR1,IL10,ENPP1,HRC,SP100,F2R,NFKBIA,PLN,GSTM2,HTR2A,HTR2C,PTPN6,NOS1,PML,SRI,NTSR1,CORO1A,CASQ1,AKT1,CCR7,SLC8A1,IL13,FBN1,ARL2,SREBF1,PPARG,SNCA,LEP,NBL1,HTR2B,HTT,RANGAP1,BDKRB1,XCL1,CPT1A,STAT5B,HAP1,NAGLU,NR1H2,FKBP1A,FKBP1B,GSTO1,CX3CL1,CDK5,HNRNPU,ANK2,PRKCE,NRG1,PPARD,CXCL9,BAX,PPARA,PDE4D,SREBF2,ANK3,AKAP6,TRDN,NR1H3,NR5A1,OS9,CAMK2D,PKD2,PTK2B,ITPR3,ITPR1,PRKD1,RYR3,CRY1,ZC3H12A,TAF3,NPSR1,CHERP,ACVR1C,TPCN2,UBASH3B,JPH3,RYR2,SIRT1,ERO1A,BBS4,PARK7,GPER1,P2RX7,BARD1,CCL19,MDFI,PKP2,JPH2,OSBPL8,MCOLN1,LACRT,PLCB1,IBTK,CHD7,G3BP2,FAF1,MAD1L1"
"GO:BP","regulated exocytosis","GO:0045055","8.627849079243347e-63","62.06409746030397","229","1691","115","21017","KLRF2,SNAP23,LGALS9,STXBP3,WNT7A,DVL1,UNC13B,CASK,SNPH,PDPK1,SYNJ1,SYT7,PPFIA3,STX11,BAIAP3,RASGRP1,SNAPIN,IL4,PRKCG,PRKCB,LYN,ADRA2A,CCL3,CHGA,KIT,BCR,LAMP1,CEACAM1,BRAF,PPP3CB,FER,ATP2A2,SYN1,TPH1,RAB3A,RAB5A,SYT1,ZP3,GATA2,CRHBP,IL4R,HTR1B,CORO1A,STX2,PFN2,IL13,SNCA,CCR2,NOTCH1,P2RY1,RAB27A,NAPA,F2RL1,SNAP25,STX1B,STXBP1,RAP1A,VAMP2,CDK5,BTK,FMR1,ZP4,FOXF1,REST,STX3,SCRIB,DOC2A,DOC2B,IL13RA2,KCNB1,RAB3GAP1,STXBP2,VAMP3,GRIK5,STX1A,LRRK2,SNAP47,SYT6,CPLX2,RAB11FIP1,SYT10,UNC13D,MILR1,CPLX4,SYT9,RIMS1,CADPS2,SYT12,NLGN1,CBARP,STX19,UNC13C,SYT8,SCAMP5,SYN2,DTNBP1,P2RX7,SEPT5,SYT3,SYT15,SYT11,VAMP8,RAB11FIP5,SYT4,DNAJC5,RIMS4,OTOF,CD300A,CD84,RABGEF1,RIMS3,BLOC1S6,UNC13A,STXBP5L,PCLO"
"GO:BP","positive regulation of secretion","GO:0051047","1.2517958100312052e-62","61.90246650643616","317","1691","135","21017","RAB27B,TLR4,APBB1,SDCBP,UNC13B,SYT7,VPS4B,BAIAP3,EGFR,F2,SPINK1,TGFB1,PRL,GHRH,INS,IFNG,IL1B,FGA,FGB,FGG,RBP4,ANG,IGF1,INHA,IL4,EDN1,PRKCB,CRH,INHBA,NMB,INHBB,SPP1,TGFB3,PRKAR1A,LAMP1,CYP19A1,EDN3,MIF,DRD2,CREB1,PPP3CB,PRKACA,CHRNB2,ADCYAP1,RAB3A,RAB5A,TRH,TACR2,SYT1,ZP3,GAL,GATA2,IL4R,CD38,ADORA2A,GNA11,ADORA1,OXTR,SRI,NTSR1,SDC4,SLC6A4,IL13,SOX11,PPARG,SNCA,GDNF,OPRK1,LEP,P2RY1,CXCL12,RAB7A,RAB27A,MAP2K6,NR1H2,F2RL1,FOXL2,SNAP25,STX1B,STXBP1,TGFB2,ARF6,VSNL1,CYP4F2,ABAT,DAB2,CDK5,PRKCE,GHRHR,PTPN11,SOX4,PPP3CA,ABCC8,PLA2R1,TARDBP,DOC2B,ITPR1,KCNB1,RAB3GAP1,PRKD1,GPR68,CARTPT,SLC18A3,STX1A,HIF1A,HFE,FFAR4,SYT10,UNC13D,CLASP1,CADPS2,NLGN1,SCAMP5,BAD,SYTL4,DTNBP1,CPB2,VPS35,NR1H4,GPER1,P2RX7,NKX3-1,VAMP8,C1QTNF1,C1QTNF3,LACRT,SYT4,PTPN23,RGCC,RETN,PLCB1,TCF7L2,GHRL,IRS2,TNFRSF11A"
"GO:BP","regulation of circadian rhythm","GO:0042752","1.7674461215720315e-62","61.75265381626408","114","1691","82","21017","BHLHE40,HDAC3,PER1,HCRTR2,PHLPP1,ROCK2,USP2,SOX14,GHRH,CSF2,TP53,PRKCG,CRH,ADRB1,PARP1,NPS,NR2F6,TOP2A,DRD2,KCNA2,CHRNB2,NR1D1,DRD4,SFPQ,ADORA2A,PML,GNA11,ADORA1,PPP1CC,PPARG,OPRL1,HNF4A,MTOR,NKX2-1,MAPK8,MAPK9,MTNR1B,GSK3B,RORC,MAPK10,PRKAA2,PER3,SIK1,PPP1CA,PRKDC,ID2,PPARA,ADCY1,KLF10,PRKAA1,NR1H3,TARDBP,PRKG1,HNRNPD,NR1D2,NONO,EZH2,ZFHX3,CRY1,CRTC1,PASD1,CCAR2,NLGN1,PIWIL2,PSPC1,RORB,PROX1,USP7,RBM4B,RBM4,CIPC,PPARGC1A,GHRL,SRRD,OPN4,MAGEL2,NOCT,FBXW11,TIMELESS,BTRC,THRAP3,MAGED1"
"GO:BP","regulation of mononuclear cell proliferation","GO:0032944","4.485755567593988e-62","61.34816439516173","240","1691","117","21017","LGALS9,TLR4,TNFRSF13B,PDE5A,CRTAM,ADA,TGFB1,IL1B,EPO,IL2RA,ANXA1,PRNP,CD74,ERBB2,IGF1,IL4,IL6,LYN,CD55,PTPRC,HMGB1,BCL2,PRKAR1A,IRF1,SCGB1A1,BMP4,CCL5,HLA-E,MIF,IDO1,CD46,SPN,CEBPB,HLA-G,CHRNB2,CR1,KITLG,ZP3,IL10,GAL,TNFSF4,CD38,PTPN6,IL12A,IL12B,CORO1A,SDC4,CTNNB1,IL13,SFTPD,SOX11,AHR,TGFBR2,LEP,BCL6,MNDA,CCR2,CD86,CASP3,CDKN2A,TNFRSF4,XCL1,STAT5B,AIF1,WNT3A,TIRAP,BTK,MEF2C,TNFRSF9,BCL2L1,PPP3CA,ZP4,DLG1,FADD,SLAMF1,ATM,SCRIB,LRRC32,HES1,IHH,GPNMB,AGER,SHH,PKN1,RC3H1,IL23R,CLEC4G,IL20RB,VTCN1,TICAM1,LILRB2,LILRB4,HAVCR2,MZB1,BTN2A2,INPP5D,FOXJ1,TNFRSF14,PELI1,PAWR,TSPAN32,CCL19,NDFIP1,PLA2G2F,FOXP3,IL21,IL23A,TLR9,CD274,CD300A,PYCARD,TNFSF18,PLA2G2D,VSIG4,PTPN22,IRS2,MAD1L1"
"GO:BP","regulation of lymphocyte proliferation","GO:0050670","4.8984539144798325e-62","61.30994097351512","236","1691","116","21017","LGALS9,TLR4,TNFRSF13B,PDE5A,CRTAM,ADA,TGFB1,IL1B,EPO,IL2RA,ANXA1,PRNP,CD74,ERBB2,IGF1,IL4,IL6,LYN,CD55,PTPRC,HMGB1,BCL2,PRKAR1A,IRF1,SCGB1A1,BMP4,CCL5,HLA-E,MIF,IDO1,CD46,SPN,CEBPB,HLA-G,CHRNB2,CR1,KITLG,ZP3,IL10,GAL,TNFSF4,CD38,PTPN6,IL12A,IL12B,CORO1A,SDC4,CTNNB1,IL13,SFTPD,SOX11,AHR,TGFBR2,LEP,BCL6,MNDA,CCR2,CD86,CASP3,CDKN2A,TNFRSF4,XCL1,STAT5B,AIF1,WNT3A,TIRAP,BTK,MEF2C,TNFRSF9,PPP3CA,ZP4,DLG1,FADD,SLAMF1,ATM,SCRIB,LRRC32,HES1,IHH,GPNMB,AGER,SHH,PKN1,RC3H1,IL23R,CLEC4G,IL20RB,VTCN1,TICAM1,LILRB2,LILRB4,HAVCR2,MZB1,BTN2A2,INPP5D,FOXJ1,TNFRSF14,PELI1,PAWR,TSPAN32,CCL19,NDFIP1,PLA2G2F,FOXP3,IL21,IL23A,TLR9,CD274,CD300A,PYCARD,TNFSF18,PLA2G2D,VSIG4,PTPN22,IRS2,MAD1L1"
"GO:BP","positive regulation of secretion by cell","GO:1903532","1.1312035695913681e-61","60.946459233098636","294","1691","129","21017","RAB27B,TLR4,APBB1,SDCBP,UNC13B,SYT7,VPS4B,BAIAP3,EGFR,F2,SPINK1,TGFB1,GHRH,INS,IFNG,IL1B,FGA,FGB,FGG,RBP4,ANG,IGF1,INHA,IL4,EDN1,PRKCB,CRH,INHBA,NMB,INHBB,SPP1,TGFB3,PRKAR1A,LAMP1,CYP19A1,EDN3,MIF,DRD2,CREB1,PPP3CB,PRKACA,CHRNB2,ADCYAP1,RAB3A,RAB5A,TRH,TACR2,SYT1,ZP3,GAL,GATA2,IL4R,CD38,ADORA2A,GNA11,OXTR,SRI,NTSR1,SDC4,SLC6A4,IL13,SOX11,PPARG,SNCA,GDNF,OPRK1,LEP,P2RY1,CXCL12,RAB7A,RAB27A,MAP2K6,NR1H2,F2RL1,FOXL2,SNAP25,STX1B,STXBP1,TGFB2,ARF6,VSNL1,ABAT,DAB2,CDK5,PRKCE,GHRHR,PTPN11,SOX4,ABCC8,TARDBP,DOC2B,ITPR1,KCNB1,RAB3GAP1,PRKD1,GPR68,CARTPT,SLC18A3,STX1A,HIF1A,HFE,FFAR4,SYT10,UNC13D,CLASP1,CADPS2,NLGN1,SCAMP5,BAD,SYTL4,DTNBP1,CPB2,VPS35,NR1H4,GPER1,P2RX7,NKX3-1,VAMP8,C1QTNF1,C1QTNF3,SYT4,PTPN23,RGCC,RETN,PLCB1,TCF7L2,GHRL,IRS2,TNFRSF11A"
"GO:BP","ERK1 and ERK2 cascade","GO:0070371","1.7763886783440568e-61","60.75046200342697","318","1691","134","21017","LGALS9,TLR4,CCL21,ITGB1BP1,NRP1,CCL25,SPRY1,HCRTR1,SEMA7A,RASGRP1,ABL1,EGFR,MYC,HRAS,PDGFB,EGF,TGFB1,TNF,IL1B,EPO,APOE,FGA,FGB,FGG,FN1,HMGCR,PDGFA,CD74,ERBB2,IGF1,ITGB3,EDN1,ICAM1,ITGAV,LYN,INHBA,PTPRC,FGF4,SERPINF2,PKHD1,FGF2,GSTP1,HMGB1,CTSH,CCL3,DMD,BMP4,SRC,CCL4,CCL2,CCL5,CEACAM1,MIF,DRD2,LIF,BRAF,EZR,VEGFA,ALOX15,PDGFRA,CD36,PTPN2,ADCYAP1,NF1,FGFR3,FBLN1,FSHR,F2R,MT3,HTR2A,HTR2C,PTPN6,OXTR,ARRB2,CCR7,GBP1,PHB,OPRM1,PTGER4,CSK,HTR2B,NOTCH1,P2RY1,XCL1,SOX9,ARRB1,DUSP3,F2RL1,SYNJ2BP,TIRAP,NLRP6,NLRP12,RAP1A,CX3CL1,DAB2,NRG1,PTPN11,ZFP36L1,DLG1,SLAMF1,GRB10,PIN1,PTK2B,GAS6,GPNMB,TNIP1,AGER,PTPRR,ANGPT1,NPY5R,ADIPOQ,FFAR4,DAB2IP,SCIMP,NPSR1,TBC1D10C,FLCN,HAVCR2,BTN2A2,WNK4,NODAL,GPER1,PHB2,CCL19,CIB1,FGF23,SEMA6A,TLR9,NRXN1,NDRG4,PYCARD,PTPN22,GPR55,TNFRSF11A"
"GO:BP","positive regulation of MAPK cascade","GO:0043410","1.53913687112751e-60","59.81272275786033","465","1691","162","21017","LGALS9,TLR4,SDCBP,CCL21,WNT7A,NRP1,TP73,CCL25,TLR3,HCRTR1,ROCK2,SEMA7A,ARL6IP5,RASGRP1,SOD1,ABL1,EGFR,HRAS,PDGFB,EGF,TGFB1,INS,TNF,IL1B,EPO,APOE,FGA,FGB,FGG,PDGFA,CD74,ERBB2,IGF1,ITGB3,IL6,EDN1,ICAM1,ADRB2,LYN,THBS1,ELANE,INHBA,PTPRC,FGF4,SERPINF2,ADRA2A,FGF2,HMGB1,CCL3,TGFB3,KIT,IAPP,BMP4,SRC,CCL4,CCL2,CCL5,OSM,ADRB3,EDN3,MIF,DRD2,LIF,BRAF,VEGFA,ALOX15,PDGFRA,CD36,IGFBP3,ADRA2B,ADCYAP1,ADRA2C,EIF2AK2,IL11,DRD4,FGFR3,FSHR,F2R,MT3,CD27,HTR2A,HTR2C,ERP29,ADORA1,PRDX2,ARRB2,CCR7,CTNNB1,PHB,OPRM1,OPRK1,LEP,WNT5A,HTR2B,NOTCH1,P2RY1,XCL1,ARRB1,MAP2K6,F2RL1,WNT4,PROK1,TIRAP,TGFB2,RAP1A,CX3CL1,S100A12,PRKCE,NRG1,MAP3K10,PTPN11,MEF2C,PTPRJ,PAK1,MAP2K5,STK3,SLAMF1,PTK2B,GAS6,GRM4,GPNMB,AGER,ANGPT1,NPY5R,EZH2,NTRK3,CARTPT,NTRK2,ZC3H12A,FFAR4,LRRK2,PIK3R6,DAB2IP,SCIMP,NPSR1,WWC1,BANK1,HAVCR2,NKD1,NODAL,GPER1,P2RX7,PHB2,CCL19,CIB1,PRMT1,C1QTNF1,TRIM5,SEMA4C,FGF23,PLCB1,TLR9,GHRL,STK39,NRXN1,NDRG4,PYCARD,EDAR,PTPN22,GPR55,ROBO1,TNFRSF11A"
"GO:BP","regulation of epithelial cell proliferation","GO:0050678","2.9655400848681235e-60","59.52789620128184","363","1691","142","21017","KRIT1,WNT7A,OVOL1,NRP1,CASK,EREG,PDPK1,SNAI2,EGFR,SPINK1,MYC,HRAS,PDGFB,EGF,TGFB1,PRL,TNF,APOE,APOH,ANG,ERBB2,IGF1,ITGB3,RB1,GPX1,THBS1,PKHD1,FGF2,HMGB1,HMOX1,TACSTD2,CDK4,BMP4,CCL2,CCL5,CEACAM1,DRD2,VEGFA,ENG,PLCG1,NR1D1,HOXA5,PTN,NF1,TNFAIP3,BMP5,CDH3,IL10,MCC,GATA2,EDNRB,ZFP36,PTPRM,IL12A,IL12B,AKT1,CTNNB1,TIE1,SOX11,BMPR1A,SERPINF1,ACVRL1,PPARG,STAT3,LEP,WNT5A,HTR2B,STAT1,CDKN1B,NOTCH1,CXCL12,SOX9,BRCA2,GPC3,SLURP1,WNT3A,SYNJ2BP,PROK1,B2M,TGFB2,PRKDC,SMAD3,DAB2,PPARD,ATP7A,BTK,MEF2C,EGR3,ZFP36L1,BAX,HYAL1,DLG1,STK4,MAP2K5,STK3,NOG,SEMA5A,HES1,IHH,HLX,PRKD1,PTPRK,SHH,RGN,TWIST1,STK11,HIF1A,PTPRN,DAB2IP,CDC73,VASH1,NLRC3,NRARP,SULF1,SFRP1,FLCN,OSR1,PROX1,HAS2,BAD,MARVELD3,EAF2,SIRT1,SFRP2,CPB2,NODAL,PHB2,NKX3-1,TINF2,LACRT,SAV1,RGCC,MMRN2,TCF7L2,RTN4,DLL4,GHRL,GDF2,PLXNB3,IRS2,MAGED1,ROBO1"
"GO:BP","negative regulation of defense response","GO:0031348","3.592525260553146e-60","59.444600169476196","252","1691","118","21017","ACOD1,LGALS9,TRIM38,TRAFD1,KLF4,SOCS5,PGLYRP1,PPM1B,IL33,SOD1,ADA,TGFB1,INS,IL2RA,APOA1,APOE,APCS,PROC,KRT1,IGF1,IL4,SERPING1,ISG15,RB1,GPX1,LYN,ELANE,PTPRC,GSTP1,PARP1,BCR,PIM1,CYP19A1,SRC,CEACAM1,HLA-E,DRD2,SPN,HLA-G,PTPN2,CR1,PLCG1,TRIM21,NFKB1,NR1D1,TNFAIP3,IL10,ZFP36,PSMB4,ADORA2A,PTPN6,IL12B,ADORA1,ARRB2,IL13,PTGER4,AHR,PPARG,RPS19,CD96,STAT3,CD200,SERPINB4,NOV,SERPINB9,NR1H2,NLRP6,NLRP12,CX3CL1,HAMP,SMAD3,PPARD,PRKCD,TYRO3,C1QBP,PPARA,FOXF1,NR1H3,MAPK7,GPS2,NMI,GPR17,NR1D2,TARBP2,NPY5R,ADIPOQ,IFI16,MICB,PYDC2,FFAR4,TNFAIP8L2,RHBDF2,IL20RB,NLRC3,MAVS,METTL3,NLRX1,NLRC5,HAVCR2,TRAF3IP1,CACTIN,SMPDL3B,MUL1,DHX58,VPS35,NR1H4,GPER1,NDFIP1,SYT11,C1QTNF3,FOXP3,WFDC1,SPINK5,CYLD,GHRL,RABGEF1,VSIG4,IRAK3"
"GO:BP","regulation of kinase activity","GO:0043549","6.069099477533605e-60","59.21687574400733","469","1691","162","21017","TLR4,MEN1,IPO5,DDX3X,ITGB1BP1,EREG,TLR3,PDPK1,PARK2,NBN,SOCS5,PSMD10,CCNK,RASGRP1,CCNE2,SOD1,ABL1,EGFR,F2,HRAS,PDGFB,EGF,INS,TNF,IFNG,IL1B,APOE,LTF,ANG,PDGFA,PRNP,THY1,CD74,ERBB2,IGF1,ITGB3,IL4,EDN1,RB1,ADRB2,LYN,THBS1,HSP90AB1,ELANE,PTPRC,ADRA2A,FGF2,GSTP1,TXN,MAPT,PRKAR1A,SRC,XRCC5,CEACAM1,EDN3,TRIM27,VEGFA,ADRA2B,ADCYAP1,ADRA2C,AZU1,NF1,EPHA1,DRD4,MT3,ERP29,PRDX3,DNAJA1,AKT1,CCR7,CHRNA3,SLC8A1,PHB,TGFBR2,PPARG,SNCA,LEP,WNT5A,HTR2B,CD86,CDKN2A,CDKN2C,HTT,CDKN1B,DUSP3,HMGA2,PLK1,EMP2,CDKN2D,CAV3,PTEN,RAP2B,TGFB2,PKIA,RAP1A,PPP2CA,DLG4,ADARB1,S100A12,HNRNPU,NRG1,MAP3K10,PTK2,PRKCD,HYAL2,PTPRJ,PAK1,MAP2K5,UNC119,PTK2B,GAS6,CDK5R1,PPP2R5A,ANGPT1,TARBP2,STK11,ADIPOQ,EZH2,NTRK3,CARTPT,MIDN,LRRK2,PIK3R6,DAB2IP,PSRC1,LDB1,NLRC5,LAX1,LILRB4,ZNF675,PYDC1,PIBF1,PROX1,RAD50,BAD,SIRT1,CDK5RAP3,TRIB1,PARK7,PHB2,CHP1,CCL19,CIB1,INPP5K,GTPBP4,SRCIN1,WWTR1,TSPYL2,RGCC,CD300A,NRXN1,CORO1C,PYCARD,FOXA2,PKIG,PTPN22,CAB39,RAP2C,IRS2,IRAK3,ROBO1,TNFRSF11A"
"GO:BP","negative regulation of immune response","GO:0050777","7.396523489088609e-60","59.130972359225","192","1691","103","21017","ACOD1,LGALS9,TRAFD1,SMAD7,SOCS5,PGLYRP1,IL33,TGFB1,INS,IFNA2,IFNB1,COL3A1,AMBP,C4BPA,ANXA1,IL4,SERPING1,ISG15,GPX1,LYN,CD55,PTPRC,PARP1,BCR,PIM1,SRC,CEACAM1,HLA-E,TRIM27,DRD2,CD46,ALOX15,SPN,PPP3CB,FER,IL7R,HLA-G,PTPN2,CR1,PLCG1,TRIM21,C4BPB,TNFAIP3,IL10,TNFSF4,IL4R,PSMB4,PTPN6,IL12B,ARRB2,AHR,PPARG,RPS19,CD96,BCL6,CCR2,STAT6,XCL1,SERPINB4,SERPINB9,JAK3,NR1H2,NLRP6,IL1RL1,TYRO3,NR1H3,NMI,SLAMF1,GPR17,HLX,NPY5R,IFI16,HFE,ZC3H12A,RC3H1,FCRLB,RHBDF2,IL27RA,CLEC4G,IL20RB,NLRC3,MAVS,METTL3,NLRX1,NLRC5,IFNL1,LILRB4,HAVCR2,CACTIN,INPP5D,FOXJ1,TNFRSF14,MUL1,DHX58,PGLYRP3,PGLYRP2,NDFIP1,FOXP3,SPINK5,SAMSN1,CD300A,VSIG4,IRAK3"
"GO:BP","response to lipopolysaccharide","GO:0032496","1.2411406640161534e-59","58.90617899517806","337","1691","136","21017","ACOD1,LGALS9,TLR4,CYP27B1,IRAK2,CXCL13,BCL10,ABL1,LTA,TNF,IL1B,EPO,PF4,CXCL10,LTF,SLPI,CSF2,SOD2,SERPINE1,MPO,IL6,EDN1,TH,THBD,LYN,CD55,ELANE,CTSG,GSTP1,HMGB1,RARA,BCR,SCGB1A1,CDK4,DEFA4,SRC,CCL2,MIF,IDO1,NQO1,FER,CD36,BPI,CEBPB,LBP,NFKB1,NR1D1,CNR1,TNFAIP3,IL10,TNFSF4,EDNRB,F2R,NFKBIA,ZFP36,KLRK1,IL12A,IL12B,NOS3,NOS1,PRDX3,AXL,GCH1,AKT1,PRDX2,CCR7,CNR2,IL13,NOS2,PTGS2,PTGER4,SNCA,CD96,OPRK1,WNT5A,CD86,CASP3,MAPK8,NOTCH1,BDKRB1,CX3CR1,CAMP,IRAK1,NAGLU,TIRAP,DEFA3,CX3CL1,NFKB2,DEFA6,PRKCE,IRF8,BTK,MEF2C,CXCL9,ABCC8,IL24,NR1H3,TNIP1,ZC3H12A,IL23R,DAB2IP,CDC73,CTR9,SCIMP,TICAM2,TICAM1,LILRB2,PAF1,HAVCR2,CACTIN,HDAC2,PELI1,NLRP3,NR1H4,ERBIN,TRIB1,P2RX7,GFI1,LITAF,MGST2,CITED1,FOXP3,TRIM5,LACRT,TLR9,CD274,NFKBIL1,IL36RN,NOCT,STAP1,PYCARD,HDAC5,PTPN22,IRAK3,TNFRSF11A,LY96"
"GO:BP","regulation of leukocyte mediated immunity","GO:0002703","3.0110759754363904e-59","58.52127828623533","243","1691","115","21017","LGALS9,TLR4,NCR3,SMAD7,TLR3,PDPK1,SH2D1A,NCR1,RASGRP1,CRTAM,TGFB1,LTA,TNF,IFNA2,IFNB1,IL1B,C4BPA,IL4,IL6,ICAM1,FCER2,LYN,CD55,PTPRC,HMGB1,KIT,BCR,LAMP1,CEACAM1,HLA-E,PVR,VAV1,CD46,SPN,PPP3CB,FER,IL7R,HLA-G,CR1,LAG3,C4BPB,ZP3,IL10,TNFSF4,GATA2,IL4R,KLRK1,PTPN6,IL12A,IL12B,ARRB2,IL13,NOS2,AHR,CD96,LEP,BCL6,CCR2,STAT6,WAS,MSH2,XCL1,SERPINB4,CX3CR1,SERPINB9,STAT5B,JAK3,F2RL1,STXBP1,B2M,BTK,BST2,FOXF1,FADD,SLAMF1,IL13RA2,AGER,STXBP2,MICB,HFE,PIK3R6,IL23R,RAET1L,RAET1G,IL27RA,SCIMP,CLEC4G,IL20RB,UNC13D,MAVS,TICAM2,TICAM1,LILRB4,RAET1E,HAVCR2,RSAD2,NECTIN2,FOXJ1,SLAMF6,NLRP3,P2RX7,NDFIP1,VAMP8,ULBP3,ULBP2,ULBP1,FOXP3,IL21,IL23A,TLR9,CD300A,MAD2L2,CD84,RABGEF1,STAP1"
"GO:BP","negative regulation of hemopoiesis","GO:1903707","4.239317313557645e-59","58.372704075205895","115","1691","80","21017","TLR4,TNFRSF11B,SMAD7,TLR3,SNAI2,LILRB3,SOCS5,PGLYRP1,FSTL3,MYC,IFNA2,IFNB1,APCS,LTF,ANXA1,CD74,ERBB2,INHA,IL4,LYN,INHBA,HMGB1,CCL3,RARA,IRF1,IAPP,BMP4,CEACAM1,HLA-G,PTPN2,CR1,LAG3,NF1,TNFSF4,GATA2,IL4R,PIK3R1,HOXA7,PRDX2,CTNNB1,FBN1,HSPA9,BCL6,CDKN2A,JAK3,CLDN18,ID2,CUL4A,TOB2,IHH,HLX,SHH,GPR68,ADIPOQ,CARTPT,TMEM176B,ZC3H12A,RC3H1,CLEC4G,NRARP,ZBTB46,DTX1,IFNL1,ZFPM1,SFRP1,ZC3H8,TMEM178A,LILRB4,ZNF675,UBASH3B,INPP5D,FOXJ1,TMEM176A,PGLYRP3,PGLYRP2,TRIB1,FOXP3,GPR55,FBXO7,MAFB"
"GO:BP","positive regulation of leukocyte activation","GO:0002696","5.041554230208419e-59","58.29743555689821","355","1691","139","21017","LGALS9,AP3B1,TLR4,CCL21,PDPK1,FOXO3,TNFSF14,SOCS5,RASGRP1,IL33,BCL10,ABL1,ADA,TGFB1,TNF,IFNG,IL1B,EPO,IL2RA,ANXA1,THY1,CD74,IGF1,IL4,IL6,LCK,HLA-DOA,LYN,THBS1,CD55,PTPRC,HMGB1,CCL3,RARA,BCL2,SRC,CCL2,CCL5,HLA-E,MIF,VAV1,CD46,SPN,IL7R,HLA-G,CHRNB2,CR1,LBP,KITLG,ZP3,IL10,TNFSF4,IL4R,KLRK1,CD27,ITPKB,CD38,PTPN6,IL12A,IL12B,AXL,CORO1A,AKT1,CCR7,IL13,TGFBR2,LEP,BCL6,WNT5A,CSK,CCR2,CD86,STAT6,MTOR,MSH2,TNFRSF4,XCL1,MMP14,SMARCA2,SMARCA4,STAT5B,AIF1,WNT3A,TIRAP,B2M,PRKDC,HAMP,IL1RL1,ZBTB16,PTPN11,BTK,MEF2C,EGR3,SOX4,PPP3CA,ZP4,FADD,SLAMF1,GAS6,HES1,IHH,HLX,AGER,SHB,SHH,RHOH,LRRK2,PIK3R6,IL23R,ARID2,BLOC1S3,VTCN1,TICAM2,TICAM1,LILRB2,LILRB4,NFKBID,HAVCR2,BTN2A2,HSPH1,NECTIN2,INPP5D,BAD,TNFRSF14,PELI1,NLRP3,CCL19,FOXP3,IL21,IL23A,CYLD,TLR9,CD274,MAD2L2,BLOC1S6,STAP1,PYCARD,PTPN22,IRS2"
"GO:BP","response to molecule of bacterial origin","GO:0002237","5.041554230208419e-59","58.29743555689821","355","1691","139","21017","SSC5D,ACOD1,LGALS9,TLR4,CYP27B1,IRAK2,CXCL13,BCL10,ABL1,LTA,TNF,IL1B,EPO,PF4,CXCL10,LTF,SLPI,CSF2,SOD2,SERPINE1,MPO,IL6,EDN1,TH,THBD,LYN,CD55,ELANE,CTSG,GSTP1,HMGB1,RARA,BCR,SCGB1A1,CDK4,DEFA4,SRC,CCL2,MIF,IDO1,NQO1,FER,CD36,BPI,CEBPB,LBP,NFKB1,NR1D1,CNR1,TNFAIP3,IL10,TNFSF4,EDNRB,F2R,NFKBIA,ZFP36,KLRK1,IL12A,IL12B,NOS3,NOS1,PRDX3,AXL,GCH1,AKT1,PRDX2,CCR7,CNR2,IL13,NOS2,PTGS2,PTGER4,AHR,SNCA,CD96,OPRK1,WNT5A,CD86,CASP3,MAPK8,NOTCH1,BDKRB1,CX3CR1,CAMP,IRAK1,NAGLU,TIRAP,DEFA3,B2M,CX3CL1,NFKB2,DEFA6,PRKCE,IRF8,BTK,MEF2C,CXCL9,ABCC8,IL24,NR1H3,TNIP1,ZC3H12A,IL23R,DAB2IP,CDC73,CTR9,SCIMP,TICAM2,TICAM1,LILRB2,PAF1,HAVCR2,CACTIN,HDAC2,PELI1,NLRP3,NR1H4,ERBIN,TRIB1,P2RX7,GFI1,LITAF,MGST2,CITED1,FOXP3,TRIM5,LACRT,TLR9,CD274,NFKBIL1,IL36RN,NOCT,STAP1,PYCARD,HDAC5,PTPN22,IRAK3,TNFRSF11A,LY96"
"GO:BP","negative regulation of leukocyte differentiation","GO:1902106","1.2072642869805781e-58","57.918197646378964","110","1691","78","21017","TLR4,TNFRSF11B,SMAD7,TLR3,LILRB3,SOCS5,PGLYRP1,FSTL3,MYC,IFNA2,IFNB1,APCS,LTF,ANXA1,CD74,ERBB2,INHA,IL4,LYN,INHBA,HMGB1,CCL3,RARA,IRF1,IAPP,BMP4,CEACAM1,HLA-G,PTPN2,CR1,LAG3,NF1,TNFSF4,GATA2,IL4R,PIK3R1,HOXA7,PRDX2,CTNNB1,FBN1,BCL6,CDKN2A,JAK3,CLDN18,ID2,CUL4A,TOB2,IHH,HLX,SHH,GPR68,ADIPOQ,CARTPT,TMEM176B,ZC3H12A,RC3H1,CLEC4G,NRARP,ZBTB46,DTX1,IFNL1,ZFPM1,SFRP1,ZC3H8,TMEM178A,LILRB4,ZNF675,UBASH3B,INPP5D,FOXJ1,TMEM176A,PGLYRP3,PGLYRP2,TRIB1,FOXP3,GPR55,FBXO7,MAFB"
"GO:BP","modulation of chemical synaptic transmission","GO:0050804","1.7188568593562857e-58","57.76476028839735","490","1691","164","21017","CACNA1A,WNT7A,DVL1,CASK,SYN3,VGF,LRRTM2,SYT7,HCRT,PARK2,PPFIA3,DGKI,SNCG,BAIAP3,TSPOAP1,SNAPIN,ABL1,EGFR,PLG,HRAS,INS,TNF,IL1B,APOE,HMGCR,PRNP,PRKCG,EDN1,PRKCB,CRH,SERPINE2,ADRB2,ADRA2A,NPS,RARA,MAPT,KIT,EGR2,BCR,CCL2,DRD2,BRAF,PPP3CB,ATP2A2,SYN1,PRKACA,CHRNB2,ATF4,PLCG1,RAB3A,RAB5A,PTN,NF1,TACR2,CNR1,SYT1,DRD1,F2R,HTR1B,HTR2A,CD38,ADORA2A,ADORA1,OXTR,CHRNB4,SLC6A4,ARRB2,CHRNA3,CNR2,PFN2,PTGS2,DRD3,SNCA,WNT5A,CCR2,DCC,MAPK9,MAP1B,P2RY1,SLC6A9,CX3CR1,GSK3B,HAP1,WNT3A,NRG3,PTEN,SNAP25,STX1B,STXBP1,RAP1A,VAMP2,ASIC1,DLG4,CX3CL1,CDK5,CACNA1B,ROR2,PRKCE,MEF2C,FMR1,PPP3CA,ADCY1,ABR,NOG,STX3,SQSTM1,MTMR2,PTK2B,ITPR3,KCNB1,GRM7,GRM4,RAB3GAP1,AGER,NPY5R,ADIPOQ,GRIK5,SLC18A3,NTRK2,STX1A,LRRK2,SNAP47,CPLX2,PXK,CPLX4,LRRTM1,RIMS1,KCNMB4,SYT12,NLGN1,LILRB2,PNKD,UNC13C,BRSK1,JPH3,DTNBP1,BTBD9,VPS35,GPER1,LGMN,SEPT5,SYT11,ABHD6,SYT4,ADNP,RIMS4,OTOF,RETN,PLCB1,RTN4,EIF2AK4,GHRL,RIMS3,NRXN1,PPP1R9A,ZMYND8,PACSIN2,PLCL2,UNC13A,CAMK2A,STXBP5L,NRXN3,SNCAIP,SLC30A1"
"GO:BP","regulation of trans-synaptic signaling","GO:0099177","2.3828988914371787e-58","57.62289438477166","491","1691","164","21017","CACNA1A,WNT7A,DVL1,CASK,SYN3,VGF,LRRTM2,SYT7,HCRT,PARK2,PPFIA3,DGKI,SNCG,BAIAP3,TSPOAP1,SNAPIN,ABL1,EGFR,PLG,HRAS,INS,TNF,IL1B,APOE,HMGCR,PRNP,PRKCG,EDN1,PRKCB,CRH,SERPINE2,ADRB2,ADRA2A,NPS,RARA,MAPT,KIT,EGR2,BCR,CCL2,DRD2,BRAF,PPP3CB,ATP2A2,SYN1,PRKACA,CHRNB2,ATF4,PLCG1,RAB3A,RAB5A,PTN,NF1,TACR2,CNR1,SYT1,DRD1,F2R,HTR1B,HTR2A,CD38,ADORA2A,ADORA1,OXTR,CHRNB4,SLC6A4,ARRB2,CHRNA3,CNR2,PFN2,PTGS2,DRD3,SNCA,WNT5A,CCR2,DCC,MAPK9,MAP1B,P2RY1,SLC6A9,CX3CR1,GSK3B,HAP1,WNT3A,NRG3,PTEN,SNAP25,STX1B,STXBP1,RAP1A,VAMP2,ASIC1,DLG4,CX3CL1,CDK5,CACNA1B,ROR2,PRKCE,MEF2C,FMR1,PPP3CA,ADCY1,ABR,NOG,STX3,SQSTM1,MTMR2,PTK2B,ITPR3,KCNB1,GRM7,GRM4,RAB3GAP1,AGER,NPY5R,ADIPOQ,GRIK5,SLC18A3,NTRK2,STX1A,LRRK2,SNAP47,CPLX2,PXK,CPLX4,LRRTM1,RIMS1,KCNMB4,SYT12,NLGN1,LILRB2,PNKD,UNC13C,BRSK1,JPH3,DTNBP1,BTBD9,VPS35,GPER1,LGMN,SEPT5,SYT11,ABHD6,SYT4,ADNP,RIMS4,OTOF,RETN,PLCB1,RTN4,EIF2AK4,GHRL,RIMS3,NRXN1,PPP1R9A,ZMYND8,PACSIN2,PLCL2,UNC13A,CAMK2A,STXBP5L,NRXN3,SNCAIP,SLC30A1"
"GO:BP","regulation of developmental growth","GO:0048638","6.708115338196306e-58","57.173399478816165","322","1691","131","21017","DLL1,NRP1,MSTN,SEMA3E,SMAD7,TP73,HDAC3,BCL2L11,FOXS1,PARK2,SEMA7A,ATRN,STC2,SEMA3D,KCNK2,BMP10,SGPL1,NTN1,SEMA4F,SOD1,ABL1,GHRH,APOE,FN1,RBP4,IGF1,EDN1,ADRB2,ADRB1,FGF2,BCL2,SPP1,MAPT,PIM1,G6PD,ADRB3,DRD2,EZR,VEGFA,CREB1,WT1,CAPN3,SYT1,ZP3,FGFR3,NPPC,MT3,GDI1,SLC6A4,AKT1,HNF1B,BMPR1A,STAT3,LEP,WNT5A,DCC,CDKN1B,NOTCH1,MAP1B,CXCL12,GSK3A,GSK3B,STAT5B,PLXNA3,CAV3,WNT3,WNT3A,PTEN,OSTN,ARHGAP4,CDK5,SLC6A3,NRG1,GHRHR,PPARD,MEF2C,PPARA,AKAP6,STK4,STK3,SEMA3B,NOG,SEMA3F,SEMA5A,BMPR2,HLX,MAPK11,WWC2,RIMS1,WWC1,ULK2,SPG20,DRAXIN,SEMA6D,ZFPM2,PROX1,SEMA4D,MUL1,MAEL,NEDD4L,BBS4,LGMN,TBX5,CITED2,SEMA3C,SYT3,BBS2,RTN4R,SEMA4C,BCL11A,SYT4,SEMA6A,ADNP,SEMA4A,SEMA6C,SEMA6B,SAV1,SEMA4B,PLCB1,RTN4,SEMA3G,SEMA4G,PLAC8,SEMA5B,CHD7,GHRL,WWC3,UNC13A,RNF6,CTDP1,TLL2"
"GO:BP","leukocyte mediated immunity","GO:0002443","6.724827905485617e-58","57.17231882517749","461","1691","158","21017","KLRF2,SNAP23,LGALS9,STXBP3,TLR4,NCR3,SMAD7,TLR3,PDPK1,SH2D1A,NBN,TUSC2,NCR1,RASGRP1,CRTAM,BCL10,F2,C5,TGFB1,LTA,TNF,IFNA2,IFNB1,IL1B,C4BPA,CD74,IL4,SERPING1,IL6,ICAM1,FCER2,TUBB,LYN,ERCC1,CD55,ELANE,CTSG,PTPRC,HMGB1,CTSH,GZMB,CCL3,CHGA,KIT,MBL2,BCR,LAMP1,CEACAM1,HLA-E,PVR,CD19,VAV1,CD46,SPN,PPP3CB,FER,IL7R,HLA-G,CR1,LAG3,AZU1,C4BPB,ZP3,IL10,TNFSF4,GATA2,IL4R,KLRK1,CD27,PTPN6,IL12A,IL12B,FCER1G,CORO1A,ARRB2,IL13,NOS2,AHR,CD96,LEP,BCL6,CCR2,STAT6,WAS,MSH2,KIR3DL1,XCL1,SERPINB4,CX3CR1,SERPINB9,RAB27A,STAT5B,JAK3,MSH6,CEBPG,EMP2,F2RL1,NLRP6,STXBP1,B2M,VAMP2,TUBB4B,PRKCD,BTK,PRDX1,C1QBP,BST2,FOXF1,FADD,SLAMF1,IL13RA2,AGER,STXBP2,MICB,HFE,PIK3R6,IL23R,RAET1L,RAET1G,CPLX2,IL27RA,SCIMP,CLEC4G,IL20RB,UNC13D,MAVS,MILR1,TICAM2,TICAM1,JAGN1,LILRB4,RAET1E,HAVCR2,RSAD2,NECTIN2,INPP5D,FOXJ1,SLAMF6,NLRP3,P2RX7,LYST,NDFIP1,VAMP8,ULBP3,ULBP2,ULBP1,FOXP3,SLA2,IL21,TREM1,IL23A,SLAMF7,TLR9,CD300A,MAD2L2,CD84,RABGEF1,STAP1"
"GO:BP","negative regulation of T cell activation","GO:0050868","2.1458444615117595e-57","56.66840176044799","125","1691","82","21017","LGALS9,SOCS6,SMAD7,SOCS5,PDE5A,CRTAM,TGFB1,IFNA2,IFNB1,IL2RA,ANXA1,PRNP,CD74,ERBB2,IL4,CTSG,HMGB1,PRKAR1A,IRF1,SCGB1A1,BMP4,HLA-E,IDO1,SPN,CEBPB,HLA-G,PTPN2,CR1,LAG3,IL10,TNFSF4,IL4R,ADORA2A,PTPN6,SDC4,PRDX2,SFTPD,BCL6,CASP3,CDKN2A,XCL1,DUSP3,JAK3,DLG1,SCRIB,LRRC32,IHH,HLX,GPNMB,SHH,HFE,TIGIT,ZC3H12A,RC3H1,TNFAIP8L2,CLEC4G,IL20RB,NRARP,VTCN1,DTX1,IFNL1,LAX1,LILRB2,ZC3H8,LILRB4,HAVCR2,BTN2A2,FOXJ1,TNFRSF14,PELI1,PAWR,TSPAN32,NDFIP1,PLA2G2F,FOXP3,PAG1,CD274,CD300A,PLA2G2D,VSIG4,PTPN22,MAD1L1"
"GO:BP","positive regulation of innate immune response","GO:0045089","4.527797306067878e-57","56.34411302325675","356","1691","137","21017","ACOD1,AP3B1,TLR4,IPO5,DDX3X,FCN1,AIM2,NCR3,EREG,PLSCR1,TLR3,PDPK1,IRAK2,TSPAN6,SH2D1A,FCN3,RASGRP1,CRTAM,BCL10,TNF,IFNB1,LTF,ESR1,LYN,HMGB1,PARP1,HSPA1A,NLRP2B,IRF1,MBL2,LAMP1,SRC,XRCC5,CCL5,HLA-E,PVR,VAV1,CD36,HLA-G,LBP,LAG3,EIF2AK2,NR1D1,TNFAIP3,SFPQ,NFKBIA,KLRK1,PIK3R1,IL12A,IL12B,AKT1,ARRB2,PHB,RPS19,MNDA,WNT5A,MAPK8,IRAK1,STAT5B,NAGLU,F2RL1,TIRAP,NLRP6,PPP2CA,PRKDC,PRKCE,BTK,TYRO3,C1QBP,DHX9,EP300,TRIM32,TRAF3,NR1H3,PAK1,FADD,GPS2,NMI,SQSTM1,TRIM25,TNIP1,PRKD1,NONO,IRF4,TARBP2,OASL,IFI16,TKFC,PYDC2,DAB2IP,RAET1G,USP17L2,SARM1,SCIMP,NLRC3,ZC3HAV1,MAVS,NLRX1,TAX1BP1,NLRC5,TICAM2,TICAM1,RAET1E,HAVCR2,CD300LF,CACTIN,PSPC1,RSAD2,SMPDL3B,SEC14L1,NECTIN2,RAB7B,DHX58,SLAMF6,TRIM11,PELI1,NLRP3,NR1H4,ERBIN,PHB2,GFI1,TRIM62,LGR4,TRIM31,TRIM15,TRIM5,IL21,RTN4,TLR9,CD274,NFKBIL1,CD300A,PYCARD,UBQLN1,PTPN22,IRAK3,LY96"
"GO:BP","positive regulation of cell activation","GO:0050867","6.297144314084453e-57","56.20085635368978","372","1691","140","21017","LGALS9,AP3B1,TLR4,CCL21,PDPK1,FOXO3,TNFSF14,SOCS5,RASGRP1,IL33,BCL10,ABL1,ADA,TGFB1,TNF,IFNG,IL1B,EPO,IL2RA,ANXA1,THY1,CD74,IGF1,IL4,IL6,LCK,HLA-DOA,LYN,THBS1,CD55,PTPRC,HMGB1,CCL3,RARA,BCL2,SRC,CCL2,CCL5,HLA-E,MIF,VAV1,CD46,SPN,IL7R,HLA-G,CHRNB2,CR1,LBP,CAPN3,KITLG,ZP3,IL10,TNFSF4,IL4R,KLRK1,CD27,ITPKB,CD38,PTPN6,IL12A,IL12B,AXL,CORO1A,AKT1,CCR7,IL13,TGFBR2,LEP,BCL6,WNT5A,CSK,CCR2,CD86,STAT6,MTOR,MSH2,TNFRSF4,XCL1,MMP14,SMARCA2,SMARCA4,STAT5B,AIF1,WNT3A,TIRAP,B2M,PRKDC,HAMP,IL1RL1,ZBTB16,PTPN11,BTK,MEF2C,EGR3,SOX4,PPP3CA,ZP4,FADD,SLAMF1,GAS6,HES1,IHH,HLX,AGER,SHB,SHH,RHOH,LRRK2,PIK3R6,IL23R,ARID2,BLOC1S3,VTCN1,TICAM2,TICAM1,LILRB2,LILRB4,NFKBID,HAVCR2,BTN2A2,HSPH1,NECTIN2,INPP5D,BAD,TNFRSF14,PELI1,NLRP3,CCL19,FOXP3,IL21,IL23A,CYLD,TLR9,CD274,MAD2L2,BLOC1S6,STAP1,PYCARD,PTPN22,IRS2"
"GO:BP","release of sequestered calcium ion into cytosol","GO:0051209","1.4581356188616848e-56","55.836202081104354","127","1691","82","21017","DHRS7C,CCL21,CASQ2,CLIC2,PDPK1,DIAPH1,NOL3,TRPM2,ABL1,F2,TGFB1,CXCL10,THY1,ITGB3,LCK,LYN,PTPRC,FGF2,CCL3,DMD,DRD2,CD19,PRKACA,PLCG1,CAPN3,DRD1,RYR1,HRC,F2R,PLN,GSTM2,HTR2A,HTR2C,PTPN6,NOS1,SRI,NTSR1,CORO1A,CASQ1,CCR7,SLC8A1,IL13,SNCA,HTR2B,HTT,BDKRB1,XCL1,HAP1,FKBP1A,FKBP1B,GSTO1,CX3CL1,ANK2,PRKCE,CXCL9,BAX,PDE4D,AKAP6,TRDN,CAMK2D,PKD2,PTK2B,ITPR3,ITPR1,PRKD1,RYR3,NPSR1,CHERP,TPCN2,UBASH3B,JPH3,RYR2,ERO1A,GPER1,P2RX7,CCL19,JPH2,MCOLN1,LACRT,PLCB1,IBTK,CHD7"
"GO:BP","myeloid cell differentiation","GO:0030099","2.5743983295207173e-56","55.58932425505058","439","1691","152","21017","AP3B1,TLR4,TNFRSF11B,PDE2A,MEIS1,DLL1,TLR3,FOXO3,LILRB3,MITF,UFL1,FSTL3,IL33,MYC,TGFB1,FSHB,TNF,IFNG,EPO,APCS,PF4,LTF,CSF2,CD74,INHA,IL4,SLC25A5,ISG15,RB1,LYN,INHBA,PARP1,HSPA1A,CCL3,RARA,KIT,THRA,IAPP,G6PD,BMP4,SRC,MT1G,CEACAM1,ETS1,LIF,VEGFA,CREB1,HOXB8,CEBPB,PTPN2,HOXA5,IL11,NF1,KITLG,GATA2,FSHR,PRTN3,NFKBIA,ZFP36,PIK3R1,ITPKB,PTPN6,IL12B,PML,PRDX3,HOXA7,HOXA9,CCR7,CTNNB1,FBN1,ACVR1B,TGFBR2,PPARG,HSPA9,RPS19,STAT3,BCL6,STAT1,MTOR,CASP3,GPC3,STAT5B,CEBPG,NAGLU,F2RL1,UCP2,CLDN18,TIRAP,B2M,PRKDC,RELB,IL1RL1,ROR2,ID2,IRF8,ZBTB16,PTPN11,MEF2C,GABPA,ZFP36L1,PPP3CA,DMTN,EP300,KLF10,FADD,CUL4A,TOB2,PTK2B,IRF4,GPR68,ADIPOQ,CARTPT,HIF1A,IFI16,IL23R,CDC73,CTR9,LDB1,ZBTB46,ZFPM1,ADGRF5,SFRP1,JAGN1,PAF1,TMEM178A,LILRB4,IL31RA,ZNF675,UBASH3B,LEO1,INPP5D,RAB7B,VPS33A,SIRT1,CDK5RAP3,TRIB1,RBM15,CCL19,CIB1,PRMT1,CITED2,NDFIP1,VPS33B,DCSTAMP,RNF41,IL23A,CTNNBIP1,TRIM10,GPR55,KLF13,MAFB,TNFRSF11A"
"GO:BP","negative regulation of sequestering of calcium ion","GO:0051283","3.6930691643252003e-56","55.432612558743955","128","1691","82","21017","DHRS7C,CCL21,CASQ2,CLIC2,PDPK1,DIAPH1,NOL3,TRPM2,ABL1,F2,TGFB1,CXCL10,THY1,ITGB3,LCK,LYN,PTPRC,FGF2,CCL3,DMD,DRD2,CD19,PRKACA,PLCG1,CAPN3,DRD1,RYR1,HRC,F2R,PLN,GSTM2,HTR2A,HTR2C,PTPN6,NOS1,SRI,NTSR1,CORO1A,CASQ1,CCR7,SLC8A1,IL13,SNCA,HTR2B,HTT,BDKRB1,XCL1,HAP1,FKBP1A,FKBP1B,GSTO1,CX3CL1,ANK2,PRKCE,CXCL9,BAX,PDE4D,AKAP6,TRDN,CAMK2D,PKD2,PTK2B,ITPR3,ITPR1,PRKD1,RYR3,NPSR1,CHERP,TPCN2,UBASH3B,JPH3,RYR2,ERO1A,GPER1,P2RX7,CCL19,JPH2,MCOLN1,LACRT,PLCB1,IBTK,CHD7"
"GO:BP","regulation of protein secretion","GO:0050708","5.202463964946842e-56","55.283790919262216","266","1691","117","21017","TLR4,APBB1,UNC13B,SYT7,PARK2,RAB11FIP3,BAIAP3,EGFR,F2,TGFB1,INS,TNF,IFNG,IL1B,APOE,FGA,FGB,FGG,RBP4,ANG,HMGCR,IGF1,IL6,PRKCB,CRH,ADRA2A,INHBB,TGFB3,PRKAR1A,CHGA,CCL5,DRD2,PPP3CB,PRKACA,PFKL,NR1D1,TRH,CNR1,DRD4,F2R,CD38,ADORA2A,IL12A,IL12B,GNA11,ERP29,SRI,IL13,NOS2,OPRM1,DRD3,IRS1,SREBF1,PPARG,LEP,CD200,HNF4A,NOV,MTNR1B,CPT1A,NR1H2,F2RL1,UCP2,SNAP25,TGFB2,ARF6,VSNL1,FKBP1B,ABAT,PRKCE,PTPN11,SOX4,PPP3CA,ABCC8,REST,NR1H3,TARDBP,DOC2B,ITPR1,KCNJ11,KCNB1,GPR68,CARTPT,STX1A,HIF1A,HADH,MIDN,RHBDF2,RAB11FIP1,BMP8A,PIM3,NDUFAF2,SFRP1,JAGN1,ACVR1C,RSAD2,BAD,SYTL4,RHBDF1,DPH3,VPS35,NR1H4,GPER1,P2RX7,RAB11FIP5,C1QTNF3,SYT4,PTPN23,ENY2,PLCB1,TCF7L2,GHRL,SERGEF,FOXA2,STXBP5L,IRS2,SIRT4"
"GO:BP","positive regulation of response to biotic stimulus","GO:0002833","9.26231038683383e-56","55.03328066957074","379","1691","140","21017","ACOD1,AP3B1,TLR4,IPO5,DDX3X,FCN1,AIM2,NCR3,EREG,PLSCR1,TLR3,PDPK1,IRAK2,TSPAN6,SH2D1A,FCN3,RASGRP1,CRTAM,BCL10,TNF,IFNB1,LTF,ESR1,HRG,LYN,HMGB1,PARP1,HSPA1A,NLRP2B,IRF1,MBL2,LAMP1,SRC,XRCC5,CCL5,HLA-E,MIF,PVR,VAV1,CD36,HLA-G,LBP,LAG3,EIF2AK2,NR1D1,TNFAIP3,SFPQ,NFKBIA,KLRK1,PIK3R1,IL12A,IL12B,AKT1,ARRB2,PHB,RPS19,MNDA,WNT5A,MAPK8,IRAK1,STAT5B,NAGLU,F2RL1,TIRAP,NLRP6,PPP2CA,PRKDC,PRKCE,BTK,TYRO3,C1QBP,DHX9,EP300,TRIM32,TRAF3,NR1H3,PAK1,FADD,GPS2,NMI,SQSTM1,TRIM25,TNIP1,PRKD1,NONO,IRF4,TARBP2,OASL,IFI16,TKFC,PYDC2,DAB2IP,RAET1G,USP17L2,SARM1,SCIMP,NLRC3,ZC3HAV1,MAVS,NLRX1,TAX1BP1,NLRC5,TICAM2,TICAM1,RAET1E,HAVCR2,CD300LF,CACTIN,PSPC1,RSAD2,SMPDL3B,SEC14L1,NECTIN2,RAB7B,DHX58,SLAMF6,TRIM11,PELI1,NLRP3,NR1H4,ERBIN,PHB2,GFI1,TRIM62,LGR4,TRIM31,TRIM15,TRIM5,MMRN2,IL21,RTN4,TLR9,CD274,NFKBIL1,CD300A,PYCARD,UBQLN1,PTPN22,IRAK3,LY96"
"GO:BP","regulation of ERK1 and ERK2 cascade","GO:0070372","9.558415238181558e-56","55.01961410671606","295","1691","123","21017","LGALS9,TLR4,CCL21,ITGB1BP1,NRP1,CCL25,SPRY1,HCRTR1,SEMA7A,RASGRP1,ABL1,EGFR,HRAS,PDGFB,TGFB1,TNF,IL1B,EPO,APOE,FGA,FGB,FGG,FN1,HMGCR,PDGFA,CD74,ERBB2,IGF1,ITGB3,ICAM1,LYN,INHBA,PTPRC,FGF4,SERPINF2,PKHD1,FGF2,GSTP1,HMGB1,CCL3,DMD,BMP4,SRC,CCL4,CCL2,CCL5,CEACAM1,MIF,DRD2,LIF,BRAF,EZR,VEGFA,ALOX15,PDGFRA,CD36,PTPN2,ADCYAP1,NF1,FGFR3,FBLN1,FSHR,F2R,MT3,HTR2A,HTR2C,PTPN6,ARRB2,CCR7,GBP1,PHB,OPRM1,CSK,HTR2B,NOTCH1,P2RY1,XCL1,ARRB1,DUSP3,F2RL1,SYNJ2BP,TIRAP,NLRP6,NLRP12,RAP1A,CX3CL1,DAB2,NRG1,PTPN11,DLG1,SLAMF1,PIN1,PTK2B,GAS6,GPNMB,TNIP1,AGER,PTPRR,ANGPT1,NPY5R,ADIPOQ,FFAR4,DAB2IP,SCIMP,NPSR1,TBC1D10C,FLCN,HAVCR2,BTN2A2,NODAL,GPER1,PHB2,CCL19,CIB1,FGF23,SEMA6A,TLR9,NRXN1,NDRG4,PYCARD,PTPN22,GPR55,TNFRSF11A"
"GO:BP","positive regulation of cell-cell adhesion","GO:0022409","9.85102702777442e-56","55.006518489376134","319","1691","128","21017","LGALS9,AP3B1,CCL21,SMAD7,PDPK1,FOXO3,TNFSF14,CXCL13,SOCS5,RASGRP1,FSTL3,BCL10,ABL1,ADA,TGFB1,TNF,IFNG,IL1B,EPO,IL2RA,FGA,FGB,FGG,ANXA1,THY1,CD74,IGF1,IL4,IL6,LCK,HLA-DOA,LYN,CD55,ELANE,CTSG,PTPRC,SERPINF2,HMGB1,RARA,SRC,CCL2,CCL5,HLA-E,ETS1,VAV1,HTN1,CD46,SPN,IL7R,HLA-G,CR1,BMP7,KITLG,ZP3,IL10,TNFSF4,IL4R,KLRK1,CD27,ITPKB,PTPN6,IL12A,IL12B,CORO1A,AKT1,CCR7,TGFBR2,LEP,BCL6,WNT5A,CSK,CCR2,CD86,MTOR,XCL1,SMARCA2,SMARCA4,IRAK1,STAT5B,AIF1,WNT3A,B2M,CX3CL1,PLAUR,ZBTB16,PTPN11,EGR3,SOX4,PPP3CA,ZP4,ANK3,FADD,SLAMF1,HES1,IHH,HLX,AGER,SHB,SHH,RHOH,PIK3R6,IL23R,ARID2,VTCN1,LILRB2,LILRB4,NFKBID,HAVCR2,BTN2A2,HSPH1,PTPRU,HAS2,BAD,TNFRSF14,NLRP3,NODAL,CCL19,CITED2,FOXP3,PTPN23,IL21,IL23A,CYLD,CD274,PYCARD,FOXA2,PTPN22,F11R"
"GO:BP","negative regulation of phosphate metabolic process","GO:0045936","1.082034381699086e-55","54.96575893928032","329","1691","130","21017","MEN1,IPO5,DVL1,ITGB1BP1,SMAD7,PDPK1,PARK2,SOCS5,NCOR1,SLIT2,ABL1,SPINK1,PDGFB,TGFB1,IFNG,IL1B,APOE,APOC1,PDGFA,PRNP,THY1,TP53,INHA,RB1,LYN,INHBA,PTPRC,GSTP1,FBP1,PARP1,NLRP2B,MAPT,PRKAR1A,DMD,CEACAM1,TRIM27,DRD2,PRKACA,PTPN2,IGFBP3,NF1,EPHA1,ENPP1,FBLN1,PTPN6,PRDX3,PPP2R1A,DNAJA1,AKT1,ARRB2,CDA,SLC8A1,NF2,PPARG,SNCA,STAT3,CDKN2A,CDKN2C,CDKN1B,BDKRB1,GSK3A,DUSP3,PLK1,CDKN2D,HDAC4,CAV3,NLRP12,PTEN,PKIA,RACK1,PPP2CA,PRKDC,ADARB1,HNRNPU,PRKCD,BAX,PPARA,DMTN,PDE4D,HYAL2,PTPRJ,TARDBP,GRB10,PRKG1,PPP2R5A,ANGPT1,RGN,TARBP2,ADIPOQ,NTRK3,PKN1,MIDN,ZC3H12A,LRRK2,DAB2IP,PID1,LAX1,SFRP1,FLCN,LILRB4,ZNF675,TRAF3IP1,CACTIN,PYDC1,PIBF1,SEMA4D,SIRT1,SFRP2,CDK5RAP3,TRIB1,PARK7,CHP1,CIB1,INPP5K,SRCIN1,WWTR1,ADNP,SAMSN1,TERF2IP,IBTK,CD300A,RABGEF1,CORO1C,STAP1,PYCARD,FOXA2,PKIG,PTPN22,IRS2,IRAK3"
"GO:BP","negative regulation of phosphorus metabolic process","GO:0010563","1.082034381699086e-55","54.96575893928032","329","1691","130","21017","MEN1,IPO5,DVL1,ITGB1BP1,SMAD7,PDPK1,PARK2,SOCS5,NCOR1,SLIT2,ABL1,SPINK1,PDGFB,TGFB1,IFNG,IL1B,APOE,APOC1,PDGFA,PRNP,THY1,TP53,INHA,RB1,LYN,INHBA,PTPRC,GSTP1,FBP1,PARP1,NLRP2B,MAPT,PRKAR1A,DMD,CEACAM1,TRIM27,DRD2,PRKACA,PTPN2,IGFBP3,NF1,EPHA1,ENPP1,FBLN1,PTPN6,PRDX3,PPP2R1A,DNAJA1,AKT1,ARRB2,CDA,SLC8A1,NF2,PPARG,SNCA,STAT3,CDKN2A,CDKN2C,CDKN1B,BDKRB1,GSK3A,DUSP3,PLK1,CDKN2D,HDAC4,CAV3,NLRP12,PTEN,PKIA,RACK1,PPP2CA,PRKDC,ADARB1,HNRNPU,PRKCD,BAX,PPARA,DMTN,PDE4D,HYAL2,PTPRJ,TARDBP,GRB10,PRKG1,PPP2R5A,ANGPT1,RGN,TARBP2,ADIPOQ,NTRK3,PKN1,MIDN,ZC3H12A,LRRK2,DAB2IP,PID1,LAX1,SFRP1,FLCN,LILRB4,ZNF675,TRAF3IP1,CACTIN,PYDC1,PIBF1,SEMA4D,SIRT1,SFRP2,CDK5RAP3,TRIB1,PARK7,CHP1,CIB1,INPP5K,SRCIN1,WWTR1,ADNP,SAMSN1,TERF2IP,IBTK,CD300A,RABGEF1,CORO1C,STAP1,PYCARD,FOXA2,PKIG,PTPN22,IRS2,IRAK3"
"GO:BP","regulation of sequestering of calcium ion","GO:0051282","2.2890533921253888e-55","54.64034407729706","130","1691","82","21017","DHRS7C,CCL21,CASQ2,CLIC2,PDPK1,DIAPH1,NOL3,TRPM2,ABL1,F2,TGFB1,CXCL10,THY1,ITGB3,LCK,LYN,PTPRC,FGF2,CCL3,DMD,DRD2,CD19,PRKACA,PLCG1,CAPN3,DRD1,RYR1,HRC,F2R,PLN,GSTM2,HTR2A,HTR2C,PTPN6,NOS1,SRI,NTSR1,CORO1A,CASQ1,CCR7,SLC8A1,IL13,SNCA,HTR2B,HTT,BDKRB1,XCL1,HAP1,FKBP1A,FKBP1B,GSTO1,CX3CL1,ANK2,PRKCE,CXCL9,BAX,PDE4D,AKAP6,TRDN,CAMK2D,PKD2,PTK2B,ITPR3,ITPR1,PRKD1,RYR3,NPSR1,CHERP,TPCN2,UBASH3B,JPH3,RYR2,ERO1A,GPER1,P2RX7,CCL19,JPH2,MCOLN1,LACRT,PLCB1,IBTK,CHD7"
"GO:BP","protein localization to extracellular region","GO:0071692","3.0583255483344952e-55","54.51451628729516","377","1691","139","21017","STXBP3,TLR4,APBB1,UNC13B,VGF,SYT7,PARK2,RAB11FIP3,SNCG,BAIAP3,EGFR,F2,TGFB1,INS,TNF,IFNG,IL1B,APOE,FGA,FGB,FGG,RBP4,ANG,HMGCR,ANXA1,IGF1,IL6,PRKCB,CRH,ADRA2A,INHBB,TGFB3,PRKAR1A,CHGA,CCL5,DRD2,PPP3CB,PRKACA,PFKL,ADCYAP1,RAB3A,RAB3B,NR1D1,TRH,TACR2,CNR1,DRD4,COMT,GAL,EDNRB,F2R,CD38,ADORA2A,IL12A,IL12B,GNA11,ERP29,SRI,IL13,NOS2,OPRM1,DRD3,FBN1,IRS1,HNF1B,SREBF1,PPARG,LEP,CD200,HNF4A,NBL1,NOV,MTNR1B,CPT1A,NR1H2,F2RL1,UCP2,SNAP25,TGFB2,ARF6,VSNL1,FKBP1B,ABAT,PRKCE,PTPN11,SOX4,PPP3CA,ABCC8,REST,NR1H3,TARDBP,DOC2B,ITPR1,KCNJ11,KCNB1,GPR68,CARTPT,STX1A,HIF1A,HADH,PTPRN,MIDN,RHBDF2,BLOC1S3,RAB11FIP1,BMP8A,PIM3,NDUFAF2,SVBP,SFRP1,JAGN1,ACVR1C,RSAD2,PTPRN2,BAD,SYTL4,RHBDF1,DPH3,VPS35,NR1H4,PARK7,GPER1,P2RX7,RBM4,RAB11FIP5,C1QTNF3,SYT4,PTPN23,ENY2,PLCB1,TCF7L2,GHRL,SERGEF,BLOC1S6,FOXA2,STXBP5L,IRS2,SIRT4,PCLO"
"GO:BP","pigmentation","GO:0043473","6.48086842292765e-55","54.18836679567021","115","1691","77","21017","AP3B1,RAB29,BCL2L11,SNAI2,ZEB2,MITF,ATP6AP2,ATRN,SNAPIN,POMC,APOE,SOD2,TH,CD63,BCL2,KIT,EDN3,DRD2,TYR,NF1,KITLG,CDH3,ENPP1,EDNRB,GNA11,PMEL,ASIP,ARCN1,RAB27A,GPR143,RAB38,ADAMTS20,RACK1,BLOC1S1,ATP7A,OCA2,EN1,MEF2C,BAX,MYO7A,DCTN2,RAB32,DCTN1,IHH,SZT2,BLOC1S3,BLOC1S2,SPNS2,BBS7,BBS5,MREG,TPCN2,BLOC1S5,SHROOM3,EDA,USP13,HPS3,VPS33A,DTNBP1,ANKRD27,BBS4,LYST,CITED1,BBS2,AP1M1,ARL6,RAB17,KIF13A,VPS33B,HPS4,BLOC1S4,ADAMTS9,BLOC1S6,SLC45A2,EDAR,HPS5,MYO5A"
"GO:BP","protein secretion","GO:0009306","7.405483273587846e-55","54.13044659464393","369","1691","137","21017","STXBP3,TLR4,APBB1,UNC13B,VGF,SYT7,PARK2,RAB11FIP3,SNCG,BAIAP3,EGFR,F2,TGFB1,INS,TNF,IFNG,IL1B,APOE,FGA,FGB,FGG,RBP4,ANG,HMGCR,ANXA1,IGF1,IL6,PRKCB,CRH,ADRA2A,INHBB,TGFB3,PRKAR1A,CHGA,CCL5,DRD2,PPP3CB,PRKACA,PFKL,ADCYAP1,RAB3A,RAB3B,NR1D1,TRH,TACR2,CNR1,DRD4,COMT,GAL,EDNRB,F2R,CD38,ADORA2A,IL12A,IL12B,GNA11,ERP29,SRI,IL13,NOS2,OPRM1,DRD3,IRS1,HNF1B,SREBF1,PPARG,LEP,CD200,HNF4A,NOV,MTNR1B,CPT1A,NR1H2,F2RL1,UCP2,SNAP25,TGFB2,ARF6,VSNL1,FKBP1B,ABAT,PRKCE,PTPN11,SOX4,PPP3CA,ABCC8,REST,NR1H3,TARDBP,DOC2B,ITPR1,KCNJ11,KCNB1,GPR68,CARTPT,STX1A,HIF1A,HADH,PTPRN,MIDN,RHBDF2,BLOC1S3,RAB11FIP1,BMP8A,PIM3,NDUFAF2,SVBP,SFRP1,JAGN1,ACVR1C,RSAD2,PTPRN2,BAD,SYTL4,RHBDF1,DPH3,VPS35,NR1H4,PARK7,GPER1,P2RX7,RBM4,RAB11FIP5,C1QTNF3,SYT4,PTPN23,ENY2,PLCB1,TCF7L2,GHRL,SERGEF,BLOC1S6,FOXA2,STXBP5L,IRS2,SIRT4,PCLO"
"GO:BP","positive regulation of lymphocyte activation","GO:0051251","8.241850263982646e-55","54.08397527990083","324","1691","128","21017","LGALS9,AP3B1,TLR4,CCL21,PDPK1,FOXO3,TNFSF14,SOCS5,RASGRP1,BCL10,ABL1,ADA,TGFB1,IFNG,IL1B,EPO,IL2RA,ANXA1,THY1,CD74,IGF1,IL4,IL6,LCK,HLA-DOA,LYN,CD55,PTPRC,HMGB1,RARA,BCL2,SRC,CCL2,CCL5,HLA-E,MIF,VAV1,CD46,SPN,IL7R,HLA-G,CHRNB2,CR1,KITLG,ZP3,IL10,TNFSF4,IL4R,KLRK1,CD27,ITPKB,CD38,PTPN6,IL12A,IL12B,AXL,CORO1A,AKT1,CCR7,IL13,TGFBR2,LEP,BCL6,CSK,CCR2,CD86,STAT6,MTOR,MSH2,TNFRSF4,XCL1,MMP14,SMARCA2,SMARCA4,STAT5B,AIF1,WNT3A,TIRAP,B2M,PRKDC,ZBTB16,PTPN11,BTK,MEF2C,EGR3,SOX4,PPP3CA,ZP4,FADD,SLAMF1,GAS6,HES1,IHH,HLX,AGER,SHB,SHH,RHOH,PIK3R6,IL23R,ARID2,BLOC1S3,VTCN1,TICAM2,TICAM1,LILRB2,LILRB4,NFKBID,HAVCR2,BTN2A2,HSPH1,INPP5D,BAD,TNFRSF14,PELI1,NLRP3,CCL19,FOXP3,IL21,IL23A,CYLD,TLR9,CD274,MAD2L2,BLOC1S6,PYCARD,PTPN22,IRS2"
"GO:BP","phosphatidylinositol 3-kinase/protein kinase B signal transduction","GO:0043491","9.030843136216696e-55","54.04427170125762","300","1691","123","21017","CCL21,ITGB1BP1,MSTN,AIM2,SEMA3E,PDPK1,PHLPP1,RASGRP1,BAG4,EGFR,F2,PDGFB,EGF,TGFB1,INS,TNF,FN1,CAT,PDGFA,ERBB2,IGF1,EDN1,SERPINE2,GPX1,DCN,THBS1,PKHD1,FGF2,CCL3,TXN,KIT,SRC,CCL5,CEACAM1,OSM,DRD2,CD19,VEGFA,PDGFRA,FER,HLA-G,ENG,NF1,ERBB3,FGFR3,FSHR,IGFBP5,F2R,PIK3R1,HTR2A,PTPN6,PPP2R1A,AXL,AKT1,ARRB2,CCR7,PHB,DRD3,IRS1,STAT3,LEP,HTR2B,MTOR,NEDD4,SOX9,CX3CR1,F2RL1,CAV3,SESN2,PTEN,TGFB2,RACK1,PPP2CA,CX3CL1,ROR2,PPARD,PTK2,TYRO3,C1QBP,ZFP36L1,PPARA,MERTK,HYAL2,PTPRJ,DLG1,STK3,ILK,SEMA5A,PTK2B,GAS6,PRKD1,ANGPT1,TWIST1,STK11,NTRK3,NTRK2,SFRP5,DAB2IP,NLRC3,SETX,MAGI2,LEMD2,BANK1,FLCN,BTN2A2,RUBCN,SEMA4D,MUL1,SIRT1,PARK7,GPER1,CCL19,NKX3-1,CIB1,INPP5K,C1QTNF1,OSBPL8,RNF41,PLEKHA1,TCF7L2,RTN4,NRXN1,IRS2"
"GO:BP","establishment of protein localization to extracellular region","GO:0035592","1.0788942281196783e-54","53.96702113028986","370","1691","137","21017","STXBP3,TLR4,APBB1,UNC13B,VGF,SYT7,PARK2,RAB11FIP3,SNCG,BAIAP3,EGFR,F2,TGFB1,INS,TNF,IFNG,IL1B,APOE,FGA,FGB,FGG,RBP4,ANG,HMGCR,ANXA1,IGF1,IL6,PRKCB,CRH,ADRA2A,INHBB,TGFB3,PRKAR1A,CHGA,CCL5,DRD2,PPP3CB,PRKACA,PFKL,ADCYAP1,RAB3A,RAB3B,NR1D1,TRH,TACR2,CNR1,DRD4,COMT,GAL,EDNRB,F2R,CD38,ADORA2A,IL12A,IL12B,GNA11,ERP29,SRI,IL13,NOS2,OPRM1,DRD3,IRS1,HNF1B,SREBF1,PPARG,LEP,CD200,HNF4A,NOV,MTNR1B,CPT1A,NR1H2,F2RL1,UCP2,SNAP25,TGFB2,ARF6,VSNL1,FKBP1B,ABAT,PRKCE,PTPN11,SOX4,PPP3CA,ABCC8,REST,NR1H3,TARDBP,DOC2B,ITPR1,KCNJ11,KCNB1,GPR68,CARTPT,STX1A,HIF1A,HADH,PTPRN,MIDN,RHBDF2,BLOC1S3,RAB11FIP1,BMP8A,PIM3,NDUFAF2,SVBP,SFRP1,JAGN1,ACVR1C,RSAD2,PTPRN2,BAD,SYTL4,RHBDF1,DPH3,VPS35,NR1H4,PARK7,GPER1,P2RX7,RBM4,RAB11FIP5,C1QTNF3,SYT4,PTPN23,ENY2,PLCB1,TCF7L2,GHRL,SERGEF,BLOC1S6,FOXA2,STXBP5L,IRS2,SIRT4,PCLO"
"GO:BP","calcium ion transport","GO:0006816","5.512259554344649e-54","53.25867034110665","433","1691","148","21017","DHRS7C,CACNA1A,CCL21,SLN,GNB5,CASK,CASQ2,CLIC2,CYP27B1,PDPK1,HCRT,DIAPH1,NOL3,TRPA1,WFS1,STC2,TRPM2,ABL1,F2,SPINK1,PDGFB,EGF,TGFB1,EPO,CXCL10,PRNP,THY1,SEMG1,ITGB3,EDN1,PRKCB,CSN2,LCK,ITGAV,CRH,LYN,PTPRC,ADRA2A,FGF2,MRLN,CCL3,BCL2,G6PD,DMD,CCL4,CCL2,CCL5,TRIM27,DRD2,CD19,PPP3CB,ATP2A2,PRKACA,CHRNB2,PLCG1,CAPN3,DRD1,RYR1,DRD4,HRC,EDNRB,F2R,PLN,GSTM2,HTR2A,HTR2C,ADORA2A,PTPN6,NOS3,NOS1,PML,SRI,NTSR1,CORO1A,CASQ1,CCR7,SLC8A1,CTNNB1,IL13,PTGS2,OPRM1,SNCA,HTR2B,HTT,BDKRB1,XCL1,CXCL12,STC1,HAP1,TMBIM6,CAV3,WNT3A,FKBP1A,FKBP1B,ASIC1,GSTO1,CX3CL1,PKD1,CDK5,CACNA1B,ANK2,PRKCE,FMR1,CXCL9,BAX,PPP3CA,PDE4D,AKAP6,TRDN,CAMK2D,PKD2,PTK2B,GAS6,HES1,ITPR3,ITPR1,PRKD1,RYR3,NPSR1,CHERP,CBARP,LILRB2,TRPV1,TPCN2,UBASH3B,JPH3,RYR2,ERO1A,GPER1,P2RX7,CCL19,JPH2,INPP5K,WNK3,MCOLN1,LACRT,GPR35,PLCB1,TLR9,IBTK,CHD7,CD84,PACSIN3,TPCN1,UBQLN1,CAMK2A,PTPN22,SLC30A1"
"GO:BP","sequestering of calcium ion","GO:0051208","7.666918238599006e-54","53.115379168113876","134","1691","82","21017","DHRS7C,CCL21,CASQ2,CLIC2,PDPK1,DIAPH1,NOL3,TRPM2,ABL1,F2,TGFB1,CXCL10,THY1,ITGB3,LCK,LYN,PTPRC,FGF2,CCL3,DMD,DRD2,CD19,PRKACA,PLCG1,CAPN3,DRD1,RYR1,HRC,F2R,PLN,GSTM2,HTR2A,HTR2C,PTPN6,NOS1,SRI,NTSR1,CORO1A,CASQ1,CCR7,SLC8A1,IL13,SNCA,HTR2B,HTT,BDKRB1,XCL1,HAP1,FKBP1A,FKBP1B,GSTO1,CX3CL1,ANK2,PRKCE,CXCL9,BAX,PDE4D,AKAP6,TRDN,CAMK2D,PKD2,PTK2B,ITPR3,ITPR1,PRKD1,RYR3,NPSR1,CHERP,TPCN2,UBASH3B,JPH3,RYR2,ERO1A,GPER1,P2RX7,CCL19,JPH2,MCOLN1,LACRT,PLCB1,IBTK,CHD7"
"GO:BP","response to oxidative stress","GO:0006979","1.442572772580085e-53","52.84086226903339","398","1691","141","21017","PXDNL,CCS,TOR1A,KLF4,FOXO3,PARK2,PEX14,GPX5,TRPA1,ARL6IP5,STC2,TRPM2,OXSR1,DHFR,GSR,SOD1,ABL1,EGFR,HP,CRYAB,APOE,CAT,ANXA1,PRNP,SOD2,KRT1,TP53,APOD,MPO,IL6,EDN1,JUN,FABP1,TPO,GPX1,ERCC1,SOD3,GSTP1,TPM1,HMOX1,PARP1,HSPA1A,BCL2,TXN,MGST1,MAPT,MBL2,G6PD,SCGB1A1,SRC,NQO1,PDGFRA,FER,ATP2A2,CD36,BMP7,GPX2,ATF4,TNFAIP3,COMT,LPO,GPX3,PTGS1,MT3,CD38,NOS3,PML,PRDX6,PRDX5,PRDX3,AXL,GCH1,AKT1,PRDX2,SLC8A1,STX2,PTGS2,SNCA,STAT1,STAT6,CASP3,MAPK8,MAPK9,MMP14,PRKAA2,NAGLU,AIF1,UCP2,SESN2,RHOB,RACK1,FKBP1B,HBB,TOP2B,ATP7A,PRKCD,BTK,PRDX1,HYAL1,HYAL2,PLA2R1,PRKAA1,PRDX4,MAPK7,ATM,PKD2,KEAP1,TRIM25,PTK2B,PRKD1,PTPRK,ADIPOQ,EZH2,NFE2L2,HIF1A,CYP1B1,PTPRN,MICB,ZC3H12A,LRRK2,SETX,PNPT1,GPX8,CYGB,PXDN,HDAC2,KAT2B,TP53INP1,SIRT1,ERO1A,PAWR,GPX7,PARK7,FANCD2,SRXN1,PLEKHA1,DUOX2,DUOX1,PPARGC1A,STK24,SESN1"
"GO:BP","reproductive system development","GO:0061458","2.1138331008891053e-53","52.67492930568721","317","1691","125","21017","BMPR1B,WNT7A,EREG,VGF,ALOX15B,TLR3,MSH4,BCL2L11,FOXO3,SLIT3,SLIT2,REC8,SGPL1,SOD1,GNRH1,FSHB,RBP4,ESR1,ANG,AMH,ANXA1,INHA,SERPINE2,ERCC1,INHBA,INHBB,RARA,BCL2,KIT,CYP19A1,BMP4,SRC,KCNE1,VEGFA,PDGFRA,FER,GJA1,CEBPB,BMP7,SRD5A1,WT1,NPR2,KITLG,ZP3,BMP5,NPPC,FSHR,NOS3,AXL,HOXA9,CTNNA1,CTNNB1,HNF1B,SERPINF1,LEP,WNT5A,CASP3,CASP2,MSH2,NKX2-1,CDKN1B,NOTCH1,ID4,SOX9,MMP14,BRCA2,STAT5B,NR0B1,WNT4,FOXL2,TGFB2,PKD1,ROR2,NHLH2,PTPN11,TYRO3,BAX,BCL2L1,MERTK,DLG1,EIF2B5,PRDX4,NOG,NR5A1,ATM,ADAM15,DMC1,SHH,NCOA1,STK11,CYP1B1,PTPRN,DMRTA1,GPR149,SULF1,TEX11,SFRP1,LFNG,SPATA22,OSR1,ZFPM2,EAF2,SIRT1,SFRP2,PPP1R9B,IMMP2L,NKX3-1,CITED2,SYCP2,BRIP1,LGR4,ING2,PLEKHA1,AGO4,RETN,TLR9,CHD7,ADAMTS1,EIF2B4,FZD4,BOK,SPO11,PCYT1B,DMRT1,ADGRG1"
"GO:BP","negative regulation of monoatomic ion transport","GO:0043271","3.9305559896901307e-53","52.405546012938636","116","1691","76","21017","SLN,GNB5,CASQ2,CLIC2,HCRT,OXSR1,SPINK1,TGFB1,EPO,SEMG1,SERPINE2,ADRA2A,MRLN,BCL2,TRIM27,DRD2,KCNE1,PPP3CB,ATF4,CNR1,DRD4,KEL,PLN,GSTM2,HTR1B,HTR2A,NOS3,NOS1,SRI,NTSR1,PTGS2,ACTN2,NEDD4,SLC6A9,STC1,TMBIM6,CAV3,SLC26A5,SUMO1,FKBP1B,GABRE,GSTO1,HAMP,PRKCE,ATP7A,FMR1,PPP3CA,KCNH2,ANK3,TRDN,CAMK2D,PKD2,PTK2B,HES1,KCNAB1,PXK,CBARP,LILRB2,KCNRG,COMMD1,OSR1,WNK4,NEDD4L,CRBN,INPP5K,WNK1,GPR35,GOPC,TLR9,STK39,KCNE5,PACSIN3,UBQLN1,CAB39,HRH3,SLC30A1"
"GO:BP","positive regulation of cell development","GO:0010720","7.556719438181997e-53","52.12166670173502","452","1691","150","21017","LGALS9,AP3B1,NRP1,AURKA,SMAD7,TP73,FOXO3,XRCC2,KALRN,KDM1A,SOCS5,SEMA7A,PDE5A,SLIT2,UFL1,RASGRP1,NTN1,IL33,EGFR,ADA,TGFB1,LTA,TNF,IFNG,IL1B,IL2RA,FN1,PF4,PROC,ANXA1,CD74,IL4,IL6,RB1,SERPINE2,LYN,PTPRC,FGF2,HMGB1,RARA,BCL2,MAPT,KIT,EGR2,BMP4,XRCC5,MYF5,DRD2,LIF,BRAF,CD46,VEGFA,CREB1,IL7R,HLA-G,CR1,PTN,KITLG,IL10,TNFSF4,IL4R,CD27,ITPKB,IL12B,AXL,GDI1,CTNNB1,OPRM1,SOX11,PPP1CC,SERPINF1,TGFBR2,PPARG,BCL6,CD86,MTOR,NOTCH1,MAP1B,ID4,CXCL12,CX3CR1,NUMB,MMP14,SMARCA2,SMARCA4,STAT5B,PLXNA3,HAP1,WNT3,WNT3A,CX3CL1,PRKDC,ROR2,ID2,ZBTB16,BTK,EGR3,SOX4,ZFP36L1,PPP3CA,TRIM32,KLF10,FADD,HDAC1,SEMA5A,BMPR2,GAS6,HES1,IHH,HLX,AGER,SHB,SHH,RHOH,GPR68,STK11,ADIPOQ,NTRK2,HIF1A,PIK3R6,IL23R,ARID2,CAPRIN2,ZBTB46,LILRB2,LILRB4,NFKBID,BTN2A2,HDAC2,INPP5D,SEMA4D,BAD,ANKRD27,NLRP3,TRIB1,GPER1,CCL19,FOXP3,BCL11A,DCSTAMP,ADNP,IL23A,CYLD,TLR9,CTNNBIP1,PLXNB3,FZD4,F11R,ROBO1,TNFRSF11A"
"GO:BP","regulation of exocytosis","GO:0017157","1.1564244608192619e-52","51.93688273065887","190","1691","96","21017","LGALS9,STXBP3,RAB27B,SDCBP,WNT7A,DVL1,CASK,PDPK1,SYT7,PARK2,VPS4B,BAIAP3,SNAPIN,IFNG,FGA,FGB,FGG,ANXA1,IL4,PRKCG,PRKCB,LYN,ADRA2A,BCR,LAMP1,CEACAM1,BRAF,FER,ATP2A2,SYN1,RAB3A,RAB3B,RAB5A,SYT1,ZP3,GATA2,IL4R,HTR1B,SDC4,PFN2,IL13,SNCA,CCR2,NOTCH1,P2RY1,RAB7A,RAB27A,HAP1,F2RL1,STXBP1,VSNL1,RAP1A,VAMP2,CDK5,FMR1,FOXF1,REST,DOC2A,DOC2B,IL13RA2,KCNB1,RAB3GAP1,STXBP2,STX1A,LRRK2,SYT6,CPLX2,SYT10,UNC13D,CLASP1,SYT9,RIMS1,CADPS2,SYT12,NLGN1,CBARP,SYT8,STXBP6,TPCN2,SCAMP5,SYTL4,DTNBP1,SEPT5,SYT3,SYT15,SYT11,VAMP8,RAB33B,SYT4,RIMS4,CD300A,CD84,RABGEF1,RIMS3,STXBP5L,PCLO"
"GO:BP","regulation of calcium ion transport","GO:0051924","1.1676373326022538e-52","51.932692027863574","241","1691","108","21017","DHRS7C,SLN,GNB5,CASK,CASQ2,CLIC2,PDPK1,HCRT,DIAPH1,WFS1,STC2,ABL1,F2,SPINK1,PDGFB,EGF,TGFB1,EPO,CXCL10,PRNP,THY1,SEMG1,ITGB3,CRH,LYN,ADRA2A,MRLN,CCL3,BCL2,G6PD,DMD,CCL4,CCL2,CCL5,TRIM27,DRD2,CD19,PPP3CB,PRKACA,PLCG1,CAPN3,DRD1,DRD4,HRC,F2R,PLN,GSTM2,ADORA2A,PTPN6,NOS3,NOS1,PML,SRI,NTSR1,CORO1A,CASQ1,SLC8A1,CTNNB1,IL13,PTGS2,SNCA,HTT,BDKRB1,XCL1,CXCL12,STC1,HAP1,TMBIM6,CAV3,FKBP1A,FKBP1B,GSTO1,CX3CL1,ANK2,PRKCE,FMR1,CXCL9,BAX,PPP3CA,PDE4D,AKAP6,TRDN,CAMK2D,PKD2,PTK2B,HES1,PRKD1,NPSR1,CBARP,LILRB2,UBASH3B,JPH3,RYR2,GPER1,P2RX7,JPH2,INPP5K,WNK3,LACRT,GPR35,TLR9,CHD7,CD84,PACSIN3,UBQLN1,CAMK2A,PTPN22,SLC30A1"
"GO:BP","regulation of myeloid cell differentiation","GO:0045637","1.2392220385592816e-52","51.9068508716049","215","1691","102","21017","TLR4,TNFRSF11B,MEIS1,DLL1,TLR3,FOXO3,LILRB3,MITF,FSTL3,MYC,TGFB1,FSHB,TNF,IFNG,APCS,PF4,LTF,CD74,INHA,IL4,ISG15,RB1,LYN,INHBA,HSPA1A,CCL3,RARA,IAPP,CEACAM1,ETS1,LIF,CREB1,HOXB8,CEBPB,PTPN2,HOXA5,NF1,KITLG,GATA2,FSHR,NFKBIA,ZFP36,PIK3R1,ITPKB,IL12B,HOXA7,HOXA9,CTNNB1,FBN1,ACVR1B,HSPA9,STAT3,STAT1,MTOR,STAT5B,CLDN18,B2M,PRKDC,ROR2,ID2,ZBTB16,MEF2C,GABPA,ZFP36L1,PPP3CA,KLF10,FADD,CUL4A,TOB2,PTK2B,GPR68,ADIPOQ,CARTPT,HIF1A,IL23R,CDC73,CTR9,LDB1,ZBTB46,ZFPM1,SFRP1,PAF1,TMEM178A,LILRB4,ZNF675,UBASH3B,LEO1,INPP5D,RAB7B,TRIB1,RBM15,CIB1,PRMT1,NDFIP1,DCSTAMP,RNF41,IL23A,CTNNBIP1,GPR55,KLF13,MAFB,TNFRSF11A"
"GO:BP","T cell differentiation","GO:0030217","1.5866712646193724e-52","51.799513043472324","312","1691","123","21017","LGALS9,AP3B1,MEN1,SMAD7,FOXO3,SOCS5,PRDM1,RASGRP1,CRTAM,SOD1,ABL1,ADA,TGFB1,IFNA2,IFNB1,IFNG,IL1B,IL2RA,ANXA1,CD74,ERBB2,TP53,IL4,IL6,LCK,HLA-DOA,PTPRC,HMGB1,RARA,BCL2,KIT,IRF1,BMP4,BRAF,VAV1,CD46,SPN,PPP3CB,IL7R,HLA-G,PTPN2,CR1,EGR1,LAG3,TNFSF4,IL4R,CD27,PIK3R1,ITPKB,IL12B,FCER1G,PRDX2,CCR7,CTNNB1,PTGER4,TGFBR2,STAT3,LEP,BCL6,CCR2,CD86,STAT6,MTOR,CDKN2A,RORC,SMARCA2,SMARCA4,STAT5B,JAK3,WNT4,B2M,PRKDC,RELB,ATP7A,ZBTB16,EGR3,SOX4,TNFRSF9,ZFP36L1,FADD,GPR18,IHH,HLX,IRF4,SHB,SHH,RHOH,STK11,ZC3H12A,RC3H1,PIK3R6,IL23R,ARID2,CLEC4G,NRARP,METTL3,DTX1,IFNL1,ZFPM1,LILRB2,ZC3H8,LFNG,LILRB4,NFKBID,BTN2A2,RSAD2,BAD,FOXJ1,SLAMF6,NLRP3,CCL19,FANCD2,FOXP3,SEMA4A,IL21,IL23A,SPINK5,CYLD,DLL4,CHD7,PLA2G2D,PTPN22,MAFB"
"GO:BP","negative regulation of protein modification process","GO:0031400","1.6066125852486207e-52","51.7940888353543","373","1691","135","21017","MEN1,IPO5,DVL1,ITGB1BP1,SMAD7,OGT,PDPK1,PARK2,SOCS5,SLIT2,UFL1,ABL1,SPINK1,TGFB1,IFNG,IL1B,APOE,PRNP,THY1,PRKCG,ISG15,RB1,LYN,PTPRC,GSTP1,HSPA1A,NLRP2B,MAPT,PRKAR1A,G6PD,DMD,CEACAM1,TRIM27,DRD2,PTPN2,IGFBP3,TRIM21,CAPN3,NF1,TNFAIP3,EPHA1,ENPP1,FBLN1,PTPN6,PPP2R1A,DNAJA1,AKT1,ARRB2,SLC8A1,CTNNB1,NF2,PPARG,SNCA,CDKN2A,CDKN1B,BDKRB1,ARRB1,GSK3B,DUSP3,PLK1,PRKAA2,CAV3,NLRP12,PTEN,PKIA,UBE2B,RACK1,PPP2CA,PRKDC,ADARB1,CDK5,PRKCE,PRKCD,SOX4,BAX,DMTN,PDE4D,HYAL2,PTPRJ,PRKAA1,TARDBP,GPS2,SQSTM1,ANGPT1,RGN,TARBP2,ADIPOQ,NTRK3,PKN1,CRY1,PARP10,ZC3H12A,LRRK2,DAB2IP,NXN,PID1,DCUN1D3,LAX1,SVBP,SFRP1,FLCN,LILRB4,ZNF675,TRAF3IP1,CACTIN,PYDC1,PIBF1,HDAC2,SEMA4D,SIRT1,SFRP2,CDK5RAP3,TRIB1,PARK7,CHP1,CIB1,INPP5K,GTPBP4,SRCIN1,WWTR1,ADNP,WNK1,SAMSN1,GNL3L,TERF2IP,IBTK,CD300A,MAD2L2,RABGEF1,FBXO5,CORO1C,PYCARD,PKIG,PTPN22,IRAK3"
"GO:BP","regulation of protein kinase activity","GO:0045859","1.785767029515172e-52","51.748175199644294","438","1691","147","21017","TLR4,MEN1,IPO5,DDX3X,ITGB1BP1,EREG,TLR3,PDPK1,SOCS5,PSMD10,CCNK,RASGRP1,CCNE2,SOD1,ABL1,EGFR,HRAS,PDGFB,EGF,INS,TNF,IFNG,IL1B,APOE,LTF,ANG,PDGFA,PRNP,THY1,ERBB2,IGF1,ITGB3,IL4,EDN1,RB1,ADRB2,LYN,THBS1,HSP90AB1,ELANE,PTPRC,ADRA2A,FGF2,GSTP1,TXN,PRKAR1A,SRC,XRCC5,CEACAM1,EDN3,TRIM27,VEGFA,ADRA2B,ADCYAP1,ADRA2C,AZU1,NF1,EPHA1,DRD4,MT3,ERP29,DNAJA1,AKT1,CCR7,CHRNA3,SLC8A1,PHB,TGFBR2,PPARG,SNCA,LEP,WNT5A,HTR2B,CD86,CDKN2A,CDKN2C,HTT,CDKN1B,DUSP3,HMGA2,PLK1,EMP2,CDKN2D,CAV3,PTEN,RAP2B,TGFB2,PKIA,RAP1A,PPP2CA,DLG4,ADARB1,S100A12,NRG1,MAP3K10,PTK2,PRKCD,HYAL2,PTPRJ,PAK1,MAP2K5,UNC119,PTK2B,GAS6,CDK5R1,ANGPT1,TARBP2,STK11,ADIPOQ,EZH2,NTRK3,CARTPT,LRRK2,PIK3R6,DAB2IP,PSRC1,LAX1,LILRB4,ZNF675,PYDC1,PIBF1,PROX1,SIRT1,CDK5RAP3,TRIB1,PARK7,PHB2,CHP1,CCL19,CIB1,INPP5K,GTPBP4,SRCIN1,WWTR1,TSPYL2,RGCC,CD300A,NRXN1,CORO1C,PYCARD,PKIG,PTPN22,CAB39,RAP2C,IRAK3,ROBO1,TNFRSF11A"
"GO:BP","reproductive structure development","GO:0048608","2.3853127860427146e-52","51.62245466385844","313","1691","123","21017","BMPR1B,WNT7A,EREG,VGF,ALOX15B,TLR3,MSH4,BCL2L11,FOXO3,SLIT3,SLIT2,REC8,SGPL1,SOD1,GNRH1,FSHB,RBP4,ESR1,ANG,AMH,ANXA1,INHA,SERPINE2,ERCC1,INHBA,INHBB,RARA,BCL2,KIT,CYP19A1,BMP4,SRC,KCNE1,VEGFA,PDGFRA,FER,GJA1,CEBPB,BMP7,SRD5A1,WT1,NPR2,KITLG,ZP3,BMP5,NPPC,FSHR,NOS3,AXL,HOXA9,CTNNA1,CTNNB1,HNF1B,SERPINF1,LEP,WNT5A,CASP3,CASP2,MSH2,NKX2-1,CDKN1B,NOTCH1,ID4,SOX9,MMP14,BRCA2,STAT5B,NR0B1,WNT4,FOXL2,TGFB2,PKD1,ROR2,NHLH2,PTPN11,TYRO3,BAX,BCL2L1,MERTK,DLG1,EIF2B5,PRDX4,NOG,NR5A1,ATM,ADAM15,DMC1,SHH,NCOA1,STK11,CYP1B1,PTPRN,DMRTA1,GPR149,SULF1,TEX11,SFRP1,LFNG,OSR1,ZFPM2,EAF2,SIRT1,SFRP2,IMMP2L,NKX3-1,CITED2,SYCP2,BRIP1,LGR4,ING2,PLEKHA1,AGO4,RETN,TLR9,CHD7,ADAMTS1,EIF2B4,FZD4,BOK,SPO11,PCYT1B,DMRT1,ADGRG1"
"GO:BP","regulation of body fluid levels","GO:0050878","5.2391134974271164e-52","51.2807421931206","371","1691","134","21017","STXBP3,AP3B1,TLR4,PLSCR1,SLC22A2,KALRN,FZD6,DGKI,WFS1,EGFR,F2,PLG,F12,ADA,SPINK1,PDGFB,PRL,COL3A1,APOE,FGA,FGB,FGG,APOH,PF4,KLKB1,PROC,PDGFA,HRG,KRT1,ITGB3,SERPINB2,SERPINE1,SERPING1,IL6,EDN1,CSN2,LCK,SERPINE2,THBD,PROS1,LYN,THBS1,CTSG,SERPINF2,F7,ADRA2A,SRC,CEACAM1,DRD2,VAV1,VEGFA,CREB1,PDGFRA,CD36,GJA1,PRKACA,TPH1,ADRA2B,VCL,ADRA2C,TSPAN8,C4BPB,PRKACB,FBLN1,EDNRB,F2R,ADORA2A,PTPN6,NOS3,FCER1G,AVPR2,AXL,ADORA1,OXTR,SLC6A4,PRDX2,OPRK1,OPRL1,HNF4A,WAS,P2RY1,RAB27A,STAT5B,EMP2,NR1H2,F2RL1,WNT3A,NLRP6,RAP2B,STXBP1,HBB,CYP4F2,SLC6A3,PRKCE,GHRHR,PLAUR,ATP7A,PRKCD,TYRO3,PPP3CA,DMTN,MERTK,HYAL2,NR1H3,ILK,PRKG1,GAS6,SHH,NCOA1,NFE2L2,HIF1A,BLOC1S3,ADAMTS18,UBASH3B,HAS2,DTNBP1,CPB2,WNK4,TSPAN32,INPP5K,VAMP8,C1QTNF1,WNK3,LACRT,VPS33B,WNK1,BPIFA1,HPS4,BLOC1S4,STK39,BLOC1S6,HPS5,FOXA2,F11R"
"GO:BP","taxis","GO:0042330","7.734070317444912e-52","51.11159188368014","465","1691","151","21017","LGALS9,CCL21,NRP1,MSTN,SEMA3E,CCL25,TNFSF14,CXCL13,GREM1,SLIT3,SEMA7A,TRPM2,SLIT2,SEMA3D,NTN1,OXSR1,SEMA4F,C5,HRAS,PDGFB,TGFB1,IL1B,APOA1,PF4,CXCL10,ANXA1,PDGFA,HRG,CD74,ITGB3,IL4,SERPINE1,IL6,EDN1,ITGAV,LYN,THBS1,ELANE,CTSG,FGF4,F7,FGF2,HMGB1,CCL3,CHGA,KIT,CYP19A1,BMP4,CCL4,CCL2,CCL5,EDN3,MIF,VAV1,VEGFA,SPN,PDGFRA,DPEP1,FER,PTPN2,ENG,LBP,AZU1,PTN,IL10,EDNRB,KLRK1,IL12A,FCER1G,CORO1A,ARRB2,CCR7,CNR2,SFTPD,RPS19,GDNF,WNT5A,NBL1,CCR2,NOTCH1,XCL1,CXCL12,NOV,CX3CR1,DUSP3,PLXNA3,AIF1,F2RL1,WNT3,WNT3A,NRG3,TIRAP,TGFB2,CX3CL1,S100A12,SMAD3,NRG1,PLAUR,PTK2,PRKCD,EGR3,C1QBP,CXCL9,PTPRJ,SEMA3B,SEMA3F,STX3,SLAMF1,SEMA5A,BMPR2,SCRIB,PTK2B,GPR18,GAS6,GPNMB,AGER,PRKD1,ANGPT1,NTRK3,AMOT,SEMA6D,SEMA4D,LGMN,LYST,CCL19,SEMA3C,CORO1B,SEMA4C,MMP28,SEMA6A,SEMA4A,SEMA6C,SEMA6B,WNK1,PROK2,TREM1,IL23A,SEMA4B,CCL28,SEMA3G,SEMA4G,SEMA5B,C5AR2,STK39,OPN4,PLXNB3,STAP1,PADI2,PTGDR2,ROBO1,TNFRSF11A"
"GO:BP","regulation of phosphatidylinositol 3-kinase/protein kinase B signal transduction","GO:0051896","1.086708731076456e-51","50.963886843620294","250","1691","109","21017","CCL21,ITGB1BP1,MSTN,AIM2,SEMA3E,PDPK1,PHLPP1,RASGRP1,BAG4,EGFR,F2,PDGFB,EGF,TGFB1,INS,TNF,FN1,CAT,PDGFA,IGF1,SERPINE2,GPX1,DCN,THBS1,PKHD1,FGF2,CCL3,TXN,KIT,SRC,CCL5,CEACAM1,OSM,DRD2,CD19,VEGFA,PDGFRA,FER,HLA-G,ENG,ERBB3,FGFR3,FSHR,IGFBP5,F2R,PTPN6,PPP2R1A,AXL,ARRB2,CCR7,PHB,DRD3,IRS1,LEP,MTOR,NEDD4,SOX9,CX3CR1,F2RL1,CAV3,PTEN,TGFB2,RACK1,PPP2CA,CX3CL1,ROR2,PPARD,PTK2,C1QBP,PPARA,HYAL2,PTPRJ,DLG1,STK3,SEMA5A,PTK2B,GAS6,PRKD1,ANGPT1,TWIST1,STK11,NTRK3,NTRK2,SFRP5,DAB2IP,NLRC3,MAGI2,LEMD2,BANK1,FLCN,BTN2A2,RUBCN,SEMA4D,MUL1,SIRT1,PARK7,GPER1,CCL19,NKX3-1,CIB1,INPP5K,C1QTNF1,OSBPL8,RNF41,PLEKHA1,TCF7L2,RTN4,NRXN1,IRS2"
"GO:BP","regulation of lymphocyte differentiation","GO:0045619","1.296475708262216e-51","50.887235616084375","215","1691","101","21017","LGALS9,AP3B1,SMAD7,FOXO3,SOCS5,PGLYRP1,PRDM1,RASGRP1,CRTAM,SOD1,ABL1,ADA,TGFB1,IFNA2,IFNB1,IFNG,IL2RA,ANXA1,CD74,ERBB2,INHA,IL4,HLA-DOA,INHBA,PTPRC,HMGB1,RARA,IRF1,BMP4,BRAF,CD46,IL7R,HLA-G,PTPN2,CR1,LAG3,IL10,TNFSF4,IL4R,CD27,ITPKB,PTPN6,IL12B,AXL,PRDX2,TGFBR2,BCL6,CCR2,CD86,CDKN2A,MMP14,SMARCA2,SMARCA4,STAT5B,JAK3,PRKDC,ID2,ZBTB16,BTK,EGR3,SOX4,ZFP36L1,GAS6,IHH,HLX,IRF4,SHB,SHH,RHOH,ZC3H12A,RC3H1,PIK3R6,IL23R,ARID2,CLEC4G,NRARP,METTL3,DTX1,IFNL1,LILRB2,SFRP1,ZC3H8,LILRB4,NFKBID,BTN2A2,INPP5D,BAD,FOXJ1,PGLYRP3,NLRP3,PGLYRP2,CCL19,NDFIP1,FANCD2,FOXP3,RNF41,IL23A,SPINK5,CYLD,TLR9,FBXO7"
"GO:BP","negative regulation of immune effector process","GO:0002698","1.6411449204629195e-51","50.78485306710144","120","1691","76","21017","LGALS9,SMAD7,SOCS5,PGLYRP1,IL33,TGFB1,INS,TNF,IFNA2,IFNB1,APOA1,APOA2,C4BPA,ANXA1,IL4,SERPING1,CD55,PTPRC,TGFB3,BCR,CEACAM1,HLA-E,CD46,SPN,PPP3CB,FER,IL7R,HLA-G,CR1,C4BPB,IL10,TNFSF4,IL4R,PTPN6,AXL,ARRB2,AHR,RPS19,CD96,BCL6,CCR2,XCL1,SERPINB4,CX3CR1,SERPINB9,JAK3,TMBIM6,TGFB2,BST2,FOXF1,SLAMF1,IL13RA2,HLX,ANGPT1,TWIST1,HFE,ZC3H12A,RC3H1,CLEC4G,IL20RB,NLRX1,IFNL1,LILRB4,HAVCR2,FOXJ1,PGLYRP3,PGLYRP2,NDFIP1,FOXP3,CUEDC2,SPINK5,CD300A,CD84,RABGEF1,VSIG4,IRAK3"
"GO:BP","leukocyte migration","GO:0050900","1.977530124177224e-51","50.703876892070845","396","1691","138","21017","LGALS9,WASL,CCL21,MSTN,CCL25,TNFSF14,CXCL13,GREM1,TRPM2,SLIT2,CRTAM,OXSR1,IL33,ABL1,PLG,ADA,C5,PDGFB,TGFB1,TNF,IL1B,PF4,CXCL10,ANXA1,THY1,CD74,APOD,ITGB3,IL4,SERPINE1,IL6,EDN1,ICAM1,LCK,LYN,THBS1,ELANE,CTSG,F7,HMGB1,HMOX1,CCL3,CHGA,KIT,BCR,CYP19A1,SRC,CCL4,CCL2,CCL5,EDN3,MIF,VAV1,VEGFA,SPN,DPEP1,FER,LBP,AZU1,PTN,NF1,KITLG,ZP3,BMP5,IL10,PRTN3,EDNRB,KLRK1,PIK3R1,CD34,IL12A,FCER1G,ADORA1,CORO1A,HOXA7,AKT1,CCR7,CNR2,SFTPD,PTGER4,RPS19,LEP,CD200,WNT5A,NBL1,CCR2,BDKRB1,XCL1,CXCL12,NOV,CX3CR1,MMP14,STAT5B,EMP2,AIF1,F2RL1,TIRAP,NLRP12,TGFB2,CX3CL1,S100A12,ROR2,PTK2,C1QBP,CXCL9,FADD,SLAMF1,PTK2B,GPR18,GAS6,AGER,IL27RA,SPNS2,JAGN1,GCSAM,FOXJ1,TNFRSF14,LGMN,LYST,CCL19,MMP28,WNK1,TREM1,IL23A,PLCB1,RTN4,CCL28,C5AR2,STK39,CD300A,RABGEF1,STAP1,PYCARD,TNFSF18,PADI2,PTPN22,F11R,TNFRSF11A"
"GO:BP","chemotaxis","GO:0006935","2.414084991305368e-51","50.61724744401283","463","1691","150","21017","LGALS9,CCL21,NRP1,MSTN,SEMA3E,CCL25,TNFSF14,CXCL13,GREM1,SLIT3,SEMA7A,TRPM2,SLIT2,SEMA3D,NTN1,OXSR1,SEMA4F,C5,HRAS,PDGFB,TGFB1,IL1B,APOA1,PF4,CXCL10,ANXA1,PDGFA,HRG,CD74,ITGB3,IL4,SERPINE1,IL6,EDN1,ITGAV,LYN,THBS1,ELANE,CTSG,FGF4,F7,FGF2,HMGB1,CCL3,CHGA,KIT,CYP19A1,BMP4,CCL4,CCL2,CCL5,EDN3,MIF,VAV1,VEGFA,SPN,PDGFRA,DPEP1,FER,PTPN2,ENG,LBP,AZU1,PTN,IL10,EDNRB,KLRK1,IL12A,FCER1G,CORO1A,ARRB2,CCR7,CNR2,SFTPD,RPS19,GDNF,WNT5A,NBL1,CCR2,NOTCH1,XCL1,CXCL12,NOV,CX3CR1,DUSP3,PLXNA3,AIF1,F2RL1,WNT3,WNT3A,NRG3,TIRAP,TGFB2,CX3CL1,S100A12,SMAD3,NRG1,PLAUR,PTK2,PRKCD,EGR3,C1QBP,CXCL9,PTPRJ,SEMA3B,SEMA3F,STX3,SLAMF1,SEMA5A,BMPR2,SCRIB,PTK2B,GPR18,GAS6,GPNMB,AGER,PRKD1,ANGPT1,NTRK3,AMOT,SEMA6D,SEMA4D,LGMN,LYST,CCL19,SEMA3C,CORO1B,SEMA4C,MMP28,SEMA6A,SEMA4A,SEMA6C,SEMA6B,WNK1,PROK2,TREM1,IL23A,SEMA4B,CCL28,SEMA3G,SEMA4G,SEMA5B,C5AR2,STK39,PLXNB3,STAP1,PADI2,PTGDR2,ROBO1,TNFRSF11A"
"GO:BP","negative regulation of catalytic activity","GO:0043086","2.778975368564561e-51","50.55611530257272","319","1691","123","21017","MEN1,IPO5,SLN,ITGB1BP1,SMAD7,CYP27B1,PDPK1,PARK2,SOCS5,RECK,ABL1,HP,TIMP1,HRAS,INS,IFNG,IL1B,APOE,APOA2,APOC1,APCS,LTF,THY1,TP53,SERPINE1,CSN2,RB1,LYN,PTPRC,GSTP1,IFIT1,MAPT,PRKAR1A,CEACAM1,TRIM27,DRD2,ENG,CR1,NFKB1,NF1,EPHA1,EDNRB,MT3,ZFP36,PLN,KLRK1,NOS1,PRDX3,DNAJA1,AKT1,SLC8A1,RDX,ARL2,PPARG,SNCA,CCR2,CDKN2A,CDKN1B,NOTCH1,SERPINB4,GSK3A,GSK3B,SERPINB9,DUSP3,PLK1,TERF1,TMBIM6,CAV3,PTEN,PKIA,ADARB1,HNRNPU,PRKCD,LRP1,HYAL2,PTPRJ,PLA2R1,MAPK7,PPP2R5A,TERF2,TARBP2,ADIPOQ,IFI16,MIDN,LRRK2,DAB2IP,USP17L2,LAX1,CCAR2,LILRB4,ZNF675,PYDC1,TMBIM1,SIRT1,CDK5RAP3,TRIB1,PARK7,CHP1,GFI1,SPOCK3,TINF2,INPP5K,SRCIN1,EGLN1,WWTR1,WNK1,PHPT1,SH3BP4,GMIP,RCC2,CD300A,MAD2L2,FBXO5,PLXNB3,CORO1C,PYCARD,CAMK2A,FOXA2,PKIG,PTPN22,IRS2,IRAK3,ARFGEF1"
"GO:BP","maintenance of location in cell","GO:0051651","4.496407831647351e-51","50.3471343044227","226","1691","103","21017","DHRS7C,CCL21,CASQ2,CLIC2,PDPK1,DIAPH1,NOL3,TRPM2,SUN1,ABL1,F2,TGFB1,APOE,CXCL10,THY1,ITGB3,LCK,LYN,PTPRC,FGF2,SRGN,CCL3,TXN,DMD,DRD2,CD19,PRKACA,PLCG1,CAPN3,DRD1,RYR1,HRC,SP100,F2R,PLN,GSTM2,HTR2A,HTR2C,PTPN6,NOS1,PML,SRI,NTSR1,CORO1A,CASQ1,AKT1,CCR7,SLC8A1,IL13,ARL2,SNCA,HTR2B,HTT,RANGAP1,BDKRB1,XCL1,HAP1,NAGLU,FKBP1A,FKBP1B,GSTO1,CX3CL1,CDK5,HNRNPU,ANK2,PRKCE,CXCL9,BAX,PDE4D,ANK3,AKAP6,TRDN,NR5A1,OS9,CAMK2D,PKD2,PTK2B,ITPR3,ITPR1,PRKD1,RYR3,TAF3,NPSR1,CHERP,TPCN2,UBASH3B,JPH3,RYR2,SIRT1,ERO1A,BBS4,PARK7,GPER1,P2RX7,BARD1,CCL19,PKP2,JPH2,MCOLN1,LACRT,PLCB1,IBTK,CHD7"
"GO:BP","T cell proliferation","GO:0042098","4.522855878675809e-51","50.34458725087735","213","1691","100","21017","LGALS9,TNFSF14,PDE5A,RASGRP1,CRTAM,ABL1,TGFB1,IL1B,EPO,IL2RA,ANXA1,PRNP,ERBB2,TP53,IGF1,IL4,IL6,CD55,PTPRC,HMGB1,PRKAR1A,IRF1,SCGB1A1,BMP4,CCL5,HLA-E,IDO1,CD46,SPN,PPP3CB,GJA1,CEBPB,HLA-G,CR1,KITLG,ZP3,IL10,TNFSF4,PTPN6,IL12B,CORO1A,SDC4,PRDX2,CTNNB1,SFTPD,TGFBR2,LEP,BCL6,CCR2,CD86,CASP3,CDKN2A,TNFRSF4,XCL1,STAT5B,AIF1,WNT4,FKBP1B,TNFRSF9,BAX,PPP3CA,ZP4,DLG1,FADD,SLAMF1,SCRIB,LRRC32,HES1,IHH,GPNMB,AGER,SHH,RC3H1,IL23R,CLEC4G,IL20RB,VTCN1,LILRB2,LILRB4,HAVCR2,BTN2A2,FOXJ1,TNFRSF14,PELI1,PAWR,TSPAN32,P2RX7,CCL19,NDFIP1,PLA2G2F,FOXP3,IL21,IL23A,CD274,PYCARD,TNFSF18,PLA2G2D,VSIG4,PTPN22,MAD1L1"
"GO:BP","ameboidal-type cell migration","GO:0001667","4.8362967325967073e-51","50.31548706071121","235","1691","105","21017","ITGB1BP1,NRP1,SEMA3E,SNAI2,ZEB2,SEMA7A,SEMA3D,BAG4,SGPL1,SEMA4F,SNAI1,TIMP1,TGFB1,IFNG,FN1,ITGB3,IL4,EDN1,THBS1,KRT16,FGF2,CTSH,TACSTD2,KIT,BMP4,SRC,EDN3,BRAF,VEGFA,FER,GJA1,BMP7,PLCG1,KITLG,PTPRG,MCC,EDNRB,PML,CORO1A,SDC4,AKT1,PFN2,ACVR1B,TGFBR2,GDNF,WNT5A,HTR2B,MTOR,SOX9,NOV,GPC3,ARHGDIB,PTEN,TGFB2,ARF6,ARHGAP4,PRKCE,PPARD,PTK2,PTPN11,C1QBP,DMTN,HYAL1,HYAL2,SEMA3B,SEMA3F,ILK,SEMA5A,BMPR2,PTPRR,SHH,TWIST1,PKN1,HIF1A,AMOT,DAB2IP,CLASP1,ACVR1C,SEMA6D,CYGB,PROX1,HAS2,HAS1,SEMA4D,ADIPOR1,MARVELD3,NODAL,SEMA3C,SEMA4C,SEMA6A,MIXL1,SEMA4A,PTPN23,SEMA6C,SEMA6B,SOX17,SEMA4B,RTN4,SEMA3G,SEMA4G,RCC2,SEMA5B,EVL,CORO1C,IRS2"
"GO:BP","regulation of monoatomic ion transmembrane transport","GO:0034765","6.196458236283088e-51","50.207856473073825","321","1691","123","21017","DHRS7C,WWP2,SLN,GNB5,CASQ2,CLIC2,PDPK1,DIAPH1,OXSR1,ABL1,F2,TGFB1,IFNG,EPO,CXCL10,PRNP,THY1,ITGB3,EDN1,ADRB2,LYN,ADRA2A,CD63,BCL2,G6PD,DMD,CCL2,EDN3,DRD2,KCNE1,CD19,PPP3CB,PRKACA,PLCG1,CAPN3,DRD1,DRD4,GAL,KEL,HRC,F2R,PLN,GSTM2,PTPN6,NOS1,PML,SRI,NTSR1,CORO1A,CASQ1,SLC8A1,IL13,ACTN2,SNCA,OPRK1,CCR2,HTT,BDKRB1,NEDD4,XCL1,SLC6A9,HAP1,TMBIM6,CAV3,SLC26A5,FGF12,FKBP1A,VAMP2,SUMO1,FKBP1B,GSTO1,CX3CL1,HAMP,ANK2,PRKCE,ATP7A,FMR1,CXCL9,BAX,PPP3CA,PDE4D,KCNH2,ANK3,DLG1,AKAP6,TRDN,CAMK2D,PKD2,PTK2B,KCNJ11,KCNAB1,PRKD1,NPSR1,CBARP,KCNRG,COMMD1,OSR1,UBASH3B,JPH3,RYR2,WNK4,NEDD4L,CRBN,GPER1,P2RX7,PHB2,CHP1,JPH2,WNK3,LACRT,WNK1,GPR35,GOPC,BPIFA1,TLR9,CHD7,STK39,KCNE5,UBQLN1,PTPN22,CAB39,TCAF1,SLC30A1"
"GO:BP","regulation of endocytosis","GO:0030100","6.834833850865107e-51","50.165272038306036","282","1691","115","21017","WASL,DLL1,SDCBP,CCL21,FCN1,TOR1A,PLSCR1,LRRTM2,SYT7,PARK2,SNX3,GREM1,FCN3,SOD1,ABL1,EGF,TGFB1,IFNG,APOA1,APOE,APOA2,APOC1,APOC2,ITGB3,IL4,SERPINE1,PRKCG,ITGAV,PTPRC,CD63,HMGB1,MBL2,BCR,SRC,CCL2,DRD2,VEGFA,ALOX15,PPP3CB,CD36,AZU1,DRD4,GATA2,PRTN3,FCER1G,AXL,ARRB2,SFTPD,PPARG,SNCA,WNT5A,CSK,ARRB1,NUMB,PPT1,RAB27A,GPC3,NR1H2,F2RL1,CAV3,WNT3A,SYNJ2BP,STX1B,B2M,ARF6,RACK1,DLG4,DAB2,NRG1,BTK,FMR1,TNK2,LRP1,PPP3CA,MERTK,PTPRJ,NR1H3,UNC119,PICALM,MTMR2,SCRIB,GAS6,PRKD1,ANGPT1,ADIPOQ,HFE,LRRK2,SFRP4,LRSAM1,LRRTM1,MAGI2,PROM2,NLGN1,SCAMP5,CD300LF,SNX33,RUBCN,DTNBP1,NEDD4L,BTBD9,ATXN2,CCL19,SYT11,PACSIN1,RAB17,SYT4,ATG3,CD300A,UBQLN2,RABGEF1,PACSIN3,STAP1,PYCARD,SNX12,PACSIN2"
"GO:BP","peptide secretion","GO:0002790","7.398905403428418e-51","50.130832525189696","254","1691","109","21017","STXBP3,VGF,SYT7,KALRN,PARK2,BAIAP3,EGFR,F2,SPINK1,GHRH,INS,TNF,IFNG,IL1B,FGA,FGB,FGG,RBP4,ANXA1,CD74,IL6,EDN1,PRKCB,CRH,ADRA2A,INHBB,PRKAR1A,CHGA,CCL5,EDN3,DRD2,PPP3CB,PRKACA,PFKL,ADCYAP1,RAB3A,NR1D1,TRH,TACR2,CNR1,GAL,CRHBP,HTR2C,CD38,GNA11,ADORA1,SRI,NOS2,IRS1,HNF1B,SREBF1,LEP,HNF4A,NOV,MTNR1B,CPT1A,F2RL1,UCP2,SNAP25,VSNL1,FKBP1B,ABAT,PRKCE,GHRHR,PTPN11,SOX4,PPP3CA,ABCC8,REST,TARDBP,DOC2B,ITPR1,KCNJ11,KCNB1,PRKD1,GPR68,CARTPT,STX1A,HIF1A,HADH,PTPRN,HFE,MIDN,FFAR4,BMP8A,PIM3,NDUFAF2,SFRP1,JAGN1,TRPV1,ACVR1C,PTPRN2,BAD,SYTL4,NR1H4,PARK7,GPER1,RBM4,RAB11FIP5,ENY2,PLCB1,TCF7L2,CHD7,GHRL,FOXA2,STXBP5L,IRS2,SIRT4,PCLO"
"GO:BP","negative regulation of transmembrane transport","GO:0034763","8.348613066347875e-51","50.07838566675131","112","1691","73","21017","STXBP3,SLN,GNB5,CASQ2,CLIC2,ARL6IP5,OAZ2,OXSR1,TGFB1,TNF,IL1B,EPO,PRKCB,THBS1,ADRA2A,BCL2,DRD2,KCNE1,PPP3CB,DRD4,ENPP1,KEL,PLN,GSTM2,NOS1,SRI,NTSR1,AKT1,ACTN2,LEP,NEDD4,SLC6A9,GSK3A,OAZ1,TMBIM6,CAV3,SLC26A5,OSTN,SUMO1,FKBP1B,GSTO1,HAMP,PRKCE,ATP7A,FMR1,PPP3CA,KCNH2,ANK3,TRDN,GRB10,CAMK2D,PKD2,KCNAB1,PEA15,PID1,CBARP,KCNRG,COMMD1,OSR1,RSC1A1,NEDD4L,CRBN,INPP5K,GPR35,GOPC,TLR9,STK39,KCNE5,UBQLN1,OAZ3,CAB39,IRS2,SLC30A1"
"GO:BP","regulation of apoptotic signaling pathway","GO:2001233","1.31793744931485e-50","49.880105201321705","380","1691","134","21017","FZD9,TLR4,BMPR1B,DDX3X,NRP1,BCL2L11,SNAI2,PARK2,KDM1A,NOL3,NDUFS3,PSMD10,WFS1,SNAI1,BCL10,SOD1,MYC,INS,TNF,IFNB1,IL1B,EPO,COL2A1,FGA,FGB,FGG,PF4,CSF2,SOD2,CD74,TP53,IGF1,IL4,SERPINE1,SLC25A5,ICAM1,LCK,RB1,ENO1,ITGAV,GPX1,THBS1,INHBA,PTPRC,GSTP1,INHBB,HMOX1,CTSH,PARP1,HSPA1A,BCL2,BMP4,SRC,MIF,PTPN2,ATF4,NF1,TNFAIP3,BMP5,IL10,SFPQ,SP100,FAS,MSX1,ADORA2A,NOS3,PML,ERP29,PPP2R1A,DNAJA1,AKT1,PRDX2,CTNNA1,CTNNB1,PTGS2,GDNF,WNT5A,CASP2,HTT,MAPK9,CXCL12,CX3CR1,GSK3B,TMBIM6,CDKN2D,WNT4,PPP1CA,RACK1,CSNK2A1,CX3CL1,NRG1,PLAUR,PRKCD,BAX,BCL2L1,HYAL2,STK4,TRIM32,FADD,MAP2K5,MAPK7,STK3,NOG,HDAC1,PEA15,NONO,NFE2L2,HIF1A,LRRK2,DAB2IP,CCAR2,PIAS4,SLC35F6,SFRP1,FLCN,ING5,BAD,TMBIM1,SIRT1,SFRP2,PARK7,GPER1,NKX3-1,ING2,TCF7L2,CYLD,NDUFA13,PYCARD,UBQLN1,BOK,FAF1,FZD1,FBXO7,MAGED1"
"GO:BP","regulation of monoatomic cation transmembrane transport","GO:1904062","5.623514341724447e-50","49.249992192934286","282","1691","114","21017","DHRS7C,WWP2,SLN,GNB5,CASQ2,CLIC2,PDPK1,DIAPH1,OXSR1,ABL1,F2,TGFB1,IFNG,EPO,CXCL10,PRNP,THY1,ITGB3,EDN1,LYN,ADRA2A,CD63,BCL2,G6PD,DMD,EDN3,DRD2,KCNE1,CD19,PPP3CB,PRKACA,PLCG1,CAPN3,DRD1,DRD4,GAL,KEL,HRC,F2R,PLN,GSTM2,PTPN6,NOS1,PML,SRI,NTSR1,CORO1A,CASQ1,SLC8A1,IL13,ACTN2,SNCA,OPRK1,HTT,BDKRB1,NEDD4,XCL1,HAP1,TMBIM6,CAV3,FGF12,FKBP1A,VAMP2,SUMO1,FKBP1B,GSTO1,CX3CL1,HAMP,ANK2,PRKCE,ATP7A,FMR1,CXCL9,BAX,PPP3CA,PDE4D,KCNH2,ANK3,DLG1,AKAP6,TRDN,CAMK2D,PKD2,PTK2B,KCNAB1,PRKD1,NPSR1,CBARP,KCNRG,COMMD1,OSR1,UBASH3B,JPH3,RYR2,WNK4,NEDD4L,GPER1,P2RX7,PHB2,CHP1,JPH2,WNK3,LACRT,WNK1,GPR35,BPIFA1,TLR9,CHD7,STK39,KCNE5,UBQLN1,PTPN22,CAB39,SLC30A1"
"GO:BP","intracellular calcium ion homeostasis","GO:0006874","6.8673342165907905e-50","49.16321181602664","302","1691","118","21017","DHRS7C,FZD9,CCL21,CASQ2,CLIC2,PDPK1,HCRTR1,HCRTR2,DIAPH1,NOL3,TRPA1,WFS1,STC2,TRPM2,TSPOAP1,ABL1,F2,TGFB1,APOE,CXCL10,THY1,ITGB3,EDN1,PRKCB,LCK,LYN,ELANE,PTPRC,PKHD1,FGF2,CCL3,BCL2,DMD,CCL5,EDN3,DRD2,CD19,ATP2A2,PRKACA,ATF4,PLCG1,CAPN3,CNR1,DRD1,RYR1,DRD4,KEL,HRC,NPPC,F2R,PLN,GSTM2,HTR1B,HTR2A,HTR2C,PTPN6,NOS1,PML,ADORA1,SRI,NTSR1,CORO1A,CASQ1,CCR7,SLC8A1,IL13,DRD3,SNCA,WNT5A,HTR2B,CCR2,HTT,BDKRB1,P2RY1,XCL1,CXCL12,STC1,HAP1,TMBIM6,CAV3,FKBP1A,FKBP1B,GSTO1,CX3CL1,ANK2,PRKCE,CXCL9,BAX,PDE4D,AKAP6,TRDN,CAMK2D,PKD2,PTK2B,ITPR3,ITPR1,PRKD1,RYR3,RGN,NPSR1,CHERP,TMEM178A,TPCN2,UBASH3B,JPH3,RYR2,ERO1A,GPER1,P2RX7,CCL19,JPH2,MCOLN1,LACRT,PLCB1,IBTK,CHD7,BOK,SLC30A1"
"GO:BP","negative regulation of hormone secretion","GO:0046888","7.760132990441461e-50","49.110130835891304","71","1691","58","21017","KALRN,PARK2,RAB11FIP3,IL1B,INHA,EDN1,CRH,INHBA,ADRA2A,NMB,INHBB,CHGA,OSM,DRD2,LIF,GJA1,PFKL,IL11,TACR2,CRHBP,ADORA1,IRS1,SREBF1,OPRK1,LEP,NOV,MTNR1B,F2RL1,UCP2,VSNL1,FKBP1B,PTPN11,PPP3CA,ABCC8,REST,KCNJ11,KCNB1,ADIPOQ,CRY1,CARTPT,HADH,MIDN,FFAR4,RAB11FIP1,BMP8A,PIM3,NDUFAF2,SFRP1,JAGN1,ACVR1C,SYTL4,RAB11FIP5,FGF23,NPVF,ENY2,GHRL,STXBP5L,SIRT4"
"GO:BP","negative regulation of phosphorylation","GO:0042326","9.21017223065459e-50","49.035732248399945","288","1691","115","21017","MEN1,IPO5,DVL1,ITGB1BP1,SMAD7,PDPK1,PARK2,SOCS5,SLIT2,ABL1,SPINK1,TGFB1,IFNG,IL1B,APOE,PRNP,THY1,INHA,RB1,LYN,INHBA,PTPRC,GSTP1,NLRP2B,MAPT,PRKAR1A,DMD,CEACAM1,TRIM27,DRD2,PTPN2,IGFBP3,NF1,EPHA1,ENPP1,FBLN1,PTPN6,PRDX3,PPP2R1A,DNAJA1,AKT1,ARRB2,SLC8A1,NF2,PPARG,SNCA,CDKN2A,CDKN2C,CDKN1B,BDKRB1,DUSP3,PLK1,CDKN2D,CAV3,NLRP12,PTEN,PKIA,RACK1,PPP2CA,PRKDC,ADARB1,HNRNPU,PRKCD,BAX,DMTN,PDE4D,HYAL2,PTPRJ,TARDBP,GRB10,PPP2R5A,ANGPT1,RGN,TARBP2,ADIPOQ,NTRK3,PKN1,MIDN,ZC3H12A,LRRK2,DAB2IP,PID1,LAX1,SFRP1,LILRB4,ZNF675,TRAF3IP1,CACTIN,PYDC1,PIBF1,SEMA4D,SIRT1,SFRP2,CDK5RAP3,TRIB1,PARK7,CHP1,CIB1,INPP5K,SRCIN1,WWTR1,ADNP,SAMSN1,TERF2IP,IBTK,CD300A,RABGEF1,CORO1C,STAP1,PYCARD,FOXA2,PKIG,PTPN22,IRS2,IRAK3"
"GO:BP","cell killing","GO:0001906","1.1247326073097492e-49","48.94895071397285","219","1691","100","21017","KLRF2,LGALS9,APOL1,NCR3,SH2D1A,PGLYRP1,TUSC2,NCR1,RASGRP1,CRTAM,F2,C5,TGFB1,IFNG,PF4,LTF,HRG,SEMG1,IL4,ICAM1,FCER2,TUBB,CD55,ELANE,CTSG,PTPRC,CTSH,GZMB,CHGA,MBL2,LAMP1,DEFA4,CEACAM1,HLA-E,PVR,VAV1,HTN1,PPP3CB,IL7R,HLA-G,CR1,LAG3,AZU1,KLRK1,PTPN6,IL12A,IL12B,CORO1A,ARRB2,GBP1,IL13,NOS2,RPS19,LEP,KIR3DL1,MAPK8,XCL1,SERPINB4,CX3CR1,CAMP,SERPINB9,RAB27A,STAT5B,CEBPG,EMP2,F2RL1,NLRP6,DEFA3,B2M,TUBB4B,S100A12,HAMP,DCD,DEFA6,PRDX1,FADD,AGER,STXBP2,MICB,HFE,PIK3R6,IL23R,RAET1L,RAET1G,UNC13D,RAET1E,HAVCR2,NECTIN2,SLAMF6,PGLYRP3,P2RX7,LYST,ULBP3,ULBP2,ULBP1,IL21,TREM1,IL23A,SLAMF7,STAP1"
"GO:BP","positive regulation of immune effector process","GO:0002699","3.61310210329138e-49","48.44211976545399","253","1691","107","21017","LGALS9,TLR4,FCN1,NCR3,TLR3,SH2D1A,SOCS5,SEMA7A,FCN3,RASGRP1,CRTAM,IL33,BCL10,TGFB1,LTA,TNF,IFNG,IL1B,RBP4,ANXA1,CD74,IL4,IL6,FCER2,CD55,PTPRC,RARA,KIT,MBL2,LAMP1,HLA-E,MIF,PVR,VAV1,CD46,FER,CD36,HLA-G,CR1,LBP,LAG3,ZP3,IL10,TNFSF4,GATA2,IL4R,KLRK1,PTPN6,IL12A,IL12B,IL13,NOS2,PHB,RPS19,WNT5A,CCR2,CD86,STAT6,MSH2,TNFRSF4,XCL1,STAT5B,F2RL1,STXBP1,B2M,BTK,FADD,SLAMF1,HLX,SHB,MICB,HFE,IL23R,RAET1L,RAET1G,USP17L2,SCIMP,MAVS,TICAM2,TICAM1,NFKBID,RAET1E,MZB1,RSAD2,NECTIN2,TNFRSF14,DHX58,SLAMF6,SIRT1,NLRP3,P2RX7,PHB2,CCL19,VAMP8,ULBP3,ULBP2,ULBP1,FOXP3,IL21,IL23A,RTN4,TLR9,CD300A,MAD2L2,STAP1,PYCARD,PTPN22"
"GO:BP","peptide hormone secretion","GO:0030072","4.878503739947534e-49","48.311713357736046","249","1691","106","21017","STXBP3,VGF,SYT7,KALRN,PARK2,BAIAP3,EGFR,F2,SPINK1,GHRH,INS,TNF,IFNG,IL1B,FGA,FGB,FGG,RBP4,ANXA1,IL6,EDN1,PRKCB,CRH,ADRA2A,INHBB,PRKAR1A,CHGA,CCL5,EDN3,DRD2,PPP3CB,PRKACA,PFKL,ADCYAP1,RAB3A,NR1D1,TRH,TACR2,CNR1,GAL,CRHBP,HTR2C,CD38,GNA11,SRI,NOS2,IRS1,HNF1B,SREBF1,LEP,HNF4A,NOV,MTNR1B,CPT1A,F2RL1,UCP2,SNAP25,VSNL1,FKBP1B,ABAT,PRKCE,GHRHR,PTPN11,SOX4,PPP3CA,ABCC8,REST,TARDBP,DOC2B,ITPR1,KCNJ11,KCNB1,PRKD1,GPR68,CARTPT,STX1A,HIF1A,HADH,PTPRN,HFE,MIDN,FFAR4,BMP8A,PIM3,NDUFAF2,SFRP1,JAGN1,ACVR1C,PTPRN2,BAD,SYTL4,NR1H4,PARK7,GPER1,RBM4,RAB11FIP5,ENY2,PLCB1,TCF7L2,CHD7,GHRL,FOXA2,STXBP5L,IRS2,SIRT4,PCLO"
"GO:BP","calcium ion transmembrane import into cytosol","GO:0097553","2.013678578285493e-48","47.6960098499776","190","1691","92","21017","DHRS7C,CACNA1A,CCL21,CASQ2,CLIC2,PDPK1,DIAPH1,NOL3,TRPM2,ABL1,F2,TGFB1,EPO,CXCL10,PRNP,THY1,ITGB3,LCK,LYN,PTPRC,FGF2,CCL3,BCL2,DMD,DRD2,CD19,PPP3CB,PRKACA,PLCG1,CAPN3,DRD1,RYR1,HRC,F2R,PLN,GSTM2,HTR2A,HTR2C,PTPN6,NOS1,PML,SRI,NTSR1,CORO1A,CASQ1,CCR7,SLC8A1,IL13,SNCA,HTR2B,HTT,BDKRB1,XCL1,HAP1,TMBIM6,FKBP1A,FKBP1B,GSTO1,CX3CL1,CACNA1B,ANK2,PRKCE,CXCL9,BAX,PPP3CA,PDE4D,AKAP6,TRDN,CAMK2D,PKD2,PTK2B,ITPR3,ITPR1,PRKD1,RYR3,NPSR1,CHERP,TRPV1,TPCN2,UBASH3B,JPH3,RYR2,ERO1A,GPER1,P2RX7,CCL19,JPH2,MCOLN1,LACRT,PLCB1,IBTK,CHD7"
"GO:BP","calcium ion homeostasis","GO:0055074","2.3169094032022193e-48","47.63509094784947","326","1691","121","21017","DHRS7C,FZD9,CCL21,CASQ2,CLIC2,CYP27B1,PDPK1,HCRTR1,HCRTR2,DIAPH1,NOL3,TRPA1,WFS1,STC2,TRPM2,TSPOAP1,ABL1,F2,TGFB1,APOE,CXCL10,THY1,ITGB3,EDN1,PRKCB,LCK,LYN,ELANE,PTPRC,PKHD1,FGF2,CCL3,BCL2,DMD,CCL5,EDN3,DRD2,CD19,ATP2A2,PRKACA,ATF4,PLCG1,CAPN3,CNR1,DRD1,RYR1,DRD4,KEL,HRC,NPPC,F2R,PLN,GSTM2,HTR1B,HTR2A,HTR2C,PTPN6,NOS1,PML,ADORA1,SRI,NTSR1,CORO1A,CASQ1,CCR7,SLC8A1,IL13,DRD3,SNCA,WNT5A,HTR2B,CCR2,HTT,BDKRB1,P2RY1,XCL1,CXCL12,STC1,HAP1,TMBIM6,CAV3,FKBP1A,FKBP1B,GSTO1,CX3CL1,ANK2,PRKCE,CXCL9,BAX,PDE4D,AKAP6,TRDN,CAMK2D,PKD2,PTK2B,ITPR3,ITPR1,PRKD1,RYR3,RGN,NPSR1,CHERP,TMEM178A,TPCN2,UBASH3B,JPH3,RYR2,ERO1A,WNK4,GPER1,P2RX7,CCL19,JPH2,MCOLN1,FGF23,LACRT,PLCB1,IBTK,CHD7,BOK,SLC30A1"
"GO:BP","regulation of leukocyte migration","GO:0002685","3.15109131198753e-48","47.50153901170454","230","1691","101","21017","LGALS9,WASL,CCL21,MSTN,CCL25,TNFSF14,CXCL13,GREM1,SLIT2,OXSR1,IL33,ABL1,ADA,C5,TGFB1,TNF,CXCL10,ANXA1,THY1,CD74,APOD,ITGB3,IL4,SERPINE1,IL6,EDN1,ICAM1,LYN,THBS1,ELANE,F7,HMGB1,HMOX1,CCL3,BCR,CYP19A1,CCL4,CCL2,CCL5,EDN3,MIF,VEGFA,SPN,LBP,PTN,NF1,KITLG,ZP3,BMP5,KLRK1,PIK3R1,IL12A,ADORA1,CORO1A,HOXA7,AKT1,CCR7,PTGER4,CD200,WNT5A,NBL1,CCR2,BDKRB1,XCL1,CXCL12,NOV,CX3CR1,MMP14,AIF1,F2RL1,TIRAP,CX3CL1,PTK2,C1QBP,FADD,SLAMF1,PTK2B,GPR18,GAS6,AGER,IL27RA,SPNS2,GCSAM,TNFRSF14,LGMN,CCL19,MMP28,WNK1,IL23A,PLCB1,RTN4,CCL28,C5AR2,STK39,CD300A,RABGEF1,STAP1,PYCARD,TNFSF18,PADI2,PTPN22"
"GO:BP","peptide transport","GO:0015833","7.952166936512354e-48","47.09951451155275","279","1691","111","21017","STXBP3,VGF,SYT7,KALRN,PARK2,BAIAP3,EGFR,F2,SPINK1,GHRH,INS,TNF,IFNG,IL1B,FGA,FGB,FGG,RBP4,ANXA1,CD74,IL6,EDN1,PRKCB,CRH,ADRA2A,INHBB,MGST1,PRKAR1A,CHGA,CCL5,EDN3,DRD2,PPP3CB,GJA1,PRKACA,PFKL,ADCYAP1,RAB3A,NR1D1,TRH,TACR2,CNR1,GAL,CRHBP,HTR2C,CD38,GNA11,ADORA1,SRI,NOS2,IRS1,HNF1B,SREBF1,LEP,HNF4A,NOV,MTNR1B,CPT1A,F2RL1,UCP2,SNAP25,VSNL1,FKBP1B,ABAT,PRKCE,GHRHR,PTPN11,SOX4,PPP3CA,ABCC8,REST,TARDBP,DOC2B,ITPR1,KCNJ11,KCNB1,PRKD1,GPR68,CARTPT,STX1A,HIF1A,HADH,PTPRN,HFE,MIDN,FFAR4,BMP8A,PIM3,NDUFAF2,SFRP1,JAGN1,TRPV1,ACVR1C,PTPRN2,BAD,SYTL4,NR1H4,PARK7,GPER1,RBM4,RAB11FIP5,ENY2,PLCB1,TCF7L2,CHD7,GHRL,FOXA2,STXBP5L,IRS2,SIRT4,PCLO"
"GO:BP","cellular response to chemical stress","GO:0062197","8.370845221293826e-48","47.077230688194184","314","1691","118","21017","DDX3X,CCS,KLF4,FOXO3,PARK2,PEX14,GPX5,TRPA1,ARL6IP5,TRPM2,OXSR1,DHFR,GSR,SOD1,ABL1,EGFR,EPO,CAT,ANXA1,SOD2,TP53,MPO,IL6,EDN1,JUN,FABP1,GPX1,SOD3,FBP1,TPM1,PARP1,HSPA1A,TXN,MGST1,MAPT,G6PD,SRC,XRCC5,NQO1,PDGFRA,FER,ATP2A2,CD36,BMP7,ATF4,TRIM21,CAPN3,TNFAIP3,FAS,MT3,NOS3,PML,PRDX5,PRDX3,AXL,GCH1,DNAJA1,AKT1,PRDX2,SLC8A1,STX2,PTGS2,PPARG,SNCA,STAT6,MTOR,CASP3,MAPK8,MAPK9,PRKAA2,NAGLU,AIF1,SESN2,RHOB,RACK1,RELB,TOP2B,ATP7A,PRKCD,BTK,PRDX1,ZFP36L1,PLA2R1,PRKAA1,MAPK7,ATM,PKD2,KEAP1,PRKD1,PTPRK,EZH2,NFE2L2,HIF1A,CYP1B1,ZC3H12A,LRRK2,SETX,PNPT1,GPX8,CYGB,HDAC2,KAT2B,BAD,TP53INP1,SIRT1,PAWR,GPX7,PARK7,FANCD2,SRXN1,WNK3,WNK1,PLEKHA1,PPARGC1A,STK39,PYCARD,CAB39,STK24"
"GO:BP","sex differentiation","GO:0007548","1.9574595178548816e-47","46.70830721080465","291","1691","113","21017","BMPR1B,WNT7A,EREG,VGF,TLR3,MSH4,BCL2L11,FOXO3,SLIT3,SLIT2,REC8,SGPL1,SOD1,GNRH1,FSHB,RBP4,ESR1,ANG,AMH,INHA,ERCC1,INHBA,INHBB,RARA,BCL2,KIT,CYP19A1,SRC,KCNE1,VEGFA,PDGFRA,FER,GJA1,CEBPB,SRD5A1,WT1,NPR2,KITLG,ZP3,BMP5,NPPC,FSHR,NOS3,AXL,HOXA9,CTNNA1,CTNNB1,HNF1B,BMPR1A,LEP,WNT5A,HNF4A,CASP3,CASP2,MSH2,NKX2-1,NOTCH1,SOX9,MMP14,BRCA2,STAT5B,NR0B1,WNT4,FOXL2,TGFB2,PKD1,ROR2,NHLH2,PTPN11,TYRO3,BAX,BCL2L1,MERTK,EIF2B5,PRDX4,NR5A1,ATM,ADAM15,DMC1,SHH,NCOA1,CYP1B1,PTPRN,DMRTA1,GPR149,TEX11,SFRP1,LFNG,OSR1,ZFPM2,SIRT1,SFRP2,IMMP2L,NKX3-1,CITED2,SYCP2,BRIP1,LGR4,ING2,PLEKHA1,AGO4,RETN,TLR9,CHD7,ADAMTS1,EIF2B4,DACH1,FZD4,BOK,SPO11,PCYT1B,DMRT1,ADGRG1"
"GO:BP","regulation of chemotaxis","GO:0050920","2.312850715224448e-47","46.63585239820499","225","1691","99","21017","LGALS9,CCL21,NRP1,MSTN,SEMA3E,TNFSF14,CXCL13,GREM1,SEMA7A,SLIT2,SEMA3D,OXSR1,SEMA4F,C5,PDGFB,TGFB1,CXCL10,HRG,CD74,IL4,SERPINE1,IL6,EDN1,LYN,THBS1,ELANE,FGF4,F7,FGF2,HMGB1,CCL3,CYP19A1,CCL4,CCL2,CCL5,EDN3,MIF,VEGFA,PDGFRA,PTPN2,LBP,AZU1,PTN,KLRK1,IL12A,CCR7,WNT5A,NBL1,CCR2,NOTCH1,XCL1,CXCL12,NOV,CX3CR1,DUSP3,PLXNA3,AIF1,F2RL1,WNT3,WNT3A,TIRAP,SMAD3,PTK2,C1QBP,SEMA3B,SEMA3F,STX3,SLAMF1,SEMA5A,BMPR2,PTK2B,GPR18,GAS6,AGER,PRKD1,NTRK3,SEMA6D,SEMA4D,LGMN,CCL19,SEMA3C,CORO1B,SEMA4C,MMP28,SEMA6A,SEMA4A,SEMA6C,SEMA6B,WNK1,IL23A,SEMA4B,SEMA3G,SEMA4G,SEMA5B,C5AR2,STK39,STAP1,PADI2,ROBO1"
"GO:BP","negative regulation of developmental growth","GO:0048640","3.7844492610061404e-47","46.42199731307512","108","1691","69","21017","NRP1,MSTN,SEMA3E,TP73,SEMA7A,STC2,SEMA3D,KCNK2,NTN1,SEMA4F,RBP4,ADRB2,ADRB1,SPP1,G6PD,ADRB3,FGFR3,MT3,SLC6A4,WNT5A,DCC,CDKN1B,GSK3A,PLXNA3,CAV3,WNT3,WNT3A,PTEN,OSTN,ARHGAP4,CDK5,PPARA,STK4,STK3,SEMA3B,NOG,SEMA3F,SEMA5A,MAPK11,WWC2,WWC1,ULK2,SPG20,DRAXIN,SEMA6D,SEMA4D,LGMN,TBX5,CITED2,SEMA3C,BBS2,RTN4R,SEMA4C,BCL11A,SEMA6A,SEMA4A,SEMA6C,SEMA6B,SAV1,SEMA4B,RTN4,SEMA3G,SEMA4G,PLAC8,SEMA5B,WWC3,RNF6,CTDP1,TLL2"
"GO:BP","myeloid leukocyte activation","GO:0002274","4.280581260964608e-47","46.36849725405006","240","1691","102","21017","SNAP23,LGALS9,STXBP3,TLR4,PLSCR1,TLR3,PDPK1,RASGRP1,IL33,TGFB1,TNF,IFNG,FN1,ANXA1,CSF2,CD74,IL4,IL6,FCER2,LYN,THBS1,CTSG,PTPRC,HMGB1,CCL3,MAPT,CHGA,KIT,BCR,CCL5,MT1G,MIF,FER,BPI,LBP,AZU1,NR1D1,CNR1,IL10,GATA2,IL4R,PTPN6,FCER1G,CNR2,IL13,TGFBR2,SNCA,CD200,WNT5A,CCR2,CX3CR1,CAMP,NAGLU,AIF1,F2RL1,STXBP1,VAMP2,CX3CL1,S100A12,HAMP,RELB,IL1RL1,PRKCE,PRKCD,BTK,HYAL2,FOXF1,NR1H3,NMI,SLAMF1,ATM,IL13RA2,AGER,IRF4,RHOH,STXBP2,ZC3H12A,LRRK2,CPLX2,UNC13D,MILR1,TICAM1,ADGRF5,TRPV1,LILRB4,IL31RA,HAVCR2,CD300LF,NECTIN2,WNK4,TSPAN32,SYT11,VAMP8,DCSTAMP,TLR9,STK39,CD300A,CD84,RABGEF1,STAP1,PYCARD,VSIG4"
"GO:BP","cell activation involved in immune response","GO:0002263","6.192333690878528e-47","46.2081456485457","309","1691","116","21017","KLRF2,SNAP23,LGALS9,STXBP3,TLR4,MEN1,DLL1,SMAD7,PDPK1,NBN,SOCS5,PGLYRP1,RASGRP1,IL33,ABL1,ADA,TGFB1,TNF,IFNA2,IFNB1,IFNG,ANXA1,CD74,TP53,IL4,IL6,ICAM1,LYN,ERCC1,PTPRC,HMGB1,CCL3,RARA,CHGA,KIT,BCR,LAMP1,CEACAM1,CD19,CD46,SPN,FER,CR1,LBP,IL10,TNFSF4,GATA2,IL4R,PTPN6,IL12B,FCER1G,CORO1A,IL13,PTGER4,STAT3,BCL6,CCR2,CD86,STAT6,MTOR,MSH2,CX3CR1,RAB27A,RORC,JAK3,MSH6,F2RL1,STXBP1,VAMP2,RELB,PRKCE,IRF8,ATP7A,BTK,LRP1,FOXF1,NMI,SLAMF1,PTK2B,IL13RA2,HLX,IRF4,SHB,STXBP2,ZC3H12A,RC3H1,IL23R,CPLX2,IL27RA,UNC13D,MILR1,IFNL1,TICAM1,ZFPM1,LFNG,NFKBID,HAVCR2,SLAMF6,PGLYRP3,NLRP3,PGLYRP2,CCL19,NDFIP1,VAMP8,FOXP3,SEMA4A,IL21,IL23A,EIF2AK4,CD300A,MAD2L2,CD84,RABGEF1,PYCARD,TNFSF18,PLCL2"
"GO:BP","negative regulation of leukocyte proliferation","GO:0070664","7.502287258301465e-47","46.12480631097885","96","1691","65","21017","LGALS9,TNFRSF13B,GREM1,PDE5A,CRTAM,IL33,TGFB1,IL2RA,PRNP,ERBB2,LYN,GSTP1,PRKAR1A,SCGB1A1,BMP4,HLA-E,IDO1,SPN,CEBPB,HLA-G,CR1,NF1,TNFAIP3,IL10,GAL,PTPN6,SDC4,SFTPD,SOX11,BCL6,MNDA,CASP3,CDKN2A,XCL1,BTK,DLG1,ATM,SCRIB,LRRC32,IHH,GPNMB,SHH,PKN1,RC3H1,CLEC4G,IL20RB,VTCN1,LILRB2,LILRB4,HAVCR2,BTN2A2,INPP5D,FOXJ1,TNFRSF14,PELI1,PAWR,TSPAN32,NDFIP1,PLA2G2F,FOXP3,CD274,CD300A,PLA2G2D,VSIG4,MAD1L1"
"GO:BP","regulation of T cell proliferation","GO:0042129","9.395289510037194e-47","46.02708983284133","180","1691","88","21017","LGALS9,PDE5A,CRTAM,TGFB1,IL1B,EPO,IL2RA,ANXA1,PRNP,ERBB2,IGF1,IL4,IL6,CD55,PTPRC,HMGB1,PRKAR1A,IRF1,SCGB1A1,BMP4,CCL5,HLA-E,IDO1,CD46,SPN,CEBPB,HLA-G,CR1,KITLG,ZP3,IL10,TNFSF4,PTPN6,IL12B,CORO1A,SDC4,CTNNB1,SFTPD,TGFBR2,LEP,BCL6,CCR2,CD86,CASP3,CDKN2A,XCL1,STAT5B,AIF1,TNFRSF9,PPP3CA,ZP4,DLG1,FADD,SLAMF1,SCRIB,LRRC32,HES1,IHH,GPNMB,AGER,SHH,RC3H1,IL23R,CLEC4G,IL20RB,VTCN1,LILRB2,LILRB4,HAVCR2,BTN2A2,FOXJ1,TNFRSF14,PELI1,PAWR,TSPAN32,CCL19,NDFIP1,PLA2G2F,FOXP3,IL21,IL23A,CD274,PYCARD,TNFSF18,PLA2G2D,VSIG4,PTPN22,MAD1L1"
"GO:BP","leukocyte activation involved in immune response","GO:0002366","9.39822245297243e-47","46.02695427957748","305","1691","115","21017","KLRF2,SNAP23,LGALS9,STXBP3,TLR4,MEN1,DLL1,SMAD7,PDPK1,NBN,SOCS5,PGLYRP1,RASGRP1,IL33,ABL1,ADA,TGFB1,TNF,IFNA2,IFNB1,IFNG,ANXA1,CD74,TP53,IL4,IL6,ICAM1,LYN,ERCC1,PTPRC,HMGB1,CCL3,RARA,CHGA,KIT,BCR,LAMP1,CEACAM1,CD19,CD46,SPN,FER,CR1,LBP,IL10,TNFSF4,GATA2,IL4R,PTPN6,IL12B,FCER1G,CORO1A,IL13,PTGER4,STAT3,BCL6,CCR2,CD86,STAT6,MTOR,MSH2,CX3CR1,RAB27A,RORC,JAK3,MSH6,F2RL1,STXBP1,VAMP2,RELB,PRKCE,IRF8,ATP7A,BTK,FOXF1,NMI,SLAMF1,PTK2B,IL13RA2,HLX,IRF4,SHB,STXBP2,ZC3H12A,RC3H1,IL23R,CPLX2,IL27RA,UNC13D,MILR1,IFNL1,TICAM1,ZFPM1,LFNG,NFKBID,HAVCR2,SLAMF6,PGLYRP3,NLRP3,PGLYRP2,CCL19,NDFIP1,VAMP8,FOXP3,SEMA4A,IL21,IL23A,EIF2AK4,CD300A,MAD2L2,CD84,RABGEF1,PYCARD,TNFSF18,PLCL2"
"GO:BP","meiosis I cell cycle process","GO:0061982","1.2239001647997606e-46","45.912254006736944","141","1691","78","21017","MEIKIN,SYCE3,HFM1,MEIOC,EME2,SYCE1L,RNF212B,AURKA,RAD51B,MSH4,RAD51C,BCL2L11,RAD51D,SUN1,REC8,PTTG1,CCNE2,WEE2,TOP2A,CCNE1,CDC25B,BAG6,BRCA2,MSH6,PLK1,TERF1,HSPA2,UBE2B,TOP2B,CENPC,RAD51,ATM,DMC1,ESPL1,SYCP1,TRIP13,MAJIN,RNF212,BRDT,MEI1,SYCE2,USP17L2,HORMAD1,FANCM,TEX11,SYCP3,SYCE1,MEIOB,TOP6BL,CNTD1,TERB1,ANKLE1,SPATA22,M1AP,PIWIL2,P3H4,RAD50,ERCC4,EME1,MAEL,MUS81,KLHDC3,NDC1,SYCP2,BRIP1,TEX15,TEX12,FANCD2,ING2,AGO4,CCNB1IP1,PTTG2,MLH3,FBXO5,PSMD13,SPO11,DMRT1,RAD54B"
"GO:BP","mesenchyme development","GO:0060485","1.2701651622016844e-46","45.89613980316288","316","1691","117","21017","SDCBP,NRP1,SEMA3E,SMAD7,SPRY1,SNAI2,GREM1,ROCK2,SEMA7A,FOXH1,SEMA3D,SEMA4F,SNAI1,HAND1,WNT11,MYC,TGFB1,IL1B,FN1,AMH,IGF1,IL6,EDN1,BCL2,TGFB3,BMP4,EDN3,ENG,BMP7,WT1,HOXA5,KITLG,ERBB3,BMP5,EDNRB,MSX1,NOS3,CTNNB1,MSX2,BMPR1A,ACVRL1,TGFBR2,GDNF,WNT5A,HTR2B,STAT1,MTOR,NKX2-1,NOTCH1,SOX9,GSK3B,HMGA2,EMP2,WNT3A,WNT4,PTEN,TGFB2,PPP2CA,SMAD3,DAB2,NRG1,PTK2,MEF2C,SOX4,ZFP36L1,FOXF1,SEMA3B,NOG,TRIM28,SEMA3F,ADAM15,PKD2,SEMA5A,BMPR2,HES1,SHH,TWIST1,EZH2,HIF1A,DAB2IP,CLASP1,PHLDB2,SFRP1,SEMA6D,OSR1,ZFPM2,HDAC2,HAS2,SEMA4D,ADIPOR1,DACT3,SFRP2,NODAL,TBX5,CITED2,SEMA3C,FUZ,TRIM62,SEMA4C,WWTR1,SEMA6A,SEMA4A,SEMA6C,SEMA6B,RGCC,SEMA4B,HEYL,TCF7L2,RTN4,SEMA3G,SEMA4G,SEMA5B,MAD2L2,CORO1C,FOXA2,AXIN2,ROBO1"
"GO:BP","gland development","GO:0048732","1.6924940300479754e-46","45.771472854531616","454","1691","142","21017","NRP1,AURKA,ALOX15B,BCL2L11,SNAI2,KALRN,FOXH1,SIX3,NTN1,WNT11,SOD1,ABL1,EGFR,ADA,EGF,TGFB1,PRL,GHRH,TNF,APOA1,ESR1,ANXA1,PDGFA,SOD2,TYMS,IL6,EDN1,CSN2,CRH,SERPINE2,GPX1,FGF2,INHBB,RARA,BCL2,TGFB3,THRA,CYP19A1,BMP4,SRC,CEACAM1,DRD2,TYR,BRAF,VEGFA,CREB1,PDGFRA,GJA1,CEBPB,TPH1,BMP7,SRD5A1,WT1,NFKB1,HOXA5,PTN,NF1,TNFAIP3,IL10,GATA2,IGFBP5,MSX1,PML,OXTR,HOXA9,AKT1,PRDX2,CTNNB1,MSX2,HNF1B,BMPR1A,SERPINF1,TGFBR2,WNT5A,STAT6,NKX2-1,CDKN1B,NOTCH1,ID4,SOX9,CPT1A,BRCA2,STAT5B,NR0B1,CEBPG,NAGLU,UCP2,CAV3,WNT3,WNT3A,WNT4,NRG3,TGFB2,ARF6,SMAD3,PKD1,SLC6A3,NRG1,ID2,GHRHR,ATP7A,BAX,FOXF1,FADD,NOG,NR5A1,ATM,PKD2,HNRNPD,SCRIB,HES1,IHH,HLX,SHH,RGN,NCOA1,STK11,EZH2,HIF1A,CYP1B1,SULF1,SFRP1,PNPT1,PROX1,EDA,EAF2,CPB2,CDK5RAP3,NODAL,PHB2,NKX3-1,CITED2,SEMA3C,RTN4,DUOX2,EDAR,BTRC,IRS2,MAFB,MAD1L1,ROBO1,TNFRSF11A"
"GO:BP","tumor necrosis factor superfamily cytokine production","GO:0071706","2.0121381564889304e-46","45.69634220326777","169","1691","85","21017","LGALS9,TLR4,TLR3,CIDEA,RASGRP1,IL33,BCL10,TGFB1,POMC,IFNG,PF4,LTF,IGF1,IL4,IL6,THBS1,PTPRC,GSTP1,HMGB1,CCL3,RARA,HLA-E,MIF,TRIM27,SPN,CD36,BPI,LBP,AZU1,TNFAIP3,IL10,ZFP36,PIK3R1,PTPN6,IL12B,AXL,ARRB2,STAT3,LEP,WNT5A,CCR2,CD86,CX3CR1,TIRAP,CX3CL1,PTPN11,BTK,DHX9,ABCC8,PTPRJ,FADD,SLAMF1,GPR18,GAS6,GPNMB,AGER,ANGPT1,TWIST1,ADIPOQ,ZC3H12A,LRRK2,IL27RA,NLRC3,MAVS,TICAM1,LILRB4,HAVCR2,CACTIN,HDAC2,NR1H4,CCL19,SYT11,FOXP3,IL23A,TLR9,CD274,C5AR2,NFKBIL1,GHRL,CD84,PYCARD,PTPN22,UBE2J1,IRAK3,LY96"
"GO:BP","regulation of tumor necrosis factor superfamily cytokine production","GO:1903555","2.0121381564889304e-46","45.69634220326777","169","1691","85","21017","LGALS9,TLR4,TLR3,CIDEA,RASGRP1,IL33,BCL10,TGFB1,POMC,IFNG,PF4,LTF,IGF1,IL4,IL6,THBS1,PTPRC,GSTP1,HMGB1,CCL3,RARA,HLA-E,MIF,TRIM27,SPN,CD36,BPI,LBP,AZU1,TNFAIP3,IL10,ZFP36,PIK3R1,PTPN6,IL12B,AXL,ARRB2,STAT3,LEP,WNT5A,CCR2,CD86,CX3CR1,TIRAP,CX3CL1,PTPN11,BTK,DHX9,ABCC8,PTPRJ,FADD,SLAMF1,GPR18,GAS6,GPNMB,AGER,ANGPT1,TWIST1,ADIPOQ,ZC3H12A,LRRK2,IL27RA,NLRC3,MAVS,TICAM1,LILRB4,HAVCR2,CACTIN,HDAC2,NR1H4,CCL19,SYT11,FOXP3,IL23A,TLR9,CD274,C5AR2,NFKBIL1,GHRL,CD84,PYCARD,PTPN22,UBE2J1,IRAK3,LY96"
"GO:BP","negative regulation of protein secretion","GO:0050709","3.6624159134419746e-46","45.436232337626876","69","1691","55","21017","PARK2,RAB11FIP3,INS,IL1B,APOE,HMGCR,ADRA2A,INHBB,CHGA,DRD2,PFKL,DRD4,F2R,IL12A,IL12B,ERP29,OPRM1,DRD3,IRS1,SREBF1,CD200,NOV,MTNR1B,F2RL1,UCP2,VSNL1,FKBP1B,PTPN11,PPP3CA,ABCC8,REST,NR1H3,KCNJ11,KCNB1,HADH,MIDN,RHBDF2,RAB11FIP1,BMP8A,PIM3,NDUFAF2,SFRP1,JAGN1,ACVR1C,RSAD2,SYTL4,RHBDF1,DPH3,RAB11FIP5,SYT4,ENY2,GHRL,SERGEF,STXBP5L,SIRT4"
"GO:BP","meiosis I","GO:0007127","5.513595387001177e-46","45.25856510758827","132","1691","75","21017","MEIKIN,SYCE3,HFM1,MEIOC,EME2,SYCE1L,RNF212B,AURKA,RAD51B,MSH4,RAD51C,BCL2L11,RAD51D,SUN1,REC8,PTTG1,CCNE2,WEE2,TOP2A,CCNE1,CDC25B,BAG6,BRCA2,PLK1,TERF1,HSPA2,UBE2B,TOP2B,CENPC,RAD51,ATM,DMC1,ESPL1,SYCP1,TRIP13,MAJIN,RNF212,BRDT,MEI1,SYCE2,HORMAD1,FANCM,TEX11,SYCP3,SYCE1,MEIOB,CNTD1,TERB1,ANKLE1,SPATA22,M1AP,PIWIL2,P3H4,RAD50,ERCC4,EME1,MAEL,MUS81,KLHDC3,NDC1,SYCP2,BRIP1,TEX15,TEX12,FANCD2,ING2,AGO4,CCNB1IP1,PTTG2,MLH3,FBXO5,PSMD13,SPO11,DMRT1,RAD54B"
"GO:BP","regulation of reproductive process","GO:2000241","1.1552882405943502e-45","44.93730964721588","206","1691","93","21017","SYCE3,MEIOC,OVOL1,AURKA,HPGDS,PDE5A,SNAI1,SOD1,ADA,SPINK1,TIMP1,ESR1,SEMG1,IGF1,INHBA,INHBB,WEE2,KIT,BMP4,SRC,LIF,VEGFA,GJA1,BMP7,WT1,NPR2,TACR2,CNR1,ZP3,NPPC,EDNRB,MSX1,PPP2R1A,CDC25B,OXTR,TTK,CTNNB1,MSX2,ACVR1B,SERPINF1,WNT5A,CDKN1B,P2RY1,SOX9,ARHGDIB,WNT4,UBE2B,SEMG2,ZP2,C1QBP,BAX,BCL2L1,ZP4,OVGP1,STK4,PRDX4,STK3,NR5A1,RPS6KA2,SHB,SHH,RGN,TRIP13,STK11,SPINK13,FBXO43,USP17L2,STRA8,GPR149,METTL3,HORMAD1,SULF1,TEX11,SFRP1,CNTD1,ACVR1C,LFNG,SPATA22,PIWIL2,ZFPM2,HDAC2,EAF2,MAEL,NODAL,NKX3-1,CIB1,CITED2,SYCP2,RETN,PLCB1,FBXO5,DMRT1,PTGDR2"
"GO:BP","negative regulation of myeloid cell differentiation","GO:0045638","1.744514639992397e-45","44.75832538159493","96","1691","64","21017","TLR4,TNFRSF11B,MEIS1,DLL1,TLR3,LILRB3,FSTL3,MYC,APCS,PF4,LTF,INHA,IL4,LYN,INHBA,CCL3,RARA,IAPP,CEACAM1,HOXB8,PTPN2,HOXA5,NF1,GATA2,NFKBIA,ZFP36,PIK3R1,ITPKB,HOXA7,HOXA9,CTNNB1,FBN1,HSPA9,STAT5B,CLDN18,ZBTB16,GABPA,ZFP36L1,CUL4A,TOB2,PTK2B,GPR68,ADIPOQ,CARTPT,CDC73,CTR9,LDB1,ZBTB46,ZFPM1,SFRP1,PAF1,TMEM178A,LILRB4,ZNF675,UBASH3B,LEO1,INPP5D,TRIB1,RBM15,CIB1,PRMT1,GPR55,KLF13,MAFB"
"GO:BP","synaptic vesicle exocytosis","GO:0016079","1.744514639992397e-45","44.75832538159493","96","1691","64","21017","SNAP23,WNT7A,DVL1,UNC13B,CASK,SNPH,SYNJ1,SYT7,PPFIA3,STX11,SNAPIN,PRKCG,PRKCB,BRAF,ATP2A2,SYN1,RAB3A,RAB5A,SYT1,HTR1B,STX2,PFN2,SNCA,P2RY1,NAPA,SNAP25,STX1B,STXBP1,RAP1A,VAMP2,CDK5,FMR1,STX3,SCRIB,DOC2A,DOC2B,RAB3GAP1,GRIK5,STX1A,LRRK2,SNAP47,CPLX2,CPLX4,SYT9,RIMS1,CADPS2,SYT12,NLGN1,STX19,UNC13C,SYT8,DTNBP1,P2RX7,SEPT5,SYT11,SYT4,DNAJC5,RIMS4,OTOF,RIMS3,BLOC1S6,UNC13A,STXBP5L,PCLO"
"GO:BP","regulation of peptide secretion","GO:0002791","1.9210862661334884e-45","44.71645313276217","207","1691","93","21017","SYT7,KALRN,PARK2,BAIAP3,EGFR,F2,SPINK1,GHRH,INS,TNF,IFNG,IL1B,FGA,FGB,FGG,RBP4,CD74,IL6,PRKCB,CRH,ADRA2A,INHBB,PRKAR1A,CHGA,CCL5,DRD2,PPP3CB,PRKACA,PFKL,ADCYAP1,NR1D1,TRH,CNR1,CRHBP,HTR2C,CD38,GNA11,ADORA1,SRI,NOS2,IRS1,SREBF1,LEP,HNF4A,NOV,MTNR1B,CPT1A,F2RL1,UCP2,SNAP25,VSNL1,FKBP1B,ABAT,PRKCE,GHRHR,PTPN11,SOX4,PPP3CA,ABCC8,REST,TARDBP,DOC2B,ITPR1,KCNJ11,KCNB1,PRKD1,GPR68,CARTPT,STX1A,HIF1A,HADH,HFE,MIDN,FFAR4,BMP8A,PIM3,NDUFAF2,SFRP1,JAGN1,ACVR1C,BAD,SYTL4,NR1H4,GPER1,ENY2,PLCB1,TCF7L2,CHD7,GHRL,FOXA2,STXBP5L,IRS2,SIRT4"
"GO:BP","regulation of peptide transport","GO:0090087","5.3103865521474097e-45","44.274873864727496","209","1691","93","21017","SYT7,KALRN,PARK2,BAIAP3,EGFR,F2,SPINK1,GHRH,INS,TNF,IFNG,IL1B,FGA,FGB,FGG,RBP4,CD74,IL6,PRKCB,CRH,ADRA2A,INHBB,PRKAR1A,CHGA,CCL5,DRD2,PPP3CB,PRKACA,PFKL,ADCYAP1,NR1D1,TRH,CNR1,CRHBP,HTR2C,CD38,GNA11,ADORA1,SRI,NOS2,IRS1,SREBF1,LEP,HNF4A,NOV,MTNR1B,CPT1A,F2RL1,UCP2,SNAP25,VSNL1,FKBP1B,ABAT,PRKCE,GHRHR,PTPN11,SOX4,PPP3CA,ABCC8,REST,TARDBP,DOC2B,ITPR1,KCNJ11,KCNB1,PRKD1,GPR68,CARTPT,STX1A,HIF1A,HADH,HFE,MIDN,FFAR4,BMP8A,PIM3,NDUFAF2,SFRP1,JAGN1,ACVR1C,BAD,SYTL4,NR1H4,GPER1,ENY2,PLCB1,TCF7L2,CHD7,GHRL,FOXA2,STXBP5L,IRS2,SIRT4"
"GO:BP","positive regulation of leukocyte cell-cell adhesion","GO:1903039","7.789381686945435e-45","44.10849701480564","271","1691","106","21017","LGALS9,AP3B1,CCL21,PDPK1,FOXO3,TNFSF14,SOCS5,RASGRP1,BCL10,ABL1,ADA,TGFB1,TNF,IFNG,IL1B,EPO,IL2RA,ANXA1,THY1,CD74,IGF1,IL4,IL6,LCK,HLA-DOA,LYN,CD55,ELANE,PTPRC,HMGB1,RARA,SRC,CCL2,CCL5,HLA-E,ETS1,VAV1,CD46,SPN,IL7R,HLA-G,CR1,KITLG,ZP3,TNFSF4,IL4R,KLRK1,CD27,ITPKB,PTPN6,IL12A,IL12B,CORO1A,AKT1,CCR7,TGFBR2,LEP,BCL6,CSK,CCR2,CD86,MTOR,XCL1,SMARCA2,SMARCA4,IRAK1,STAT5B,AIF1,B2M,ZBTB16,PTPN11,EGR3,SOX4,PPP3CA,ZP4,FADD,SLAMF1,HES1,IHH,HLX,AGER,SHB,SHH,RHOH,PIK3R6,IL23R,ARID2,VTCN1,LILRB2,LILRB4,NFKBID,HAVCR2,BTN2A2,HSPH1,HAS2,BAD,TNFRSF14,NLRP3,CCL19,FOXP3,IL21,IL23A,CYLD,CD274,PYCARD,PTPN22"
"GO:BP","negative regulation of inflammatory response","GO:0050728","8.56194216966683e-45","44.06742770986767","163","1691","82","21017","ACOD1,KLF4,SOCS5,PGLYRP1,IL33,SOD1,ADA,INS,IL2RA,APOA1,APOE,APCS,PROC,KRT1,IGF1,IL4,RB1,GPX1,LYN,ELANE,PTPRC,GSTP1,BCR,CYP19A1,SRC,SPN,PTPN2,PLCG1,NFKB1,NR1D1,TNFAIP3,IL10,ZFP36,PSMB4,ADORA2A,PTPN6,IL12B,ADORA1,IL13,PTGER4,AHR,PPARG,RPS19,STAT3,CD200,NOV,NLRP6,NLRP12,CX3CL1,HAMP,SMAD3,PPARD,PRKCD,TYRO3,PPARA,FOXF1,NR1H3,MAPK7,GPS2,GPR17,NR1D2,NPY5R,ADIPOQ,PYDC2,FFAR4,TNFAIP8L2,RHBDF2,IL20RB,NLRC3,NLRX1,SMPDL3B,VPS35,NR1H4,GPER1,NDFIP1,SYT11,C1QTNF3,FOXP3,WFDC1,CYLD,GHRL,RABGEF1"
"GO:BP","regulation of neurogenesis","GO:0050767","1.1396828717094243e-44","43.94321597868708","388","1691","128","21017","DLL1,WNT7A,BHLHE40,NRP1,SEMA3E,TP73,XRCC2,KALRN,KDM1A,SEMA7A,SLIT2,UFL1,SEMA3D,NTN1,SEMA4F,IL33,EGFR,F2,TGFB1,LTA,TNF,IFNG,IL1B,FN1,THY1,TP53,IL6,RB1,SERPINE2,LYN,FGF2,SPP1,MAPT,KIT,EGR2,XRCC5,DRD2,LIF,BRAF,VEGFA,BMP7,NR1D1,PTN,NF1,GATA2,MT3,GDI1,CTNNA1,CTNNB1,NF2,OPRM1,DRD3,SOX11,PPP1CC,BMPR1A,SERPINF1,PPARG,WNT5A,MTOR,DCC,NOTCH1,MAP1B,ID4,CXCL12,CX3CR1,NUMB,PLXNA3,HAP1,WNT3,WNT3A,PTEN,B2M,CX3CL1,ARHGAP4,CDK5,ID2,PPP3CA,ABCC8,TRIM32,REST,SEMA3B,NOG,SEMA3F,HDAC1,SEMA5A,BMPR2,HES1,SHH,STK11,EZH2,NTRK2,HIF1A,CAPRIN2,ULK2,SPG20,DRAXIN,SEMA6D,HDAC2,PROX1,SEMA4D,TRIM11,CERS2,ANKRD27,GPER1,SEMA3C,HES7,RTN4R,SEMA4C,BHLHE41,BCL11A,SYT4,SEMA6A,ADNP,SEMA4A,SEMA6C,SEMA6B,SEMA4B,HEYL,RTN4,DLL4,SEMA3G,SEMA4G,SEMA5B,CHD7,PLXNB3,FZD4,RNF6,ROBO1"
"GO:BP","negative regulation of NF-kappaB transcription factor activity","GO:0032088","1.269991263960438e-44","43.89619926646674","77","1691","57","21017","ACOD1,AIM2,IRAK2,KLF4,CCDC22,PSMD10,UFL1,TRIM37,PKHD1,ANXA4,NLRP2B,BMP7,TRIM21,TNFAIP3,IL10,NFKBIA,ARRB2,CD200,CDKN2A,ARRB1,IRAK1,PRMT2,NLRP12,TRAF3,MAP2K5,CYP1B1,PARP10,PYDC2,ZC3H12A,DAB2IP,TRIM40,NLRC3,COMMD6,TAX1BP1,NLRC5,COMMD1,ZNF675,HAVCR2,CACTIN,PYDC1,FOXJ1,USP7,SIRT1,CDK5RAP3,ERBIN,CHP1,GFI1,TCEAL7,FOXP3,BRMS1,CYLD,NFKBIL1,PYCARD,G3BP2,FAF1,RWDD3,IRAK3"
"GO:BP","positive regulation of T cell activation","GO:0050870","1.3429007562161916e-44","43.87195608161294","248","1691","101","21017","LGALS9,AP3B1,CCL21,PDPK1,FOXO3,TNFSF14,SOCS5,RASGRP1,BCL10,ABL1,ADA,TGFB1,IFNG,IL1B,EPO,IL2RA,ANXA1,THY1,CD74,IGF1,IL4,IL6,LCK,HLA-DOA,LYN,CD55,PTPRC,HMGB1,RARA,SRC,CCL2,CCL5,HLA-E,VAV1,CD46,SPN,IL7R,HLA-G,CR1,KITLG,ZP3,TNFSF4,IL4R,KLRK1,CD27,ITPKB,PTPN6,IL12A,IL12B,CORO1A,AKT1,CCR7,TGFBR2,LEP,BCL6,CSK,CCR2,CD86,MTOR,XCL1,SMARCA2,SMARCA4,STAT5B,AIF1,B2M,ZBTB16,PTPN11,EGR3,SOX4,PPP3CA,ZP4,FADD,SLAMF1,HES1,IHH,HLX,AGER,SHB,SHH,RHOH,PIK3R6,IL23R,ARID2,VTCN1,LILRB2,LILRB4,NFKBID,HAVCR2,BTN2A2,HSPH1,BAD,TNFRSF14,NLRP3,CCL19,FOXP3,IL21,IL23A,CYLD,CD274,PYCARD,PTPN22"
"GO:BP","meiotic cell cycle process","GO:1903046","1.3858794103084063e-44","43.85827455739814","220","1691","95","21017","MEIKIN,SYCE3,HFM1,MEIOC,EME2,SYCE1L,RNF212B,OVOL1,EREG,AURKA,RAD51B,MSH4,RAD51C,BCL2L11,RAD51D,SUN1,REC8,PTTG1,CCNE2,EDN1,WEE2,TOP2A,LIF,NPR2,NPPC,CCNE1,MSX1,PPP2R1A,CDC25B,TTK,MSX2,WNT5A,BAG6,BRCA2,MSH6,PLK1,TERF1,HSPA2,WNT4,PTEN,UBE2B,TOP2B,CENPC,RAD51,ATM,DMC1,ESPL1,RPS6KA2,SYCP1,TRIP13,MAJIN,RNF212,FBXO43,BRDT,MEI1,SYCE2,USP17L2,STRA8,HORMAD1,FANCM,TEX11,SYCP3,SYCE1,MEIOB,TOP6BL,CNTD1,TERB1,ANKLE1,SPATA22,M1AP,PIWIL2,P3H4,RAD50,ERCC4,EME1,MAEL,MUS81,KLHDC3,NDC1,SYCP2,BRIP1,TEX15,TEX12,FANCD2,ING2,AGO4,CCNB1IP1,PLCB1,PTTG2,MLH3,FBXO5,PSMD13,SPO11,DMRT1,RAD54B"
"GO:BP","tumor necrosis factor production","GO:0032640","1.5576657779350364e-44","43.80752572148351","164","1691","82","21017","LGALS9,TLR4,TLR3,CIDEA,RASGRP1,IL33,TGFB1,POMC,IFNG,PF4,LTF,IGF1,IL4,IL6,THBS1,PTPRC,GSTP1,HMGB1,CCL3,RARA,HLA-E,MIF,TRIM27,SPN,CD36,BPI,LBP,AZU1,TNFAIP3,IL10,ZFP36,PIK3R1,PTPN6,IL12B,AXL,ARRB2,STAT3,LEP,WNT5A,CCR2,CX3CR1,TIRAP,CX3CL1,PTPN11,BTK,DHX9,ABCC8,PTPRJ,FADD,SLAMF1,GPR18,GAS6,GPNMB,AGER,ANGPT1,TWIST1,ADIPOQ,ZC3H12A,LRRK2,IL27RA,NLRC3,MAVS,TICAM1,LILRB4,HAVCR2,CACTIN,HDAC2,NR1H4,CCL19,SYT11,FOXP3,IL23A,TLR9,C5AR2,NFKBIL1,GHRL,CD84,PYCARD,PTPN22,UBE2J1,IRAK3,LY96"
"GO:BP","regulation of tumor necrosis factor production","GO:0032680","1.5576657779350364e-44","43.80752572148351","164","1691","82","21017","LGALS9,TLR4,TLR3,CIDEA,RASGRP1,IL33,TGFB1,POMC,IFNG,PF4,LTF,IGF1,IL4,IL6,THBS1,PTPRC,GSTP1,HMGB1,CCL3,RARA,HLA-E,MIF,TRIM27,SPN,CD36,BPI,LBP,AZU1,TNFAIP3,IL10,ZFP36,PIK3R1,PTPN6,IL12B,AXL,ARRB2,STAT3,LEP,WNT5A,CCR2,CX3CR1,TIRAP,CX3CL1,PTPN11,BTK,DHX9,ABCC8,PTPRJ,FADD,SLAMF1,GPR18,GAS6,GPNMB,AGER,ANGPT1,TWIST1,ADIPOQ,ZC3H12A,LRRK2,IL27RA,NLRC3,MAVS,TICAM1,LILRB4,HAVCR2,CACTIN,HDAC2,NR1H4,CCL19,SYT11,FOXP3,IL23A,TLR9,C5AR2,NFKBIL1,GHRL,CD84,PYCARD,PTPN22,UBE2J1,IRAK3,LY96"
"GO:BP","regulation of neurotransmitter transport","GO:0051588","3.1853833114155855e-44","43.49683829958728","99","1691","64","21017","WNT7A,DVL1,TOR1A,CASK,HCRT,PARK2,SNCG,BAIAP3,TSPOAP1,SNAPIN,ITGB3,PRKCG,PRKCB,DRD2,BRAF,ATP2A2,SYN1,RAB3A,RAB3B,RAB5A,NF1,TACR2,SYT1,DRD1,DRD4,HTR1B,ADORA2A,NOS1,CHRNB4,CHRNA3,PFN2,DRD3,SNCA,GDNF,P2RY1,STX1B,STXBP1,RAP1A,ASIC1,MEF2C,FMR1,GPM6B,RAB3GAP1,SLC18A3,STX1A,LRRK2,CPLX2,CPLX4,RIMS1,KCNMB4,NLGN1,PNKD,DTNBP1,GPER1,SEPT5,SYT11,SYT4,RIMS4,OTOF,RIMS3,CAMK2A,STXBP5L,SNCAIP,SLC30A1"
"GO:BP","activation of innate immune response","GO:0002218","3.805652093511821e-44","43.41957091672535","290","1691","109","21017","ACOD1,AP3B1,TLR4,IPO5,DDX3X,FCN1,AIM2,TLR3,PDPK1,IRAK2,TSPAN6,FCN3,BCL10,TNF,LTF,ESR1,LYN,HMGB1,PARP1,HSPA1A,NLRP2B,IRF1,MBL2,SRC,XRCC5,CD36,LBP,EIF2AK2,NR1D1,TNFAIP3,SFPQ,NFKBIA,KLRK1,PIK3R1,AKT1,ARRB2,PHB,MNDA,MAPK8,IRAK1,NAGLU,F2RL1,TIRAP,NLRP6,PPP2CA,PRKDC,PRKCE,BTK,TYRO3,C1QBP,EP300,TRIM32,TRAF3,NR1H3,PAK1,GPS2,NMI,SQSTM1,TRIM25,TNIP1,PRKD1,NONO,IRF4,TARBP2,OASL,IFI16,TKFC,PYDC2,DAB2IP,USP17L2,SARM1,SCIMP,NLRC3,ZC3HAV1,MAVS,NLRX1,TAX1BP1,TICAM2,TICAM1,HAVCR2,CD300LF,CACTIN,PSPC1,RSAD2,SMPDL3B,SEC14L1,RAB7B,DHX58,TRIM11,PELI1,NLRP3,NR1H4,ERBIN,PHB2,GFI1,LGR4,TRIM31,TRIM15,TRIM5,RTN4,TLR9,CD274,NFKBIL1,CD300A,PYCARD,UBQLN1,PTPN22,IRAK3,LY96"
"GO:BP","regulation of peptide hormone secretion","GO:0090276","3.808239991940107e-44","43.41927569056827","204","1691","91","21017","SYT7,KALRN,PARK2,BAIAP3,EGFR,F2,SPINK1,GHRH,INS,TNF,IFNG,IL1B,FGA,FGB,FGG,RBP4,IL6,PRKCB,CRH,ADRA2A,INHBB,PRKAR1A,CHGA,CCL5,DRD2,PPP3CB,PRKACA,PFKL,ADCYAP1,NR1D1,TRH,CNR1,CRHBP,HTR2C,CD38,GNA11,SRI,NOS2,IRS1,SREBF1,LEP,HNF4A,NOV,MTNR1B,CPT1A,F2RL1,UCP2,SNAP25,VSNL1,FKBP1B,ABAT,PRKCE,GHRHR,PTPN11,SOX4,PPP3CA,ABCC8,REST,TARDBP,DOC2B,ITPR1,KCNJ11,KCNB1,PRKD1,GPR68,CARTPT,STX1A,HIF1A,HADH,HFE,MIDN,FFAR4,BMP8A,PIM3,NDUFAF2,SFRP1,JAGN1,ACVR1C,BAD,SYTL4,NR1H4,GPER1,ENY2,PLCB1,TCF7L2,CHD7,GHRL,FOXA2,STXBP5L,IRS2,SIRT4"
"GO:BP","regulation of release of sequestered calcium ion into cytosol","GO:0051279","4.953075631065101e-44","43.30512504050059","81","1691","58","21017","DHRS7C,CASQ2,CLIC2,PDPK1,DIAPH1,ABL1,F2,TGFB1,CXCL10,THY1,ITGB3,LYN,DMD,CD19,PRKACA,PLCG1,CAPN3,DRD1,HRC,F2R,PLN,GSTM2,PTPN6,NOS1,SRI,NTSR1,CORO1A,CASQ1,SLC8A1,IL13,SNCA,HTT,BDKRB1,XCL1,HAP1,FKBP1A,FKBP1B,GSTO1,CX3CL1,ANK2,PRKCE,CXCL9,BAX,PDE4D,AKAP6,TRDN,CAMK2D,PKD2,PTK2B,PRKD1,NPSR1,UBASH3B,JPH3,RYR2,GPER1,JPH2,LACRT,CHD7"
"GO:BP","viral process","GO:0016032","5.039502352915375e-44","43.29761234769208","427","1691","134","21017","LGALS9,WWP2,DDX3X,FCN1,TRIM38,NRP1,PLSCR1,PARK2,SNX3,TRIM13,VPS4B,FCN3,CCNK,EGFR,TNF,IFNA2,IFNB1,APOE,APCS,LTF,SLPI,CD74,TP53,ITGB3,ISG15,ICAM1,JUN,ITGAV,CD55,HSP90AB1,HMGB1,IFIT1,HSPA1A,CCL3,BCL2,MBL2,LAMP1,TOP2A,CCL4,CCL2,CCL5,TRIM27,PVR,CD46,CR1,TRIM21,EIF2AK2,MX1,FBLN1,SP100,ZFP36,HTR2A,AXL,AKT1,APOBEC3A,PHB,CD86,STAT1,TNFRSF4,NOTCH1,NEDD4,GSK3A,GSK3B,RAB7A,SMARCA4,HMGA2,ADARB1,IFITM2,TOP2B,RNASEL,TYRO3,FMR1,PPARA,DHX9,EP300,BST2,HYAL2,TRIM26,ILF3,TRIM32,REST,TARDBP,TRIM28,SLAMF1,HDAC1,TRIM14,TRIM25,GAS6,TNIP1,TARBP2,OASL,IFI16,PARP10,ZC3H12A,APOBEC3H,LRSAM1,CLEC4G,ZC3HAV1,MAVS,APOBEC3F,TRIM59,IFNL3,TPCN2,LRRC15,RSAD2,NECTIN2,PROX1,TNFRSF14,APOBEC3D,ISG20,TRIM11,FAM111A,SRPK1,PRMT1,INPP5K,VAMP8,TRIM62,TRIM8,TRIM31,TRIM15,TRIM5,APOBEC3G,APOBEC3C,VAPA,MDFIC,EIF2AK4,TRIM10,ZNF639,MID2,POU2F3,TPCN1,CHMP3,CTDP1,F11R"
"GO:BP","regulation of regulated secretory pathway","GO:1903305","9.700109088742526e-44","43.01322338157164","128","1691","72","21017","LGALS9,STXBP3,WNT7A,DVL1,CASK,PDPK1,SYT7,BAIAP3,SNAPIN,IL4,PRKCG,PRKCB,LYN,ADRA2A,BCR,LAMP1,CEACAM1,BRAF,FER,ATP2A2,SYN1,RAB3A,RAB5A,SYT1,ZP3,GATA2,IL4R,HTR1B,PFN2,IL13,CCR2,NOTCH1,P2RY1,RAB27A,F2RL1,STXBP1,RAP1A,CDK5,FMR1,FOXF1,REST,DOC2A,DOC2B,IL13RA2,KCNB1,RAB3GAP1,STXBP2,STX1A,LRRK2,SYT6,SYT10,UNC13D,SYT9,RIMS1,SYT12,NLGN1,CBARP,SYT8,SCAMP5,DTNBP1,SEPT5,SYT3,SYT15,SYT11,VAMP8,SYT4,RIMS4,CD300A,CD84,RABGEF1,RIMS3,STXBP5L"
"GO:BP","female sex differentiation","GO:0046660","1.1796754537229059e-43","42.92823745713796","121","1691","70","21017","BMPR1B,EREG,VGF,MSH4,FOXO3,SLIT3,SLIT2,SGPL1,SOD1,GNRH1,FSHB,RBP4,ESR1,ANG,AMH,INHA,INHBA,INHBB,BCL2,KIT,CYP19A1,SRC,VEGFA,PDGFRA,CEBPB,SRD5A1,WT1,NPR2,KITLG,ZP3,NPPC,FSHR,NOS3,AXL,CTNNA1,LEP,WNT5A,CASP3,CASP2,NOTCH1,MMP14,BRCA2,STAT5B,WNT4,FOXL2,TYRO3,BAX,BCL2L1,MERTK,EIF2B5,NR5A1,ATM,DMC1,PTPRN,DMRTA1,GPR149,SFRP1,LFNG,ZFPM2,SIRT1,IMMP2L,PLEKHA1,RETN,CHD7,ADAMTS1,EIF2B4,DACH1,FZD4,SPO11,PCYT1B"
"GO:BP","meiotic nuclear division","GO:0140013","1.6553674441158795e-43","42.781105590263095","198","1691","89","21017","MEIKIN,SYCE3,HFM1,MEIOC,EME2,SYCE1L,RNF212B,EREG,AURKA,RAD51B,MSH4,RAD51C,BCL2L11,RAD51D,SUN1,REC8,PTTG1,CCNE2,WEE2,TOP2A,LIF,NPR2,CCNE1,MSX1,PPP2R1A,CDC25B,TTK,MSX2,WNT5A,BAG6,BRCA2,PLK1,TERF1,HSPA2,WNT4,PTEN,UBE2B,TOP2B,CENPC,RAD51,ATM,DMC1,ESPL1,RPS6KA2,SYCP1,TRIP13,MAJIN,RNF212,FBXO43,BRDT,MEI1,SYCE2,STRA8,HORMAD1,FANCM,TEX11,SYCP3,SYCE1,MEIOB,CNTD1,TERB1,ANKLE1,SPATA22,M1AP,PIWIL2,P3H4,RAD50,ERCC4,EME1,MAEL,MUS81,KLHDC3,NDC1,SYCP2,BRIP1,TEX15,TEX12,FANCD2,ING2,AGO4,CCNB1IP1,PLCB1,PTTG2,MLH3,FBXO5,PSMD13,SPO11,DMRT1,RAD54B"
"GO:BP","positive regulation of protein localization","GO:1903829","3.2477033998924654e-43","42.4884236400441","493","1691","144","21017","TLR4,APBB1,IPO5,WNT7A,DVL1,ITGB1BP1,UNC13B,RAB29,LEPROT,HDAC3,PDPK1,PARK2,ROCK2,BAIAP3,OAZ2,EGFR,F2,HRAS,EGF,TGFB1,INS,TNF,IFNG,IL1B,FGA,FGB,FGG,RBP4,ANG,PRNP,ERBB2,IGF1,EDN1,PRKCB,CRH,HSP90AB1,PARP1,TGFB3,MAPT,PRKAR1A,TPR,BMP4,SRC,EZR,VEGFA,PPP3CB,PRKACA,TRH,PIK3R1,CD38,ADORA2A,PML,GNA11,SRI,AKT1,IL13,NF2,RDX,PTGS2,PPM1A,PPARG,SNCA,LEP,WNT5A,CDKN2A,GSK3A,GSK3B,EMD,PLK1,OAZ1,PRKAA2,NR1H2,F2RL1,WNT3A,RAB38,SESN2,SNAP25,TGFB2,ARF6,VSNL1,VAMP2,RACK1,ABAT,SMAD3,CDK5,PRKCE,PRKCD,SOX4,LRP1,ABCC8,EP300,SREBF2,HYAL2,ANK3,DLG1,PRKAA1,TARDBP,TRIM28,STX3,SQSTM1,DOC2B,GAS6,ITPR1,KCNJ11,KCNB1,CDK5R1,PRKD1,SHH,GPR68,STK11,HIF1A,ZC3H12A,MAVS,SNX33,BAD,SYTL4,CDK5RAP3,VPS35,NR1H4,PPP1R9B,PARK7,GPER1,P2RX7,CHP1,CIB1,SYT11,C1QTNF3,WNK3,GLIS2,TRIM8,WWTR1,PTPN23,PLCB1,TCF7L2,RTN4,CYLD,HPS4,GNL3L,GHRL,NRXN1,OAZ3,PTPN22,TCAF1,IRS2"
"GO:BP","cellular oxidant detoxification","GO:0098869","8.365620462540701e-43","42.077501842691476","96","1691","62","21017","PXDNL,CCS,MGST3,CLIC2,GPX5,APOM,DHFR,GSR,SOD1,HP,APOE,ALB,CAT,SOD2,MPO,FABP1,TPO,GPX1,GSTA1,SOD3,GSTP1,TXN,MGST1,NQO1,CD36,BMP7,GPX2,LPO,GPX3,PTGS1,MT3,GSTM2,NOS3,PRDX6,PRDX5,PRDX3,GCH1,PRDX2,PTGS2,SESN2,HBB,GSTO1,ATP7A,PRDX1,PRDX4,NFE2L2,LTC4S,NXN,TXNDC2,TXNRD3,GPX8,CYGB,PXDN,TP53INP1,GPX7,PARK7,MGST2,TXNDC17,SRXN1,DUOX2,DUOX1,SESN1"
"GO:BP","mesenchymal cell differentiation","GO:0048762","8.666930414755061e-43","42.0621346902954","248","1691","99","21017","SDCBP,NRP1,SEMA3E,SMAD7,SPRY1,SNAI2,GREM1,ROCK2,SEMA7A,SEMA3D,SEMA4F,SNAI1,WNT11,TGFB1,IL1B,FN1,IGF1,IL6,EDN1,BCL2,TGFB3,BMP4,EDN3,ENG,BMP7,KITLG,BMP5,EDNRB,MSX1,CTNNB1,MSX2,BMPR1A,TGFBR2,GDNF,WNT5A,HTR2B,STAT1,MTOR,NKX2-1,NOTCH1,SOX9,GSK3B,HMGA2,EMP2,WNT4,PTEN,TGFB2,PPP2CA,SMAD3,DAB2,NRG1,PTK2,MEF2C,SEMA3B,NOG,TRIM28,SEMA3F,ADAM15,SEMA5A,HES1,SHH,TWIST1,EZH2,HIF1A,DAB2IP,CLASP1,PHLDB2,SFRP1,SEMA6D,OSR1,HDAC2,HAS2,SEMA4D,ADIPOR1,DACT3,SFRP2,TBX5,CITED2,SEMA3C,FUZ,TRIM62,SEMA4C,WWTR1,SEMA6A,SEMA4A,SEMA6C,SEMA6B,RGCC,SEMA4B,HEYL,TCF7L2,RTN4,SEMA3G,SEMA4G,SEMA5B,MAD2L2,CORO1C,FOXA2,AXIN2"
"GO:BP","leukocyte mediated cytotoxicity","GO:0001909","9.919951884650594e-43","42.003490434325805","135","1691","73","21017","KLRF2,LGALS9,NCR3,SH2D1A,TUSC2,NCR1,RASGRP1,CRTAM,F2,TGFB1,ICAM1,TUBB,ELANE,CTSG,PTPRC,CTSH,GZMB,LAMP1,CEACAM1,HLA-E,PVR,VAV1,PPP3CB,IL7R,HLA-G,LAG3,AZU1,KLRK1,PTPN6,IL12A,IL12B,CORO1A,ARRB2,NOS2,LEP,KIR3DL1,XCL1,SERPINB4,CX3CR1,SERPINB9,RAB27A,STAT5B,CEBPG,EMP2,F2RL1,NLRP6,B2M,TUBB4B,PRDX1,FADD,AGER,STXBP2,MICB,HFE,PIK3R6,IL23R,RAET1L,RAET1G,UNC13D,RAET1E,HAVCR2,NECTIN2,SLAMF6,P2RX7,LYST,ULBP3,ULBP2,ULBP1,IL21,TREM1,IL23A,SLAMF7,STAP1"
"GO:BP","negative regulation of lymphocyte proliferation","GO:0050672","1.3254801821526506e-42","41.87762676121349","87","1691","59","21017","LGALS9,TNFRSF13B,PDE5A,CRTAM,TGFB1,IL2RA,PRNP,ERBB2,LYN,PRKAR1A,SCGB1A1,BMP4,HLA-E,IDO1,SPN,CEBPB,HLA-G,CR1,IL10,GAL,PTPN6,SDC4,SFTPD,SOX11,MNDA,CASP3,CDKN2A,XCL1,BTK,DLG1,ATM,SCRIB,LRRC32,IHH,GPNMB,SHH,PKN1,RC3H1,CLEC4G,IL20RB,VTCN1,LILRB2,LILRB4,HAVCR2,BTN2A2,INPP5D,FOXJ1,TNFRSF14,PELI1,PAWR,TSPAN32,NDFIP1,PLA2G2F,FOXP3,CD274,CD300A,PLA2G2D,VSIG4,MAD1L1"
"GO:BP","regulation of nervous system development","GO:0051960","1.742317098254332e-42","41.75887280140098","463","1691","138","21017","DLL1,WNT7A,BHLHE40,NRP1,SEMA3E,TP73,LRRTM2,XRCC2,KALRN,KDM1A,SEMA7A,SLIT2,UFL1,SEMA3D,NTN1,SEMA4F,IL33,EGFR,F2,TGFB1,LTA,TNF,IFNG,IL1B,FN1,THY1,TP53,IL6,RB1,SERPINE2,LYN,FGF2,RARA,SPP1,MAPT,KIT,EGR2,XRCC5,DRD2,LIF,BRAF,VEGFA,BMP7,NR1D1,PTN,NF1,GATA2,MT3,OXTR,GDI1,AKT1,CTNNA1,CTNNB1,NF2,OPRM1,DRD3,SOX11,PPP1CC,BMPR1A,SERPINF1,PPARG,WNT5A,MTOR,DCC,NOTCH1,MAP1B,ID4,CXCL12,CX3CR1,NUMB,PLXNA3,HAP1,WNT3,WNT3A,PTEN,B2M,CX3CL1,ARHGAP4,CDK5,ID2,PPP3CA,ABCC8,DLG1,TRIM32,REST,SEMA3B,NOG,SEMA3F,HDAC1,SEMA5A,MTMR2,BMPR2,HES1,SHH,STK11,EZH2,NTRK2,HIF1A,CAPRIN2,LRRTM1,ULK2,SPG20,NLGN1,DRAXIN,SEMA6D,HDAC2,PROX1,SEMA4D,TRIM11,CERS2,ANKRD27,GPER1,SEMA3C,HES7,RTN4R,SEMA4C,BHLHE41,BCL11A,SYT4,SEMA6A,ADNP,SEMA4A,SEMA6C,SEMA6B,SEMA4B,HEYL,RTN4,DLL4,SEMA3G,SEMA4G,SEMA5B,CHD7,GHRL,NRXN1,PLXNB3,FZD4,RNF6,ROBO1"
"GO:BP","response to peptide hormone","GO:0043434","2.1077538220184733e-42","41.6761801145137","434","1691","133","21017","STXBP3,AGRP,MSTN,EREG,VGF,LEPROT,OGT,PDPK1,TBC1D4,ROCK2,STC2,LEPROTL1,SPINK1,TIMP1,HRAS,TGFB1,POMC,INS,IL1B,COL3A1,CAT,ANXA1,ITGB3,EDN1,PRKCB,RB1,TH,LYN,INHBA,F7,FBP1,INHBB,PARP1,PRKAR1A,EGR2,SRC,CEACAM1,BRAF,CREB1,FER,RHOQ,PRKACA,PTPN2,BMP7,EGR1,SRD5A1,NFKB1,NPR2,COMT,IL10,ENPP1,GAL,CRHBP,EDNRB,IGFBP5,PIK3R1,OXTR,AKT1,PTGS2,FBN1,IRS1,ACTN2,SREBF1,PPARG,STAT3,OPRK1,LEP,HNF4A,CSK,STAT1,STAT6,MTOR,RANGAP1,CDKN1B,MAP1B,CXCL12,GSK3A,GSK3B,STAT5B,JAK3,UCP2,SESN2,VAMP2,PRKDC,SMAD3,GHRHR,PTK2,PRKCD,PTPN11,ZFP36L1,PPARA,PPP3CA,ABCC8,PRKAA1,EIF2B5,NR5A1,GRB10,PRKD1,NONO,NCOA2,NCOA1,STK11,ADIPOQ,NFE2L2,CRY1,AANAT,CYP1B1,HADH,PID1,TRPV1,ACVR1C,PNPT1,MZB1,KAT2B,ADIPOR1,SIRT1,NR1H4,GPER1,CITED1,INPP5K,RBM4,BRIP1,OSBPL8,RETN,PLCB1,GPR173,GHRL,EIF2B4,HDAC5,CAMK2A,IRS2,MYO5A,TNFRSF11A"
"GO:BP","cellular response to biotic stimulus","GO:0071216","3.0658605974054704e-42","41.5134475961072","251","1691","99","21017","ACOD1,TLR4,IRAK2,CXCL13,WFS1,BCL10,ABL1,TNF,IL1B,PF4,CXCL10,LTF,CSF2,TP53,SERPINE1,IL6,LYN,CD55,CTSG,GSTP1,HMGB1,RARA,BCR,CDK4,DEFA4,SRC,CCL2,MIF,CD36,BPI,LBP,NFKB1,NR1D1,TNFAIP3,IL10,TNFSF4,EDNRB,NFKBIA,ZFP36,KLRK1,IL12B,NOS3,AXL,AKT1,PRDX2,CDA,NOS2,AHR,OPRK1,WNT5A,CD86,MAPK8,NOTCH1,CX3CR1,GSK3B,CAMP,IRAK1,TIRAP,DEFA3,CX3CL1,DEFA6,PRKCE,IRF8,BTK,MEF2C,CXCL9,IL24,NR1H3,TNIP1,ZC3H12A,DAB2IP,CDC73,CTR9,SCIMP,TICAM2,TICAM1,LILRB2,PAF1,HAVCR2,CACTIN,EME1,MUS81,NLRP3,NR1H4,TRIB1,GFI1,LITAF,TRIM5,LACRT,TLR9,CD274,NFKBIL1,IL36RN,STAP1,PYCARD,HDAC5,PTPN22,IRAK3,LY96"
"GO:BP","regulation of viral process","GO:0050792","3.289529933830755e-42","41.48286615728675","169","1691","81","21017","LGALS9,DDX3X,FCN1,TRIM38,PLSCR1,SNX3,TRIM13,FCN3,TNF,IFNA2,IFNB1,APCS,LTF,SLPI,CD74,ISG15,HMGB1,IFIT1,BCL2,MBL2,TOP2A,CCL5,TRIM27,TRIM21,EIF2AK2,MX1,FBLN1,SP100,ZFP36,AXL,APOBEC3A,STAT1,NOTCH1,RAB7A,HMGA2,ADARB1,IFITM2,TOP2B,RNASEL,TYRO3,FMR1,PPARA,DHX9,BST2,TRIM26,ILF3,TRIM32,TRIM28,TRIM14,TRIM25,TNIP1,TARBP2,OASL,IFI16,APOBEC3H,CLEC4G,ZC3HAV1,MAVS,APOBEC3F,TRIM59,IFNL3,LRRC15,RSAD2,NECTIN2,PROX1,APOBEC3D,ISG20,TRIM11,FAM111A,SRPK1,INPP5K,TRIM62,TRIM8,TRIM31,TRIM15,TRIM5,APOBEC3G,APOBEC3C,MDFIC,TRIM10,MID2"
"GO:BP","regulation of adaptive immune response","GO:0002819","3.31703084557019e-42","41.47925048989184","204","1691","89","21017","SMAD7,SOCS5,IL33,ADA,TGFB1,LTA,TNF,IFNA2,IFNB1,IL1B,C4BPA,ANXA1,IL4,IL6,FCER2,CD55,PTPRC,HMGB1,IRF1,CEACAM1,HLA-E,TRIM27,PVR,CD46,ALOX15,SPN,PPP3CB,IL7R,HLA-G,CR1,C4BPB,TNFAIP3,ZP3,IL10,TNFSF4,IL4R,PTPN6,IL12A,IL12B,AHR,BCL6,CCR2,STAT6,WAS,MSH2,XCL1,JAK3,B2M,IL1RL1,BTK,MEF2C,FADD,SLAMF1,HLX,AGER,PKN1,MICB,HFE,ZC3H12A,RC3H1,IL23R,RAET1L,RAET1G,IL27RA,CLEC4G,IL20RB,LILRB4,NFKBID,RAET1E,HAVCR2,RSAD2,NECTIN2,FOXJ1,TNFRSF14,SIRT1,NLRP3,P2RX7,CCL19,NDFIP1,ULBP3,ULBP2,ULBP1,FOXP3,IL23A,SAMSN1,CD274,EIF2AK4,MAD2L2,PYCARD"
"GO:BP","immune response-regulating cell surface receptor signaling pathway","GO:0002768","3.577884507336324e-42","41.446373682392476","334","1691","115","21017","ACOD1,TLR4,FCN1,NCR3,RAB29,PLSCR1,IRAK2,LPXN,SH2D1A,FCN3,BCL10,ABL1,ADA,HRAS,LTF,PRNP,THY1,PRKCB,LCK,FCER2,LYN,PTPRC,BCL2,KIT,MBL2,SRC,CEACAM1,BRAF,EZR,CD19,VAV1,FER,HLA-G,PTPN2,CR1,LBP,PLCG1,NFKB1,NR1D1,TNFAIP3,NFKBIA,KLRK1,PIK3R1,CD38,PTPN6,FCER1G,CCR7,GBP1,MNDA,CSK,MAPK8,MAPK9,BAG6,DUSP3,IRAK1,MAPK10,NAGLU,F2RL1,UBASH3A,TIRAP,PRKCE,PTK2,PRKCD,BTK,MEF2C,BAX,PDE4D,EP300,PTPRJ,TRIM32,TRAF3,NR1H3,EIF2B5,PAK1,GPS2,NMI,SQSTM1,SHB,STK11,MICB,ZC3H12A,RC3H1,DAB2IP,TRAT1,SCIMP,VTCN1,TAX1BP1,TICAM2,TICAM1,LAX1,LILRB2,GCSAM,BANK1,LILRB4,NFKBID,BTN2A2,NECTIN2,INPP5D,RAB7B,PELI1,PAWR,FOXP3,WNK1,SLA2,PLEKHA1,CYLD,PHPT1,C5AR2,CD300A,EIF2B4,RABGEF1,STAP1,PLCL2,PTPN22,LY96"
"GO:BP","regulation of lymphocyte mediated immunity","GO:0002706","3.620013957452912e-42","41.441289754982556","182","1691","84","21017","LGALS9,NCR3,SMAD7,SH2D1A,NCR1,RASGRP1,CRTAM,TGFB1,LTA,TNF,IFNA2,IFNB1,IL1B,C4BPA,IL4,IL6,FCER2,CD55,PTPRC,HMGB1,LAMP1,CEACAM1,HLA-E,PVR,VAV1,CD46,SPN,PPP3CB,IL7R,HLA-G,CR1,LAG3,C4BPB,ZP3,IL10,TNFSF4,KLRK1,PTPN6,IL12A,IL12B,ARRB2,AHR,CD96,LEP,BCL6,CCR2,STAT6,WAS,MSH2,XCL1,SERPINB4,SERPINB9,STAT5B,B2M,BTK,FADD,SLAMF1,AGER,MICB,HFE,PIK3R6,IL23R,RAET1L,RAET1G,IL27RA,CLEC4G,IL20RB,LILRB4,RAET1E,HAVCR2,RSAD2,NECTIN2,FOXJ1,SLAMF6,NLRP3,P2RX7,NDFIP1,ULBP3,ULBP2,ULBP1,FOXP3,IL21,IL23A,MAD2L2"
"GO:BP","negative regulation of mononuclear cell proliferation","GO:0032945","3.644036076207752e-42","41.438417332132516","88","1691","59","21017","LGALS9,TNFRSF13B,PDE5A,CRTAM,TGFB1,IL2RA,PRNP,ERBB2,LYN,PRKAR1A,SCGB1A1,BMP4,HLA-E,IDO1,SPN,CEBPB,HLA-G,CR1,IL10,GAL,PTPN6,SDC4,SFTPD,SOX11,MNDA,CASP3,CDKN2A,XCL1,BTK,DLG1,ATM,SCRIB,LRRC32,IHH,GPNMB,SHH,PKN1,RC3H1,CLEC4G,IL20RB,VTCN1,LILRB2,LILRB4,HAVCR2,BTN2A2,INPP5D,FOXJ1,TNFRSF14,PELI1,PAWR,TSPAN32,NDFIP1,PLA2G2F,FOXP3,CD274,CD300A,PLA2G2D,VSIG4,MAD1L1"
"GO:BP","muscle cell proliferation","GO:0033002","4.0750960624437837e-42","41.38986214915774","209","1691","90","21017","TLR4,MSTN,EREG,TP73,KLF4,KCNK2,BMP10,ABL1,EGFR,PDGFB,TGFB1,TNF,IFNG,APOE,RBP4,ANG,SOD2,IGF1,APOD,ITGB3,IL6,EDN1,JUN,THBS1,ELANE,SERPINF2,FGF2,TPM1,HMOX1,TGFB3,PRKAR1A,PIM1,BMP4,SRC,XRCC5,CCL5,GJA1,IGFBP3,NF1,TNFAIP3,IL10,NPPC,IGFBP5,PIK3R1,HTR1B,IL12A,IL12B,NOS3,AKT1,CTNNB1,IL13,PHB,PTGS2,BMPR1A,PPARG,STAT1,CDKN1B,NOTCH1,NOV,IRAK1,AIF1,PTEN,TGFB2,CX3CL1,PRKDC,NRG1,ID2,PPARD,MEF2C,NOG,HDAC1,BMPR2,PRKG1,ANGPT1,SHH,MAPK11,NPY5R,ADIPOQ,ARID2,ZFPM2,TRIB1,GPER1,TBX5,CITED2,SAV1,TCF7L2,CTNNBIP1,PPARGC1A,ADAMTS1,NDRG4"
"GO:BP","pattern recognition receptor signaling pathway","GO:0002221","4.5893549423589453e-42","41.338248352515244","252","1691","99","21017","ACOD1,AP3B1,TLR4,IPO5,DDX3X,FCN1,AIM2,TLR3,PDPK1,IRAK2,TSPAN6,FCN3,BCL10,TNF,LTF,ESR1,LYN,HMGB1,PARP1,HSPA1A,NLRP2B,IRF1,MBL2,SRC,CD36,LBP,EIF2AK2,NR1D1,TNFAIP3,NFKBIA,PIK3R1,AKT1,ARRB2,PHB,MAPK8,IRAK1,NAGLU,F2RL1,TIRAP,NLRP6,PPP2CA,PRKDC,PRKCE,BTK,TYRO3,C1QBP,TRIM32,TRAF3,NR1H3,GPS2,NMI,SQSTM1,TRIM25,TNIP1,PRKD1,IRF4,TARBP2,OASL,TKFC,PYDC2,DAB2IP,USP17L2,SARM1,SCIMP,NLRC3,ZC3HAV1,MAVS,NLRX1,TAX1BP1,TICAM2,TICAM1,HAVCR2,CD300LF,CACTIN,RSAD2,SMPDL3B,SEC14L1,RAB7B,DHX58,TRIM11,PELI1,NLRP3,NR1H4,ERBIN,PHB2,GFI1,LGR4,TRIM31,TRIM15,RTN4,TLR9,CD274,NFKBIL1,CD300A,PYCARD,UBQLN1,PTPN22,IRAK3,LY96"
"GO:BP","negative regulation of viral process","GO:0048525","6.709942143521227e-42","41.17328122451921","95","1691","61","21017","FCN1,PLSCR1,SNX3,TRIM13,FCN3,TNF,IFNA2,IFNB1,APCS,LTF,SLPI,ISG15,IFIT1,MBL2,CCL5,TRIM27,TRIM21,EIF2AK2,MX1,FBLN1,SP100,ZFP36,APOBEC3A,STAT1,HMGA2,IFITM2,RNASEL,BST2,TRIM26,ILF3,TRIM32,TRIM28,TRIM14,TRIM25,TNIP1,OASL,IFI16,APOBEC3H,ZC3HAV1,MAVS,APOBEC3F,TRIM59,IFNL3,LRRC15,RSAD2,PROX1,APOBEC3D,ISG20,TRIM11,FAM111A,SRPK1,INPP5K,TRIM62,TRIM8,TRIM31,TRIM15,TRIM5,APOBEC3G,APOBEC3C,TRIM10,MID2"
"GO:BP","innate immune response-activating signaling pathway","GO:0002758","1.0626614971689376e-41","40.97360505468988","269","1691","102","21017","ACOD1,AP3B1,TLR4,IPO5,DDX3X,FCN1,AIM2,TLR3,PDPK1,IRAK2,TSPAN6,FCN3,BCL10,TNF,LTF,ESR1,LYN,HMGB1,PARP1,HSPA1A,NLRP2B,IRF1,MBL2,SRC,CD36,LBP,EIF2AK2,NR1D1,TNFAIP3,NFKBIA,KLRK1,PIK3R1,AKT1,ARRB2,PHB,MAPK8,IRAK1,NAGLU,F2RL1,TIRAP,NLRP6,PPP2CA,PRKDC,PRKCE,BTK,TYRO3,C1QBP,EP300,TRIM32,TRAF3,NR1H3,PAK1,GPS2,NMI,SQSTM1,TRIM25,TNIP1,PRKD1,IRF4,TARBP2,OASL,TKFC,PYDC2,DAB2IP,USP17L2,SARM1,SCIMP,NLRC3,ZC3HAV1,MAVS,NLRX1,TAX1BP1,TICAM2,TICAM1,HAVCR2,CD300LF,CACTIN,RSAD2,SMPDL3B,SEC14L1,RAB7B,DHX58,TRIM11,PELI1,NLRP3,NR1H4,ERBIN,PHB2,GFI1,LGR4,TRIM31,TRIM15,RTN4,TLR9,CD274,NFKBIL1,CD300A,PYCARD,UBQLN1,PTPN22,IRAK3,LY96"
"GO:BP","response to decreased oxygen levels","GO:0036293","1.1846113954173576e-41","40.9264240939616","316","1691","111","21017","MSTN,SUV39H1,FOXO3,ZEB2,NOL3,ROCK2,STC2,KCNK2,ADA,MYC,TGFB1,LTA,TNF,EPO,CRYAB,ANG,CAT,SOD2,TP53,EDN1,ENO1,TH,FABP1,THBS1,SOD3,INHBA,F7,HMOX1,BCL2,TGFB3,SRC,DRD2,LIF,VEGFA,CHRNB2,ENG,BMP7,EGR1,ATF4,NF1,RYR1,COMT,NPPC,MT3,CD38,NOS1,PML,ADORA1,OXTR,SLC6A4,AKT1,NOS2,PTGS2,ACVRL1,PPARG,LEP,MTOR,CASP3,CDKN1B,NOTCH1,CXCL12,MMP14,CPT1A,IRAK1,STC1,TMBIM6,UCP2,CAV3,TGFB2,ABAT,SMAD3,PRKCE,PPARD,ATP7A,SOX4,ZFP36L1,PPARA,EP300,REST,PRKAA1,ATM,ADAM15,PIN1,PTK2B,ITPR1,KCNJ11,AGER,NONO,TWIST1,ADIPOQ,NFE2L2,HIF1A,SFRP1,CYGB,RYR2,BAD,SIRT1,ERO1A,PHB2,NKX3-1,CITED2,BRIP1,EGLN1,RGCC,SUV39H2,RTN4,FZD4,UBQLN1,ANGPT4,RWDD3,SIRT4"
"GO:BP","regulation of calcium ion transmembrane transport","GO:1903169","1.2616371055871107e-41","40.89906554660151","163","1691","79","21017","DHRS7C,SLN,GNB5,CASQ2,CLIC2,PDPK1,DIAPH1,ABL1,F2,TGFB1,EPO,CXCL10,PRNP,THY1,ITGB3,LYN,ADRA2A,BCL2,G6PD,DMD,DRD2,CD19,PPP3CB,PRKACA,PLCG1,CAPN3,DRD1,DRD4,HRC,F2R,PLN,GSTM2,PTPN6,NOS1,PML,SRI,NTSR1,CORO1A,CASQ1,SLC8A1,IL13,SNCA,HTT,BDKRB1,XCL1,HAP1,TMBIM6,CAV3,FKBP1A,FKBP1B,GSTO1,CX3CL1,ANK2,PRKCE,FMR1,CXCL9,BAX,PPP3CA,PDE4D,AKAP6,TRDN,CAMK2D,PKD2,PTK2B,PRKD1,NPSR1,CBARP,UBASH3B,JPH3,RYR2,GPER1,P2RX7,JPH2,LACRT,GPR35,TLR9,CHD7,UBQLN1,PTPN22"
"GO:BP","gonad development","GO:0008406","1.2876593479400785e-41","40.89019901498665","235","1691","95","21017","BMPR1B,EREG,VGF,TLR3,MSH4,BCL2L11,FOXO3,SLIT3,SLIT2,REC8,SGPL1,SOD1,GNRH1,FSHB,ESR1,ANG,AMH,INHA,ERCC1,INHBA,INHBB,RARA,BCL2,KIT,CYP19A1,SRC,KCNE1,VEGFA,PDGFRA,FER,GJA1,CEBPB,SRD5A1,WT1,NPR2,KITLG,ZP3,NPPC,FSHR,NOS3,HOXA9,CTNNA1,LEP,WNT5A,CASP3,CASP2,MSH2,NKX2-1,NOTCH1,SOX9,MMP14,BRCA2,STAT5B,NR0B1,WNT4,FOXL2,TGFB2,NHLH2,BAX,BCL2L1,EIF2B5,PRDX4,NR5A1,ATM,ADAM15,DMC1,NCOA1,CYP1B1,PTPRN,DMRTA1,GPR149,TEX11,SFRP1,LFNG,OSR1,ZFPM2,SIRT1,SFRP2,IMMP2L,NKX3-1,CITED2,BRIP1,ING2,PLEKHA1,AGO4,RETN,TLR9,ADAMTS1,EIF2B4,FZD4,BOK,SPO11,PCYT1B,DMRT1,ADGRG1"
"GO:BP","biological process involved in symbiotic interaction","GO:0044403","1.3185589409324969e-41","40.879900452029354","311","1691","110","21017","LGALS9,WWP2,FCN1,TRIM38,NRP1,APOL1,RAB29,PLSCR1,PARK2,SNX3,ROCK2,VPS4B,PGLYRP1,FCN3,TUSC2,CCNK,EGFR,F2,PLG,IFNA2,APOE,APCS,FN1,PF4,LTF,HRG,CD74,ITGB3,ICAM1,JUN,ITGAV,GPX1,CD55,HSP90AB1,ELANE,CTSG,HMGB1,INHBB,IFIT1,HSPA1A,CCL3,MBL2,LAMP1,SRC,CCL4,CCL5,PVR,CD46,CR1,TRIM21,AZU1,RAB5A,FBLN1,HTR2A,AXL,AKT1,PHB,CD86,TNFRSF4,CX3CR1,CAMP,RAB7A,SMARCA4,HMGA2,F2RL1,NLRP6,DCD,IFITM2,TYRO3,FMR1,PPARA,EP300,HYAL2,TRIM26,ILF3,REST,TARDBP,SLAMF1,HDAC1,TRIM25,GAS6,ZC3H12A,APOBEC3H,CLEC4G,TRIM59,TPCN2,LRRC15,NECTIN2,TNFRSF14,TRIM11,PGLYRP3,PGLYRP2,INPP5K,VAMP8,TRIM62,TRIM8,TRIM31,TRIM5,BPIFA1,TREM1,VAPA,EIF2AK4,TRIM10,ZNF639,MID2,POU2F3,TPCN1,CHMP3,CTDP1,F11R"
"GO:BP","development of primary sexual characteristics","GO:0045137","1.3837045530968397e-41","40.85895663000727","240","1691","96","21017","BMPR1B,EREG,VGF,TLR3,MSH4,BCL2L11,FOXO3,SLIT3,SLIT2,REC8,SGPL1,SOD1,GNRH1,FSHB,ESR1,ANG,AMH,INHA,ERCC1,INHBA,INHBB,RARA,BCL2,KIT,CYP19A1,SRC,KCNE1,VEGFA,PDGFRA,FER,GJA1,CEBPB,SRD5A1,WT1,NPR2,KITLG,ZP3,NPPC,FSHR,NOS3,HOXA9,CTNNA1,LEP,WNT5A,CASP3,CASP2,MSH2,NKX2-1,NOTCH1,SOX9,MMP14,BRCA2,STAT5B,NR0B1,WNT4,FOXL2,TGFB2,NHLH2,BAX,BCL2L1,EIF2B5,PRDX4,NR5A1,ATM,ADAM15,DMC1,NCOA1,CYP1B1,PTPRN,DMRTA1,GPR149,TEX11,SFRP1,LFNG,OSR1,ZFPM2,SIRT1,SFRP2,IMMP2L,NKX3-1,CITED2,BRIP1,ING2,PLEKHA1,AGO4,RETN,TLR9,ADAMTS1,EIF2B4,DACH1,FZD4,BOK,SPO11,PCYT1B,DMRT1,ADGRG1"
"GO:BP","canonical NF-kappaB signal transduction","GO:0007249","1.4582711132787192e-41","40.83616172700899","306","1691","109","21017","LGALS9,TLR4,CCL21,TRIM38,TLR3,PDPK1,PER1,IRAK2,TSPAN6,PARK2,CCDC22,TRIM13,ROCK2,PPM1B,UFL1,BCL10,ABL1,TGFB1,PRL,TNF,IL1B,LTF,ESR1,CD74,EDN1,PRKCB,GSTP1,HMOX1,PARP1,VEGFA,CD36,GJA1,TRIM21,NFKB1,NR1D1,CAPN3,TNFAIP3,EDNRB,F2R,NFKBIA,AKT1,ARRB2,CCR7,PPM1A,WNT5A,HTR2B,STAT1,CX3CR1,IRAK1,F2RL1,TIRAP,NLRP6,NLRP12,FKBP1A,CX3CL1,S100A12,NFKB2,RELB,PRKCE,PRDX1,EP300,BST2,TRIM32,TRAF3,FADD,PRDX4,ILK,SQSTM1,HDAC1,TRIM25,TNIP1,PRKD1,ANGPT1,RHOH,ADIPOQ,ZC3H12A,DAB2IP,OTUD7B,NLRC3,ZC3HAV1,MAVS,NLRX1,TICAM2,TICAM1,TRIM59,LILRB4,ZNF675,CACTIN,EDA,MUL1,SIRT1,PELI1,NR1H4,CCL19,LITAF,NDFIP1,TRIM62,TRIM8,TRIM5,TLR9,NDFIP2,TERF2IP,VAPA,NFKBIL1,MID2,FBXW11,PYCARD,EDAR,BTRC"
"GO:BP","amide transport","GO:0042886","1.469035703887286e-41","40.83296764885726","322","1691","112","21017","STXBP3,VGF,SYT7,KALRN,PARK2,BAIAP3,EGFR,F2,SPINK1,GHRH,INS,TNF,IFNG,IL1B,FGA,FGB,FGG,RBP4,ANXA1,CD74,IL6,EDN1,PRKCB,CRH,ADRA2A,INHBB,MGST1,PRKAR1A,CHGA,CCL5,EDN3,DRD2,PPP3CB,GJA1,PRKACA,PFKL,ADCYAP1,RAB3A,NR1D1,TRH,TACR2,CNR1,GAL,CRHBP,HTR2C,CD38,GNA11,ADORA1,SRI,NOS2,IRS1,HNF1B,SREBF1,LEP,HNF4A,NOV,MTNR1B,CPT1A,F2RL1,UCP2,SNAP25,VSNL1,FKBP1B,ABAT,PRKCE,GHRHR,PTPN11,SOX4,PPP3CA,ABCC8,REST,TARDBP,DOC2B,ITPR1,KCNJ11,KCNB1,PRKD1,GPR68,CARTPT,STX1A,HIF1A,HADH,PTPRN,HFE,MIDN,FFAR4,BMP8A,PIM3,NDUFAF2,SFRP1,JAGN1,TRPV1,ACVR1C,PTPRN2,BAD,SYTL4,NR1H4,PARK7,GPER1,RBM4,RAB11FIP5,ENY2,PLCB1,TCF7L2,VAPA,CHD7,GHRL,FOXA2,STXBP5L,IRS2,SIRT4,PCLO"
"GO:BP","negative regulation of protein phosphorylation","GO:0001933","1.5528068065942578e-41","40.80888257392324","270","1691","102","21017","MEN1,IPO5,DVL1,ITGB1BP1,SMAD7,PDPK1,PARK2,SOCS5,SLIT2,ABL1,SPINK1,TGFB1,IFNG,IL1B,APOE,PRNP,THY1,RB1,LYN,PTPRC,GSTP1,NLRP2B,PRKAR1A,DMD,CEACAM1,TRIM27,DRD2,PTPN2,IGFBP3,NF1,EPHA1,ENPP1,FBLN1,PTPN6,PPP2R1A,DNAJA1,AKT1,ARRB2,SLC8A1,NF2,PPARG,SNCA,CDKN2A,CDKN1B,BDKRB1,DUSP3,PLK1,CAV3,NLRP12,PTEN,PKIA,RACK1,PPP2CA,PRKDC,ADARB1,PRKCD,BAX,DMTN,PDE4D,HYAL2,PTPRJ,TARDBP,ANGPT1,RGN,TARBP2,ADIPOQ,NTRK3,PKN1,ZC3H12A,LRRK2,DAB2IP,PID1,LAX1,SFRP1,LILRB4,ZNF675,TRAF3IP1,CACTIN,PYDC1,PIBF1,SEMA4D,SIRT1,SFRP2,CDK5RAP3,TRIB1,PARK7,CHP1,CIB1,INPP5K,SRCIN1,WWTR1,ADNP,SAMSN1,TERF2IP,IBTK,CD300A,RABGEF1,CORO1C,PYCARD,PKIG,PTPN22,IRAK3"
"GO:BP","calcium ion transmembrane transport","GO:0070588","1.8815595837163507e-41","40.72548202423782","339","1691","115","21017","DHRS7C,CACNA1A,CCL21,SLN,GNB5,CASQ2,CLIC2,PDPK1,DIAPH1,NOL3,TRPA1,TRPM2,ABL1,F2,TGFB1,EPO,CXCL10,PRNP,THY1,ITGB3,EDN1,LCK,ITGAV,LYN,PTPRC,ADRA2A,FGF2,CCL3,BCL2,G6PD,DMD,DRD2,CD19,PPP3CB,ATP2A2,PRKACA,PLCG1,CAPN3,DRD1,RYR1,DRD4,HRC,EDNRB,F2R,PLN,GSTM2,HTR2A,HTR2C,PTPN6,NOS1,PML,SRI,NTSR1,CORO1A,CASQ1,CCR7,SLC8A1,IL13,OPRM1,SNCA,HTR2B,HTT,BDKRB1,XCL1,HAP1,TMBIM6,CAV3,WNT3A,FKBP1A,FKBP1B,ASIC1,GSTO1,CX3CL1,PKD1,CACNA1B,ANK2,PRKCE,FMR1,CXCL9,BAX,PPP3CA,PDE4D,AKAP6,TRDN,CAMK2D,PKD2,PTK2B,GAS6,ITPR3,ITPR1,PRKD1,RYR3,NPSR1,CHERP,CBARP,TRPV1,TPCN2,UBASH3B,JPH3,RYR2,ERO1A,GPER1,P2RX7,CCL19,JPH2,MCOLN1,LACRT,GPR35,PLCB1,TLR9,IBTK,CHD7,TPCN1,UBQLN1,PTPN22"
"GO:BP","response to hypoxia","GO:0001666","2.2864140702849156e-41","40.640845115955","302","1691","108","21017","MSTN,SUV39H1,FOXO3,NOL3,ROCK2,STC2,KCNK2,ADA,MYC,TGFB1,LTA,TNF,EPO,CRYAB,ANG,CAT,SOD2,TP53,EDN1,ENO1,TH,FABP1,THBS1,SOD3,INHBA,F7,HMOX1,BCL2,TGFB3,SRC,DRD2,LIF,VEGFA,CHRNB2,ENG,BMP7,EGR1,ATF4,NF1,RYR1,COMT,NPPC,MT3,CD38,NOS1,PML,ADORA1,SLC6A4,NOS2,PTGS2,ACVRL1,PPARG,LEP,MTOR,CASP3,CDKN1B,NOTCH1,CXCL12,MMP14,CPT1A,IRAK1,STC1,TMBIM6,UCP2,CAV3,TGFB2,ABAT,SMAD3,PRKCE,PPARD,ATP7A,SOX4,ZFP36L1,PPARA,EP300,REST,PRKAA1,ATM,ADAM15,PIN1,PTK2B,ITPR1,KCNJ11,AGER,NONO,TWIST1,ADIPOQ,NFE2L2,HIF1A,SFRP1,CYGB,RYR2,BAD,SIRT1,ERO1A,PHB2,NKX3-1,CITED2,BRIP1,EGLN1,RGCC,SUV39H2,RTN4,FZD4,UBQLN1,ANGPT4,RWDD3,SIRT4"
"GO:BP","response to toxic substance","GO:0009636","3.1966225677548957e-41","40.49530863880431","242","1691","96","21017","PXDNL,CCS,MGST3,CLIC2,PARK2,KDM1A,GPX5,APOM,DHFR,GSR,SOD1,HP,TNF,APOE,ALB,CAT,SOD2,MT1A,TYMS,PRKCG,MPO,TH,FABP1,TPO,GPX1,MT1B,LYN,GSTA1,SOD3,GSTP1,GSTM1,INHBB,CCL3,BCL2,TXN,MGST1,PIM1,CCL4,CCL5,MT1G,DRD2,NQO1,CD36,BMP7,GPX2,SRD5A1,GABRB1,ATF4,DDC,GSTM3,COMT,LPO,GPX3,PTGS1,MT3,GSTM2,NOS3,PRDX6,PRDX5,PRDX3,GCH1,SLC6A4,PRDX2,PTGS2,AHR,MAP1B,SESN2,HBB,GSTO1,MT1H,MT1X,ATP7A,PRDX1,BAX,PRDX4,NFE2L2,CYP1B1,LTC4S,NXN,TXNDC2,TXNRD3,MT1M,GPX8,CYGB,PXDN,TP53INP1,GPX7,PARK7,MGST2,TXNDC17,BRIP1,SRXN1,DUOX2,DUOX1,SLC30A1,SESN1"
"GO:BP","coagulation","GO:0050817","4.286783820002671e-41","40.36786841715352","233","1691","94","21017","STXBP3,AP3B1,TLR4,PLSCR1,FZD6,DGKI,F2,PLG,F12,PDGFB,COL3A1,APOE,FGA,FGB,FGG,APOH,PF4,KLKB1,PROC,PDGFA,HRG,KRT1,SEMG1,ITGB3,SERPINB2,SERPINE1,SERPING1,IL6,EDN1,LCK,SERPINE2,THBD,PROS1,LYN,THBS1,CTSG,SERPINF2,F7,ADRA2A,ANXA4,SRC,CEACAM1,VAV1,PDGFRA,CD36,ADRA2B,VCL,ADRA2C,TSPAN8,C4BPB,FBLN1,F2R,ADORA2A,PTPN6,NOS3,FCER1G,AXL,SLC6A4,PRDX2,HNF4A,WAS,P2RY1,RAB27A,F2RL1,WNT3A,RAP2B,STXBP1,HBB,CYP4F2,SEMG2,PLAUR,PRKCD,TYRO3,DMTN,MERTK,ILK,PRKG1,GAS6,SHH,NFE2L2,BLOC1S3,ADAMTS18,UBASH3B,DTNBP1,CPB2,TSPAN32,C1QTNF1,VPS33B,HPS4,BLOC1S4,BLOC1S6,HPS5,FOXA2,F11R"
"GO:BP","insulin secretion","GO:0030073","4.711702296523186e-41","40.32682215775018","205","1691","88","21017","STXBP3,VGF,SYT7,PARK2,BAIAP3,F2,TNF,IFNG,IL1B,RBP4,ANXA1,IL6,PRKCB,CRH,ADRA2A,INHBB,PRKAR1A,CHGA,CCL5,DRD2,PPP3CB,PRKACA,PFKL,ADCYAP1,RAB3A,NR1D1,TRH,CNR1,GAL,CD38,GNA11,SRI,NOS2,IRS1,HNF1B,SREBF1,LEP,HNF4A,NOV,MTNR1B,CPT1A,F2RL1,UCP2,SNAP25,VSNL1,FKBP1B,ABAT,PRKCE,PTPN11,SOX4,PPP3CA,ABCC8,REST,TARDBP,DOC2B,ITPR1,KCNJ11,KCNB1,GPR68,CARTPT,STX1A,HIF1A,HADH,PTPRN,MIDN,BMP8A,PIM3,NDUFAF2,SFRP1,JAGN1,ACVR1C,PTPRN2,BAD,SYTL4,NR1H4,PARK7,GPER1,RBM4,RAB11FIP5,ENY2,PLCB1,TCF7L2,GHRL,FOXA2,STXBP5L,IRS2,SIRT4,PCLO"
"GO:BP","endothelial cell migration","GO:0043542","7.612963595570999e-41","40.11844624695441","220","1691","91","21017","KRIT1,WNT7A,ITGB1BP1,NRP1,PDPK1,KLF4,SNAI2,CXCL13,ZEB2,GREM1,LPXN,ROCK2,SLIT2,BMP10,ABL1,PLG,PDGFB,EGF,TGFB1,TNF,APOA1,APOE,APOH,ANXA1,HRG,ITGB3,EDN1,GPX1,DCN,THBS1,FGF4,FGF2,HMGB1,HMOX1,CEACAM1,ETS1,VEGFA,PLCG1,PTN,NF1,SP100,GATA2,PTPRM,NOS3,AKT1,PTGS2,SERPINF1,ACVRL1,PPARG,ID1,WNT5A,NOTCH1,NOV,MEOX2,STC1,EMP2,SYNJ2BP,RHOB,S100A12,PTK2,MEF2C,EGR3,MAP2K5,SEMA5A,PTK2B,PRKD1,ANGPT1,NFE2L2,HIF1A,CYP1B1,AMOT,ZC3H12A,DAB2IP,VASH1,SVBP,PROX1,SIRT1,LGMN,CIB1,CORO1B,SEMA4A,RGCC,BCAS3,MMRN2,DLL4,ADAMTS9,GDF2,HDAC5,ANGPT4,STARD13,ROBO1"
"GO:BP","cellular response to oxidative stress","GO:0034599","1.1514147908732245e-40","39.93876819597402","250","1691","97","21017","CCS,KLF4,FOXO3,PARK2,PEX14,GPX5,TRPA1,ARL6IP5,TRPM2,DHFR,GSR,SOD1,ABL1,EGFR,CAT,ANXA1,SOD2,TP53,MPO,IL6,EDN1,JUN,FABP1,GPX1,SOD3,TPM1,PARP1,HSPA1A,TXN,MGST1,MAPT,G6PD,SRC,NQO1,PDGFRA,FER,ATP2A2,CD36,BMP7,ATF4,TNFAIP3,MT3,NOS3,PML,PRDX5,PRDX3,AXL,GCH1,AKT1,PRDX2,SLC8A1,STX2,SNCA,STAT6,MAPK8,MAPK9,PRKAA2,NAGLU,AIF1,SESN2,RHOB,RACK1,TOP2B,ATP7A,PRKCD,BTK,PRDX1,PLA2R1,PRKAA1,MAPK7,ATM,PKD2,KEAP1,PRKD1,PTPRK,EZH2,NFE2L2,HIF1A,CYP1B1,ZC3H12A,LRRK2,SETX,PNPT1,GPX8,CYGB,HDAC2,KAT2B,TP53INP1,SIRT1,PAWR,GPX7,PARK7,FANCD2,SRXN1,PLEKHA1,PPARGC1A,STK24"
"GO:BP","intracellular receptor signaling pathway","GO:0030522","1.1978602810337774e-40","39.921593835297905","367","1691","119","21017","TLR4,IPO5,DDX3X,ALOX15B,TLR3,CYP27B1,PER1,SNAI2,TSPAN6,KDM1A,NCOR1,FOXH1,UFL1,TNF,ESR1,HMGB1,PARP1,HSPA1A,RARA,NR2F6,THRA,PIM1,SRC,ALOX15,CD36,EIF2AK2,NR1D1,TNFAIP3,SP100,FSHR,NFKBIA,PML,DNAJA1,AKT1,PHB,AHR,SREBF1,PPARG,STAT3,LEP,HNF4A,MAPK8,NEDD4,RORC,SMARCA4,IRAK1,NR0B1,NR1H2,F2RL1,PRMT2,TIRAP,NLRP6,DEFA3,PPP2CA,PRKDC,DAB2,GHRHR,PPARD,BTK,C1QBP,PPARA,EP300,NR1H3,PAK1,GPS2,NR5A1,HDAC1,TRIM25,NR1D2,PRKD1,NCOA2,TARBP2,OASL,TWIST1,NCOA1,EZH2,PKN1,CRY1,TKFC,PYDC2,USP17L2,SCIMP,NLRC3,ZC3HAV1,MAVS,NLRX1,TAX1BP1,TICAM1,SFRP1,HAVCR2,RSAD2,SEC14L1,ESR2,RORB,RAB7B,DHX58,SIRT1,TRIM11,PELI1,NLRP3,DCBLD2,NR1H4,ERBIN,NODAL,PARK7,GPER1,PHB2,NKX3-1,CITED2,TRIM31,TRIM15,HEYL,RTN4,TLR9,PYCARD,UBQLN1,RNF6,PADI2,PTPN22"
"GO:BP","ossification","GO:0001503","1.2651946597026719e-40","39.89784264987879","425","1691","129","21017","FZD9,BMPR1B,MEN1,SMAD7,CYP27B1,SNAI2,GREM1,SEMA7A,UFL1,SUN1,FSTL3,SNAI1,WNT11,EGFR,TGFB1,TNF,COL2A1,LTF,CAT,IGF1,ISG15,IL6,ADRB2,HNRNPC,MGP,FGF2,SRGN,CCL3,BCL2,SPP1,THRA,EGR2,COL11A1,BMP4,MYF5,BMP1,ALOX15,GJA1,PRKACA,CEBPB,TPH1,IGFBP3,BMP7,ATF4,NPR2,PTN,NF1,RYR1,BMP5,ENPP1,FGFR3,NPPC,IGFBP5,AKT1,SLC8A1,CTNNB1,PHB,PTGS2,PTGER4,MSX2,SOX11,BMPR1A,PPARG,LEP,WNT5A,NOTCH1,ID4,SOX9,GSK3B,MMP14,GPC3,MAP2K6,STC1,HDAC4,WNT3,WNT3A,WNT4,OSTN,SMAD3,CLTC,HNRNPU,ROR2,ID3,PTK2,ZBTB16,PTPN11,MEF2C,PPP3CA,DHX9,KLF10,REST,NOG,ILK,GPM6B,BMPR2,TOB2,PTK2B,IHH,PRKD1,SHH,TWIST1,MAPK11,HIF1A,PKDCC,FFAR4,BMP8A,TP53INP2,SFRP1,OSR1,RORB,SEMA4D,SFRP2,P2RX7,CITED1,MYBBP1A,LGR4,GTPBP4,WWTR1,FGF23,CHRD,DUOX2,CTNNBIP1,GDF2,NOCT,FBXO5,SUFU,FZD1,AXIN2,TNFRSF11A"
"GO:BP","female gonad development","GO:0008585","1.6824428089088643e-40","39.774059689777054","102","1691","62","21017","BMPR1B,EREG,VGF,MSH4,FOXO3,SLIT3,SLIT2,SGPL1,SOD1,GNRH1,FSHB,ESR1,ANG,AMH,INHA,INHBA,INHBB,BCL2,KIT,CYP19A1,SRC,VEGFA,PDGFRA,CEBPB,WT1,NPR2,KITLG,ZP3,NPPC,FSHR,NOS3,CTNNA1,LEP,CASP3,CASP2,NOTCH1,MMP14,BRCA2,STAT5B,WNT4,FOXL2,BAX,BCL2L1,EIF2B5,NR5A1,ATM,DMC1,PTPRN,DMRTA1,GPR149,SFRP1,LFNG,ZFPM2,SIRT1,IMMP2L,PLEKHA1,RETN,ADAMTS1,EIF2B4,FZD4,SPO11,PCYT1B"
"GO:BP","development of primary female sexual characteristics","GO:0046545","2.629630992751033e-40","39.58010519031469","106","1691","63","21017","BMPR1B,EREG,VGF,MSH4,FOXO3,SLIT3,SLIT2,SGPL1,SOD1,GNRH1,FSHB,ESR1,ANG,AMH,INHA,INHBA,INHBB,BCL2,KIT,CYP19A1,SRC,VEGFA,PDGFRA,CEBPB,WT1,NPR2,KITLG,ZP3,NPPC,FSHR,NOS3,CTNNA1,LEP,CASP3,CASP2,NOTCH1,MMP14,BRCA2,STAT5B,WNT4,FOXL2,BAX,BCL2L1,EIF2B5,NR5A1,ATM,DMC1,PTPRN,DMRTA1,GPR149,SFRP1,LFNG,ZFPM2,SIRT1,IMMP2L,PLEKHA1,RETN,ADAMTS1,EIF2B4,DACH1,FZD4,SPO11,PCYT1B"
"GO:BP","detoxification","GO:0098754","3.4087778958128866e-40","39.46740129497682","140","1691","72","21017","PXDNL,CCS,MGST3,CLIC2,GPX5,APOM,DHFR,GSR,SOD1,HP,APOE,ALB,CAT,SOD2,MT1A,MPO,FABP1,TPO,GPX1,MT1B,GSTA1,SOD3,GSTP1,GSTM1,TXN,MGST1,PIM1,MT1G,NQO1,CD36,BMP7,GPX2,GSTM3,LPO,GPX3,PTGS1,MT3,GSTM2,NOS3,PRDX6,PRDX5,PRDX3,GCH1,PRDX2,PTGS2,SESN2,HBB,GSTO1,MT1H,MT1X,ATP7A,PRDX1,PRDX4,NFE2L2,LTC4S,NXN,TXNDC2,TXNRD3,MT1M,GPX8,CYGB,PXDN,TP53INP1,GPX7,PARK7,MGST2,TXNDC17,SRXN1,DUOX2,DUOX1,SLC30A1,SESN1"
"GO:BP","cellular response to lipopolysaccharide","GO:0071222","3.5632132774369466e-40","39.44815818201557","214","1691","89","21017","ACOD1,TLR4,IRAK2,CXCL13,BCL10,ABL1,TNF,IL1B,PF4,CXCL10,LTF,CSF2,SERPINE1,IL6,LYN,CD55,CTSG,GSTP1,HMGB1,RARA,BCR,CDK4,DEFA4,SRC,CCL2,MIF,CD36,BPI,LBP,NFKB1,NR1D1,TNFAIP3,IL10,TNFSF4,EDNRB,NFKBIA,ZFP36,KLRK1,IL12B,NOS3,AXL,AKT1,PRDX2,NOS2,OPRK1,WNT5A,CD86,MAPK8,CX3CR1,CAMP,IRAK1,DEFA3,CX3CL1,DEFA6,PRKCE,IRF8,MEF2C,CXCL9,IL24,NR1H3,TNIP1,ZC3H12A,DAB2IP,CDC73,CTR9,SCIMP,TICAM2,TICAM1,LILRB2,PAF1,HAVCR2,CACTIN,NLRP3,NR1H4,TRIB1,GFI1,LITAF,TRIM5,LACRT,TLR9,CD274,NFKBIL1,IL36RN,STAP1,PYCARD,HDAC5,PTPN22,IRAK3,LY96"
"GO:BP","cellular response to molecule of bacterial origin","GO:0071219","4.468622139650544e-40","39.34982636711244","224","1691","91","21017","ACOD1,TLR4,IRAK2,CXCL13,BCL10,ABL1,TNF,IL1B,PF4,CXCL10,LTF,CSF2,SERPINE1,IL6,LYN,CD55,CTSG,GSTP1,HMGB1,RARA,BCR,CDK4,DEFA4,SRC,CCL2,MIF,CD36,BPI,LBP,NFKB1,NR1D1,TNFAIP3,IL10,TNFSF4,EDNRB,NFKBIA,ZFP36,KLRK1,IL12B,NOS3,AXL,AKT1,PRDX2,NOS2,AHR,OPRK1,WNT5A,CD86,MAPK8,CX3CR1,CAMP,IRAK1,TIRAP,DEFA3,CX3CL1,DEFA6,PRKCE,IRF8,MEF2C,CXCL9,IL24,NR1H3,TNIP1,ZC3H12A,DAB2IP,CDC73,CTR9,SCIMP,TICAM2,TICAM1,LILRB2,PAF1,HAVCR2,CACTIN,NLRP3,NR1H4,TRIB1,GFI1,LITAF,TRIM5,LACRT,TLR9,CD274,NFKBIL1,IL36RN,STAP1,PYCARD,HDAC5,PTPN22,IRAK3,LY96"
"GO:BP","positive regulation of ERK1 and ERK2 cascade","GO:0070374","4.8579541597811455e-40","39.31354658756465","210","1691","88","21017","LGALS9,TLR4,CCL21,NRP1,CCL25,HCRTR1,SEMA7A,RASGRP1,ABL1,EGFR,HRAS,PDGFB,TGFB1,TNF,EPO,APOE,FGA,FGB,FGG,PDGFA,CD74,IGF1,ITGB3,ICAM1,INHBA,PTPRC,FGF4,SERPINF2,FGF2,HMGB1,CCL3,BMP4,SRC,CCL4,CCL2,CCL5,MIF,DRD2,BRAF,VEGFA,ALOX15,PDGFRA,CD36,ADCYAP1,FGFR3,FSHR,F2R,MT3,HTR2A,HTR2C,ARRB2,CCR7,PHB,OPRM1,HTR2B,NOTCH1,P2RY1,XCL1,ARRB1,F2RL1,TIRAP,RAP1A,CX3CL1,NRG1,PTPN11,SLAMF1,PTK2B,GAS6,GPNMB,AGER,ANGPT1,NPY5R,FFAR4,SCIMP,NPSR1,HAVCR2,NODAL,GPER1,PHB2,CCL19,CIB1,FGF23,NRXN1,NDRG4,PYCARD,PTPN22,GPR55,TNFRSF11A"
"GO:BP","myeloid leukocyte differentiation","GO:0002573","5.437670391824241e-40","39.26458712101301","239","1691","94","21017","AP3B1,TLR4,TNFRSF11B,PDE2A,TLR3,LILRB3,MITF,FSTL3,IL33,MYC,TGFB1,FSHB,TNF,IFNG,APCS,PF4,LTF,CSF2,CD74,INHA,IL4,RB1,LYN,INHBA,PARP1,CCL3,RARA,KIT,IAPP,BMP4,SRC,MT1G,CEACAM1,LIF,VEGFA,CREB1,CEBPB,PTPN2,NF1,KITLG,GATA2,FSHR,PRTN3,PIK3R1,IL12B,HOXA7,CCR7,CTNNB1,FBN1,TGFBR2,PPARG,MTOR,GPC3,NAGLU,F2RL1,UCP2,CLDN18,RELB,IL1RL1,ROR2,ID2,ZFP36L1,PPP3CA,KLF10,FADD,CUL4A,TOB2,IRF4,GPR68,ADIPOQ,CARTPT,IFI16,IL23R,ZBTB46,ZFPM1,SFRP1,JAGN1,TMEM178A,LILRB4,IL31RA,ZNF675,UBASH3B,INPP5D,SIRT1,TRIB1,CCL19,CITED2,NDFIP1,DCSTAMP,IL23A,CTNNBIP1,GPR55,MAFB,TNFRSF11A"
"GO:BP","immune response-activating cell surface receptor signaling pathway","GO:0002429","6.103947545966165e-40","39.214389207129734","306","1691","107","21017","ACOD1,TLR4,FCN1,NCR3,RAB29,PLSCR1,IRAK2,LPXN,SH2D1A,FCN3,BCL10,ABL1,ADA,HRAS,LTF,PRNP,THY1,PRKCB,LCK,LYN,PTPRC,BCL2,MBL2,SRC,CEACAM1,BRAF,EZR,CD19,VAV1,PTPN2,CR1,LBP,PLCG1,NFKB1,NR1D1,TNFAIP3,NFKBIA,KLRK1,PIK3R1,CD38,PTPN6,FCER1G,CCR7,GBP1,MNDA,CSK,BAG6,DUSP3,IRAK1,NAGLU,F2RL1,UBASH3A,TIRAP,PRKCE,PTK2,PRKCD,BTK,MEF2C,BAX,PDE4D,EP300,PTPRJ,TRIM32,TRAF3,NR1H3,EIF2B5,PAK1,GPS2,NMI,SQSTM1,SHB,STK11,MICB,ZC3H12A,RC3H1,DAB2IP,TRAT1,SCIMP,VTCN1,TAX1BP1,TICAM2,TICAM1,LAX1,GCSAM,BANK1,LILRB4,NFKBID,BTN2A2,NECTIN2,INPP5D,RAB7B,PELI1,PAWR,FOXP3,WNK1,SLA2,PLEKHA1,CYLD,PHPT1,C5AR2,CD300A,EIF2B4,RABGEF1,STAP1,PLCL2,PTPN22,LY96"
"GO:BP","regulation of production of molecular mediator of immune response","GO:0002700","7.48176968594561e-40","39.12599566497802","188","1691","83","21017","TLR4,SMAD7,TLR3,SEMA7A,IL33,BCL10,TGFB1,TNF,IFNA2,IFNB1,IL1B,APOA1,APOA2,RBP4,CD74,IL4,IL6,CD55,PTPRC,TGFB3,KIT,HLA-E,MIF,CD36,HLA-G,CR1,IL10,TNFSF4,IL4R,AXL,IL13,PHB,CD96,BCL6,WNT5A,CCR2,CD86,STAT6,MSH2,TNFRSF4,XCL1,JAK3,TMBIM6,F2RL1,B2M,TGFB2,BTK,BST2,SLAMF1,IL13RA2,ANGPT1,TWIST1,PKN1,HFE,RAET1G,IL27RA,SCIMP,MAVS,NLRX1,TICAM2,TICAM1,LILRB4,MZB1,RSAD2,TNFRSF14,SIRT1,NLRP3,P2RX7,PHB2,LITAF,NDFIP1,FOXP3,CUEDC2,IL21,SPINK5,RTN4,TLR9,MAD2L2,RABGEF1,PYCARD,PTPN22,UBE2J1,IRAK3"
"GO:BP","hemostasis","GO:0007599","7.857152733312946e-40","39.10473480462648","235","1691","93","21017","STXBP3,AP3B1,TLR4,PLSCR1,FZD6,DGKI,F2,PLG,F12,PDGFB,COL3A1,APOE,FGA,FGB,FGG,APOH,PF4,KLKB1,PROC,PDGFA,HRG,KRT1,ITGB3,SERPINB2,SERPINE1,SERPING1,IL6,EDN1,LCK,SERPINE2,THBD,PROS1,LYN,THBS1,CTSG,SERPINF2,F7,ADRA2A,SRC,CEACAM1,VAV1,PDGFRA,CD36,TPH1,ADRA2B,VCL,ADRA2C,TSPAN8,C4BPB,FBLN1,F2R,ADORA2A,PTPN6,NOS3,FCER1G,AVPR2,AXL,SLC6A4,PRDX2,HNF4A,WAS,P2RY1,RAB27A,F2RL1,WNT3A,RAP2B,STXBP1,HBB,CYP4F2,PLAUR,PRKCD,TYRO3,DMTN,MERTK,ILK,PRKG1,GAS6,SHH,NFE2L2,BLOC1S3,ADAMTS18,UBASH3B,DTNBP1,CPB2,TSPAN32,C1QTNF1,VPS33B,HPS4,BLOC1S4,BLOC1S6,HPS5,FOXA2,F11R"
"GO:BP","homeostasis of number of cells","GO:0048872","7.992145569370129e-40","39.09733661444694","323","1691","110","21017","LGALS9,AP3B1,TNFRSF13B,AIM2,BCL2L11,FOXO3,TNFSF14,UFL1,BCL10,SOD1,ABL1,ADA,TGFB1,EPO,IL2RA,ANXA1,CD74,INHA,SLC25A5,ISG15,IL6,RB1,LYN,INHBA,HMGB1,HMOX1,HSPA1A,BCL2,KIT,THRA,BCR,G6PD,BMP4,MIF,ETS1,VEGFA,PPP3CB,IL7R,PTPN2,HOXA5,NF1,TNFAIP3,KITLG,GATA2,F2R,FAS,ZFP36,ITPKB,NOS3,PPP2R1A,AXL,CORO1A,AKT1,PRDX2,CCR7,ACVR1B,HSPA9,RPS19,STAT3,BCL6,CCR2,STAT1,CASP3,NOTCH1,SOX9,NOV,CX3CR1,STAT5B,JAK3,CEBPG,NLRP6,B2M,PPP2CA,PRKDC,HAMP,ID2,PTPN11,BTK,MEF2C,PRDX1,SOX4,ZFP36L1,BAX,DMTN,MERTK,FADD,EZH2,PKN1,HIF1A,RC3H1,IL20RB,LDB1,SPNS2,ZFPM1,ADGRF5,ZC3H8,INPP5D,CDK5RAP3,P2RX7,TSC22D3,PRMT1,CITED2,LGR4,GLIS2,FOXP3,CYLD,TRIM10,KLF13,MAFB,ADGRG1"
"GO:BP","negative regulation of reproductive process","GO:2000242","8.88210886667407e-40","39.051483908047494","75","1691","53","21017","OVOL1,HPGDS,SNAI1,SOD1,ADA,TIMP1,SEMG1,IGF1,WEE2,KIT,BMP4,LIF,GJA1,BMP7,WT1,NPR2,ZP3,NPPC,TTK,SERPINF1,WNT5A,CDKN1B,ARHGDIB,WNT4,UBE2B,SEMG2,ZP2,BCL2L1,ZP4,OVGP1,PRDX4,NR5A1,RPS6KA2,SHB,RGN,TRIP13,STK11,SPINK13,FBXO43,GPR149,HORMAD1,SULF1,TEX11,ACVR1C,ZFPM2,EAF2,MAEL,NODAL,NKX3-1,SYCP2,FBXO5,DMRT1,PTGDR2"
"GO:BP","cellular response to toxic substance","GO:0097237","9.360192128963456e-40","39.02871523676485","126","1691","68","21017","PXDNL,CCS,MGST3,CLIC2,PARK2,GPX5,APOM,DHFR,GSR,SOD1,HP,TNF,APOE,ALB,CAT,SOD2,MPO,FABP1,TPO,GPX1,GSTA1,SOD3,GSTP1,GSTM1,TXN,MGST1,PIM1,NQO1,CD36,BMP7,GPX2,GSTM3,LPO,GPX3,PTGS1,MT3,GSTM2,NOS3,PRDX6,PRDX5,PRDX3,GCH1,PRDX2,PTGS2,SESN2,HBB,GSTO1,ATP7A,PRDX1,PRDX4,NFE2L2,CYP1B1,LTC4S,NXN,TXNDC2,TXNRD3,GPX8,CYGB,PXDN,TP53INP1,GPX7,PARK7,MGST2,TXNDC17,SRXN1,DUOX2,DUOX1,SESN1"
"GO:BP","heart morphogenesis","GO:0003007","1.1800128315417873e-39","38.92811327011973","266","1691","99","21017","DLL1,DVL1,NRP1,SMAD7,SPRY1,SNAI2,SLIT3,FOXH1,SLIT2,BMP10,SNAI1,HAND1,WNT11,TGFB1,COL2A1,RBP4,TP53,EDN1,TH,TPM1,MYL2,PIM1,COL11A1,BMP4,VEGFA,GJA1,ENG,BMP7,RYR1,BMP5,MSX1,NOS3,CTNNB1,MSX2,SOX11,BMPR1A,ACVRL1,TGFBR2,WNT5A,HTR2B,MTOR,NOTCH1,SOX9,NPY2R,GSK3A,NAGLU,EMP2,CAV3,WNT3A,TGFB2,FKBP1A,SMAD3,NRG1,PTK2,MEF2C,SOX4,FOXF1,NOG,ILK,ADAM15,PKD2,BMPR2,HES1,IHH,SHH,TWIST1,NPY5R,HIF1A,ARID2,BBS7,ZFPM1,BBS5,LEMD2,ZFPM2,RYR2,PROX1,HAS2,SFRP2,DLC1,BBS4,NODAL,RBM15,TBX5,PKP2,CITED2,SEMA3C,EGLN1,SAV1,SOX17,HEYL,RTN4,DLL4,CHD7,ADAMTS1,NDRG4,SUFU,FZD1,AXIN2,ROBO1"
"GO:BP","B cell activation","GO:0042113","1.426581734984432e-39","38.84570334070104","282","1691","102","21017","FZD9,TLR4,DLL1,TNFRSF13B,NBN,RASGRP1,ABL1,ADA,TGFB1,IFNA2,IFNB1,CD74,TP53,INHA,IL4,SLC25A5,IL6,PRKCB,LYN,ERCC1,INHBA,PTPRC,BCL2,KIT,MIF,CD19,IL7R,PTPN2,CHRNB2,CR1,IL11,TNFAIP3,IL10,TNFSF4,CD27,PIK3R1,CD38,PTPN6,IL13,PHB,AHR,BCL6,MNDA,CD86,STAT6,CASP3,CDKN2A,MSH2,TNFRSF4,MMP14,STAT5B,JAK3,MSH6,CEBPG,HDAC4,WNT3A,TIRAP,PRKDC,ID2,IRF8,TOP2B,PRKCD,BTK,MEF2C,ZFP36L1,BAX,EP300,BST2,PTPRJ,GPS2,ATM,PTK2B,SHB,EZH2,PKN1,RC3H1,IL27RA,ADGRG3,TICAM1,TBC1D10C,LAX1,SFRP1,BANK1,LFNG,MZB1,INPP5D,BAD,FOXJ1,PELI1,PAWR,PHB2,NDFIP1,FOXP3,IL21,CYLD,TLR9,SAMSN1,CD300A,MAD2L2,PLCL2,HDAC5,IRS2"
"GO:BP","response to virus","GO:0009615","1.8095433369304645e-39","38.74243101147018","405","1691","124","21017","ACOD1,LGALS9,DDX3X,TRIM38,AIM2,DCLK1,PLSCR1,TLR3,TRIM13,FCN3,PPM1B,IL33,TGFB1,TNF,IFNA2,IFNB1,IFNG,IL1B,CXCL10,IL4,ISG15,IL6,ENO1,PTPRC,NMB,IFIT1,BCL2,IRF1,MBL2,CCL4,CCL5,TRIM27,SPN,TRIM21,EIF2AK2,NFKB1,AZU1,MX1,TNFAIP3,TNFSF4,IL12A,IL12B,PML,APOBEC3A,GBP1,PHB,OPRK1,STAT1,XCL1,CXCL12,HMGA2,F2RL1,NLRP6,DEFA3,ADARB1,SMAD3,IFITM2,RNASEL,FMR1,C1QBP,CXCL9,BAX,BCL2L1,DHX9,BST2,HYAL1,HYAL2,TRIM26,ILF3,TRIM32,TRAF3,FADD,TRIM28,NMI,TRIM25,TARBP2,OASL,MAPK11,HIF1A,IFI16,MICB,ZC3H12A,IL23R,APOBEC3H,USP17L2,UNC13D,ZC3HAV1,MAVS,NLRC5,IFNL1,TICAM1,APOBEC3F,IFNL3,TRAF3IP1,RSAD2,MUL1,APOBEC3D,ISG20,DHX58,TRIM11,NLRP3,TSPAN32,PHB2,LYST,CCL19,VAMP8,TRIM8,FOXP3,TRIM31,TRIM15,TRIM5,IL21,APOBEC3G,BPIFA1,IL23A,TLR9,DUOX2,APOBEC3C,EIF2AK4,MID2,PYCARD,PTPN22,CHMP3,IRAK3"
"GO:BP","response to reactive oxygen species","GO:0000302","1.861830416098365e-39","38.730059879051105","199","1691","85","21017","CCS,KLF4,FOXO3,PEX14,TRPA1,TRPM2,DHFR,SOD1,ABL1,EGFR,HP,CRYAB,APOE,CAT,ANXA1,SOD2,APOD,MPO,IL6,EDN1,JUN,FABP1,GPX1,SOD3,GSTP1,TPM1,HMOX1,BCL2,TXN,MAPT,SCGB1A1,SRC,NQO1,PDGFRA,FER,CD36,BMP7,TNFAIP3,MT3,NOS3,PRDX5,PRDX3,AXL,GCH1,AKT1,PRDX2,SLC8A1,STAT1,STAT6,CASP3,MAPK8,MAPK9,UCP2,SESN2,RHOB,RACK1,FKBP1B,HBB,TOP2B,ATP7A,PRKCD,BTK,PRDX1,HYAL1,HYAL2,PRKAA1,MAPK7,ATM,PKD2,PTK2B,PTPRK,EZH2,NFE2L2,HIF1A,CYP1B1,PTPRN,LRRK2,SETX,CYGB,HDAC2,SIRT1,PAWR,PARK7,PLEKHA1,SESN1"
"GO:BP","regulation of endothelial cell migration","GO:0010594","2.085797146810549e-39","38.68072793095486","168","1691","78","21017","KRIT1,WNT7A,ITGB1BP1,NRP1,PDPK1,KLF4,CXCL13,ROCK2,SLIT2,BMP10,ABL1,PLG,PDGFB,EGF,TGFB1,TNF,APOE,APOH,ANXA1,HRG,ITGB3,EDN1,DCN,THBS1,FGF4,FGF2,HMGB1,HMOX1,CEACAM1,ETS1,VEGFA,PLCG1,PTN,NF1,SP100,GATA2,PTPRM,NOS3,AKT1,PTGS2,SERPINF1,ACVRL1,PPARG,WNT5A,NOTCH1,MEOX2,STC1,EMP2,SYNJ2BP,RHOB,PTK2,MEF2C,MAP2K5,SEMA5A,PTK2B,PRKD1,ANGPT1,NFE2L2,HIF1A,AMOT,ZC3H12A,DAB2IP,VASH1,SVBP,PROX1,SIRT1,LGMN,CIB1,SEMA4A,RGCC,BCAS3,MMRN2,DLL4,ADAMTS9,GDF2,HDAC5,ANGPT4,STARD13"
"GO:BP","cellular detoxification","GO:1990748","2.242009848474325e-39","38.64936248401194","116","1691","65","21017","PXDNL,CCS,MGST3,CLIC2,GPX5,APOM,DHFR,GSR,SOD1,HP,APOE,ALB,CAT,SOD2,MPO,FABP1,TPO,GPX1,GSTA1,SOD3,GSTP1,GSTM1,TXN,MGST1,PIM1,NQO1,CD36,BMP7,GPX2,GSTM3,LPO,GPX3,PTGS1,MT3,GSTM2,NOS3,PRDX6,PRDX5,PRDX3,GCH1,PRDX2,PTGS2,SESN2,HBB,GSTO1,ATP7A,PRDX1,PRDX4,NFE2L2,LTC4S,NXN,TXNDC2,TXNRD3,GPX8,CYGB,PXDN,TP53INP1,GPX7,PARK7,MGST2,TXNDC17,SRXN1,DUOX2,DUOX1,SESN1"
"GO:BP","vesicle-mediated transport in synapse","GO:0099003","2.2852454043618786e-39","38.64106715575278","223","1691","90","21017","SNAP23,RAB27B,WNT7A,DVL1,TOR1A,UNC13B,CASK,SYN3,SNPH,SYNJ1,SYT7,PARK2,PPFIA3,STX11,ATP6AP2,SNCG,SNAPIN,ITGB3,PRKCG,PRKCB,TH,BRAF,PPP3CB,ATP2A2,SYN1,RAB3A,RAB3B,RAB5A,SYT1,DRD4,HTR1B,STX2,PFN2,CTNNB1,SNCA,P2RY1,NUMB,NAPA,WNT3A,PTEN,SNAP25,STX1B,STXBP1,ARF6,RAP1A,VAMP2,CDK5,NRG1,FMR1,STX3,PICALM,SCRIB,DOC2A,DOC2B,RAB3GAP1,CDK5R1,GRIK5,STX1A,LRRK2,SNAP47,CPLX2,CPLX4,SYT9,RIMS1,CADPS2,SYT12,NLGN1,STX19,UNC13C,SYT8,BRSK1,SYN2,DTNBP1,BTBD9,VPS35,P2RX7,SEPT5,SYT11,PACSIN1,SYT4,DNAJC5,RIMS4,SLC32A1,OTOF,RIMS3,BLOC1S6,NRXN1,UNC13A,STXBP5L,PCLO"
"GO:BP","blood coagulation","GO:0007596","2.451889670609668e-39","38.61049907596579","228","1691","91","21017","STXBP3,AP3B1,TLR4,PLSCR1,FZD6,DGKI,F2,PLG,F12,PDGFB,COL3A1,APOE,FGA,FGB,FGG,APOH,PF4,KLKB1,PROC,PDGFA,HRG,KRT1,ITGB3,SERPINB2,SERPINE1,SERPING1,IL6,EDN1,LCK,SERPINE2,THBD,PROS1,LYN,THBS1,CTSG,SERPINF2,F7,ADRA2A,SRC,CEACAM1,VAV1,PDGFRA,CD36,ADRA2B,VCL,ADRA2C,TSPAN8,C4BPB,FBLN1,F2R,ADORA2A,PTPN6,NOS3,FCER1G,AXL,SLC6A4,PRDX2,HNF4A,WAS,P2RY1,RAB27A,F2RL1,WNT3A,RAP2B,STXBP1,HBB,CYP4F2,PLAUR,PRKCD,TYRO3,DMTN,MERTK,ILK,PRKG1,GAS6,SHH,NFE2L2,BLOC1S3,ADAMTS18,UBASH3B,DTNBP1,CPB2,TSPAN32,C1QTNF1,VPS33B,HPS4,BLOC1S4,BLOC1S6,HPS5,FOXA2,F11R"
"GO:BP","response to xenobiotic stimulus","GO:0009410","2.5491042404285784e-39","38.59361240457888","436","1691","129","21017","TNFRSF11B,PDE2A,AIM2,TP73,TLR3,PAX4,FOXO3,TRPA1,OXSR1,SOD1,ABL1,EGFR,ADA,MYC,TGFB1,LTA,TNF,IL1B,APOA2,AMH,CAT,PRNP,SOD2,TP53,TYMS,ITGB3,EDN1,PRKCB,LCK,RB1,CRH,TH,GPX1,LYN,THBS1,GSTA1,GSTP1,FBP1,GSTM1,BCL2,TOP1,DMD,SCGB1A1,CDK4,SRC,XRCC5,DRD2,BRAF,VAV1,NQO1,CREB1,DPEP1,ENG,SRD5A1,GSTM3,DRD1,COMT,LPO,CDH3,IL10,GAL,NPPC,CRHBP,GSTM2,HTR1B,HTR2A,PTPRM,CD38,ADORA2A,NOS1,OXTR,SLC6A4,CTNNB1,NOS2,PTGS2,DRD3,AHR,SREBF1,TGFBR2,PPARG,SNCA,HNF4A,HTR2B,STAT1,CASP3,CDKN1B,MAP1B,CPT1A,RORC,MAP2K6,PRKAA2,SLC26A5,UBE2B,CYP4F2,GSTO1,ABAT,S100A12,SLC6A3,MEF2C,ADCY1,ABCC8,KCNH2,REST,PRKAA1,PTK2B,GAS6,KCNJ11,ADIPOQ,NFE2L2,CYP1B1,HADH,BLOC1S3,SFRP1,HDAC2,ABCC2,SFRP2,CPB2,WNK4,PPP1R9B,P2RX7,NPAS2,NKX3-1,SEMA3C,ABCG8,ABCG5,SUFU,FZD1,HDAC5,RAD54B"
"GO:BP","synaptic vesicle cycle","GO:0099504","2.9519380492671886e-39","38.529892761057575","200","1691","85","21017","SNAP23,RAB27B,WNT7A,DVL1,TOR1A,UNC13B,CASK,SYN3,SNPH,SYNJ1,SYT7,PARK2,PPFIA3,STX11,ATP6AP2,SNCG,SNAPIN,PRKCG,PRKCB,TH,BRAF,PPP3CB,ATP2A2,SYN1,RAB3A,RAB3B,RAB5A,SYT1,HTR1B,STX2,PFN2,CTNNB1,SNCA,P2RY1,NAPA,WNT3A,PTEN,SNAP25,STX1B,STXBP1,ARF6,RAP1A,VAMP2,CDK5,FMR1,STX3,PICALM,SCRIB,DOC2A,DOC2B,RAB3GAP1,CDK5R1,GRIK5,STX1A,LRRK2,SNAP47,CPLX2,CPLX4,SYT9,RIMS1,CADPS2,SYT12,NLGN1,STX19,UNC13C,SYT8,BRSK1,SYN2,DTNBP1,BTBD9,P2RX7,SEPT5,SYT11,PACSIN1,SYT4,DNAJC5,RIMS4,SLC32A1,OTOF,RIMS3,BLOC1S6,NRXN1,UNC13A,STXBP5L,PCLO"
"GO:BP","negative regulation of chemotaxis","GO:0050922","3.13748717776465e-39","38.50341804037543","62","1691","48","21017","NRP1,SEMA3E,CXCL13,GREM1,SEMA7A,SLIT2,SEMA3D,SEMA4F,C5,HRG,THBS1,ELANE,CYP19A1,CCL2,MIF,PTPN2,KLRK1,WNT5A,NBL1,NOTCH1,NOV,DUSP3,PLXNA3,AIF1,WNT3,WNT3A,SEMA3B,SEMA3F,SEMA5A,GPR18,SEMA6D,SEMA4D,SEMA3C,CORO1B,SEMA4C,MMP28,SEMA6A,SEMA4A,SEMA6C,SEMA6B,SEMA4B,SEMA3G,SEMA4G,SEMA5B,C5AR2,STAP1,PADI2,ROBO1"
"GO:BP","lymphocyte mediated immunity","GO:0002449","3.4298843864737416e-39","38.464720518780176","361","1691","116","21017","KLRF2,LGALS9,NCR3,SMAD7,SH2D1A,NBN,NCR1,RASGRP1,CRTAM,BCL10,C5,TGFB1,LTA,TNF,IFNA2,IFNB1,IL1B,C4BPA,CD74,IL4,SERPING1,IL6,ICAM1,FCER2,TUBB,ERCC1,CD55,PTPRC,HMGB1,CTSH,GZMB,MBL2,LAMP1,CEACAM1,HLA-E,PVR,CD19,VAV1,CD46,SPN,PPP3CB,IL7R,HLA-G,CR1,LAG3,C4BPB,ZP3,IL10,TNFSF4,IL4R,KLRK1,CD27,PTPN6,IL12A,IL12B,FCER1G,CORO1A,ARRB2,AHR,CD96,LEP,BCL6,CCR2,STAT6,WAS,MSH2,KIR3DL1,XCL1,SERPINB4,SERPINB9,RAB27A,STAT5B,MSH6,CEBPG,EMP2,B2M,TUBB4B,PRKCD,BTK,PRDX1,C1QBP,FADD,SLAMF1,IL13RA2,AGER,MICB,HFE,PIK3R6,IL23R,RAET1L,RAET1G,IL27RA,CLEC4G,IL20RB,UNC13D,LILRB4,RAET1E,HAVCR2,RSAD2,NECTIN2,INPP5D,FOXJ1,SLAMF6,NLRP3,P2RX7,LYST,NDFIP1,ULBP3,ULBP2,ULBP1,FOXP3,SLA2,IL21,IL23A,SLAMF7,MAD2L2"
"GO:BP","extrinsic apoptotic signaling pathway","GO:0097191","3.7242032765595324e-39","38.428966622137864","229","1691","91","21017","TLR4,BMPR1B,DDX3X,NRP1,TLR3,PDPK1,BCL2L11,FOXO3,SNAI2,NOL3,IL33,BCL10,TGFB1,TNF,IFNG,IL1B,COL2A1,FGA,FGB,FGG,PF4,CSF2,IGF1,IL4,SERPINE1,ICAM1,ITGAV,GPX1,THBS1,INHBA,PTPRC,GSTP1,HMOX1,HSPA1A,BCL2,BMP4,SRC,NF1,TNFAIP3,KITLG,ERBB3,BMP5,FGFR3,SP100,FAS,CD27,PIK3R1,IL12A,NOS3,PML,PPP2R1A,AKT1,PRDX2,CTNNA1,ACVR1B,GDNF,CASP2,HTT,GSK3A,GSK3B,TGFB2,PPP1CA,CX3CL1,SMAD3,NRG1,BAX,BCL2L1,HYAL2,STK4,FADD,MAP2K5,MAPK7,STK3,PEA15,DAB2IP,BLOC1S2,SFRP1,BAD,TMBIM1,SFRP2,PARK7,GPER1,P2RX7,CIB1,RNF41,TCF7L2,CYLD,NDUFA13,PYCARD,BOK,FAF1"
"GO:BP","response to oxygen levels","GO:0070482","4.553425382305124e-39","38.34166177588152","345","1691","113","21017","MSTN,SUV39H1,FOXO3,ZEB2,NOL3,ROCK2,STC2,KCNK2,ADA,MYC,TGFB1,LTA,TNF,EPO,CRYAB,ANG,CAT,SOD2,TP53,EDN1,ENO1,TH,FABP1,THBS1,SOD3,INHBA,F7,HMOX1,BCL2,TGFB3,SRC,DRD2,LIF,VEGFA,CHRNB2,ENG,BMP7,EGR1,ATF4,NF1,RYR1,COMT,NPPC,FAS,MT3,CD38,NOS1,PML,ADORA1,OXTR,SLC6A4,AKT1,NOS2,PTGS2,ACVRL1,PPARG,LEP,MTOR,CASP3,CDKN1B,NOTCH1,CXCL12,MMP14,CPT1A,IRAK1,STC1,TMBIM6,UCP2,CAV3,TGFB2,ABAT,SMAD3,PRKCE,PPARD,ATP7A,SOX4,ZFP36L1,PPARA,EP300,REST,PRKAA1,ATM,ADAM15,PIN1,PTK2B,ITPR1,KCNJ11,AGER,NONO,TWIST1,ADIPOQ,NFE2L2,HIF1A,SFRP1,CYGB,RYR2,HDAC2,BAD,SIRT1,ERO1A,PHB2,NKX3-1,CITED2,BRIP1,EGLN1,RGCC,SUV39H2,RTN4,FZD4,UBQLN1,ANGPT4,RWDD3,SIRT4"
"GO:BP","positive regulation of transferase activity","GO:0051347","4.800027270842301e-39","38.318756295219686","323","1691","109","21017","TLR4,DDX3X,ITGB1BP1,EREG,TLR3,PDPK1,NBN,PSMD10,RASGRP1,ABL1,EGFR,F2,HRAS,PDGFB,EGF,INS,TNF,IFNG,IL1B,APOA1,APOE,APOA2,LTF,ANG,PDGFA,PRNP,CD74,ERBB2,IGF1,ITGB3,IL4,EDN1,ADRB2,THBS1,HSP90AB1,ELANE,PTPRC,ADRA2A,FGF2,TXN,MAPT,SRC,XRCC5,EDN3,VEGFA,ADRA2B,ADCYAP1,ADRA2C,AZU1,DRD4,MT3,ERP29,AKT1,CCR7,CHRNA3,PHB,TGFBR2,SNCA,LEP,CD200,WNT5A,HTR2B,CD86,GSK3A,HMGA2,PLK1,EMP2,PTEN,TGFB2,RAP1A,PPP2CA,DLG4,S100A12,NRG1,MAP3K10,PTK2,PRKCD,PAK1,MAP2K5,UNC119,PTK2B,GAS6,ANGPT1,STK11,ADIPOQ,EZH2,NTRK3,CARTPT,LRRK2,PIK3R6,DAB2IP,PSRC1,PIBF1,PROX1,RAD50,BAD,ARRDC3,SIRT1,PARK7,PHB2,CCL19,CIB1,SRCIN1,RGCC,NRXN1,BTRC,CAB39,ROBO1,TNFRSF11A"
"GO:BP","production of molecular mediator of immune response","GO:0002440","4.932634515628326e-39","38.306921062467346","220","1691","89","21017","TLR4,SMAD7,TLR3,NBN,SEMA7A,IL33,BCL10,TGFB1,TNF,IFNA2,IFNB1,IL1B,APOA1,APOA2,RBP4,CD74,IL4,IL6,ERCC1,CD55,ELANE,PTPRC,TGFB3,KIT,HLA-E,MIF,CD36,HLA-G,CR1,MSH3,IL10,TNFSF4,IL4R,AXL,IL13,PHB,CD96,BCL6,WNT5A,CCR2,CD86,STAT6,MSH2,TNFRSF4,XCL1,JAK3,MSH6,TMBIM6,F2RL1,B2M,TGFB2,PRKDC,BTK,BST2,SLAMF1,IL13RA2,ANGPT1,TWIST1,PKN1,HFE,RAET1G,IL27RA,SCIMP,MAVS,NLRX1,TICAM2,TICAM1,LILRB4,MZB1,RSAD2,TNFRSF14,SIRT1,NLRP3,P2RX7,PHB2,LITAF,NDFIP1,FOXP3,CUEDC2,IL21,SPINK5,RTN4,TLR9,MAD2L2,RABGEF1,PYCARD,PTPN22,UBE2J1,IRAK3"
"GO:BP","regulation of T cell differentiation","GO:0045580","5.238561926342886e-39","38.28078791781979","183","1691","81","21017","LGALS9,AP3B1,SMAD7,FOXO3,SOCS5,PRDM1,RASGRP1,CRTAM,SOD1,ABL1,ADA,TGFB1,IFNA2,IFNB1,IFNG,IL2RA,ANXA1,CD74,ERBB2,IL4,HLA-DOA,PTPRC,HMGB1,RARA,IRF1,BMP4,BRAF,CD46,IL7R,HLA-G,PTPN2,CR1,LAG3,TNFSF4,IL4R,CD27,ITPKB,IL12B,PRDX2,TGFBR2,BCL6,CCR2,CD86,CDKN2A,SMARCA2,SMARCA4,STAT5B,JAK3,ZBTB16,EGR3,SOX4,IHH,HLX,IRF4,SHB,SHH,RHOH,ZC3H12A,RC3H1,PIK3R6,IL23R,ARID2,CLEC4G,NRARP,METTL3,DTX1,IFNL1,LILRB2,ZC3H8,LILRB4,NFKBID,BTN2A2,BAD,FOXJ1,NLRP3,CCL19,FANCD2,FOXP3,IL23A,SPINK5,CYLD"
"GO:BP","type II interferon production","GO:0032609","9.329049839576649e-39","38.03016258674033","118","1691","65","21017","LGALS9,TLR4,TLR3,PGLYRP1,RASGRP1,CRTAM,IL33,ABL1,HRAS,LTA,TNF,IL1B,PRNP,INHA,ISG15,INHBA,HMGB1,RARA,SCGB1A1,TRIM27,SPN,CR1,ZP3,IL10,TNFSF4,KLRK1,IL12A,IL12B,AXL,CCR7,CD96,WNT5A,CCR2,XCL1,CEBPG,F2RL1,NLRP6,IL1RL1,IRF8,C1QBP,PDE4D,FADD,SLAMF1,SCRIB,GAS6,ZC3H12A,IL23R,IL27RA,IL20RB,IFNL1,ZFPM1,LILRB4,HAVCR2,SLAMF6,PGLYRP3,PGLYRP2,NR1H4,FOXP3,IL21,IL23A,TLR9,CD274,IL36RN,PYCARD,PTPN22"
"GO:BP","regulation of myeloid leukocyte differentiation","GO:0002761","1.230870914540132e-38","37.90978749056379","126","1691","67","21017","TLR4,TNFRSF11B,TLR3,LILRB3,MITF,FSTL3,MYC,TGFB1,FSHB,TNF,IFNG,APCS,PF4,LTF,CD74,INHA,IL4,RB1,LYN,INHBA,CCL3,RARA,IAPP,CEACAM1,LIF,CREB1,CEBPB,PTPN2,NF1,KITLG,GATA2,FSHR,PIK3R1,IL12B,HOXA7,CTNNB1,FBN1,MTOR,CLDN18,ROR2,ID2,ZFP36L1,PPP3CA,KLF10,FADD,CUL4A,TOB2,GPR68,ADIPOQ,CARTPT,IL23R,ZBTB46,ZFPM1,SFRP1,TMEM178A,LILRB4,ZNF675,UBASH3B,INPP5D,TRIB1,NDFIP1,DCSTAMP,IL23A,CTNNBIP1,GPR55,MAFB,TNFRSF11A"
"GO:BP","positive regulation of kinase activity","GO:0033674","2.1154786470354821e-38","37.67459135394009","279","1691","100","21017","TLR4,DDX3X,ITGB1BP1,EREG,TLR3,PDPK1,NBN,PSMD10,RASGRP1,ABL1,EGFR,F2,HRAS,PDGFB,EGF,INS,TNF,IFNG,IL1B,LTF,ANG,PDGFA,PRNP,CD74,ERBB2,IGF1,ITGB3,IL4,EDN1,ADRB2,THBS1,HSP90AB1,ELANE,PTPRC,ADRA2A,FGF2,TXN,MAPT,SRC,XRCC5,EDN3,VEGFA,ADRA2B,ADCYAP1,ADRA2C,AZU1,DRD4,MT3,ERP29,AKT1,CCR7,CHRNA3,PHB,TGFBR2,SNCA,LEP,WNT5A,HTR2B,CD86,HMGA2,EMP2,TGFB2,RAP1A,PPP2CA,DLG4,S100A12,NRG1,MAP3K10,PTK2,PRKCD,PAK1,MAP2K5,UNC119,PTK2B,GAS6,ANGPT1,STK11,ADIPOQ,EZH2,NTRK3,CARTPT,LRRK2,PIK3R6,DAB2IP,PSRC1,PIBF1,PROX1,RAD50,BAD,SIRT1,PARK7,PHB2,CCL19,CIB1,SRCIN1,RGCC,NRXN1,CAB39,ROBO1,TNFRSF11A"
"GO:BP","regulation of vasculature development","GO:1901342","2.191001033223012e-38","37.65935741763649","295","1691","103","21017","KRIT1,DLL1,NRP1,SEMA3E,TLR3,PDPK1,KLF4,CXCL13,GREM1,ROCK2,RECK,ABL1,TGFB1,PRL,TNF,IL1B,APOH,PF4,CXCL10,HRG,KRT1,ERBB2,ITGB3,SERPINE1,IL6,PRKCB,DCN,THBS1,FGF2,HMOX1,CTSH,CEACAM1,ETS1,HTN1,VEGFA,HLA-G,ENG,PLCG1,HOXA5,NF1,TNFAIP3,EPHA1,IL10,SP100,GATA2,PTPRM,CD34,NOS3,PML,CTNNB1,TIE1,SERPINF1,ACVRL1,TGFBR2,PPARG,STAT3,LEP,WNT5A,CCR2,STAT1,CXCL12,CX3CR1,CAMP,HMGA2,EMP2,WNT4,SYNJ2BP,PROK1,TGFB2,RHOB,ABCC8,HYAL1,MAPK7,SEMA5A,PTK2B,GPNMB,PRKD1,TWIST1,NFE2L2,HIF1A,CYP1B1,AMOT,ZC3H12A,PIK3R6,DAB2IP,VASH1,SULF1,SFRP1,SIRT1,SFRP2,NODAL,EGLN1,SEMA6A,SEMA4A,WNK1,RGCC,SPINK5,RTN4,ADAMTS9,GHRL,ADAMTS1,GDF2,ANGPT4"
"GO:BP","regulation of response to wounding","GO:1903034","3.491593371341246e-38","37.456976339670206","169","1691","77","21017","CLDN4,CASK,KLF4,IL33,F2,PLG,F12,HRAS,PDGFB,TNF,APOE,FGA,FGB,FGG,APCS,APOH,KLKB1,PROC,ANXA1,PDGFA,HRG,KRT1,SERPINB2,SERPINE1,SERPING1,EDN1,SERPINE2,THBD,PROS1,THBS1,SERPINF2,F7,ADRA2A,FGF2,SPP1,CEACAM1,BRAF,HTN1,PDGFRA,CD36,TSPAN8,PTN,TNFAIP3,IL10,F2R,PTPN6,NOS3,PRDX2,STAT3,MTOR,F2RL1,WNT4,PTEN,FKBP1B,SMAD3,PRKCE,PLAUR,ATP7A,PTK2,PRKCD,DMTN,PRKG1,NFE2L2,CLASP1,PHLDB2,ADAMTS18,UBASH3B,CERS2,CPB2,C1QTNF1,RTN4R,WFDC1,DUOX2,DUOX1,FOXA2,ARFGEF1,STK24"
"GO:BP","interleukin-6 production","GO:0032635","3.7769637626334497e-38","37.422857181908995","152","1691","73","21017","LGALS9,TLR4,EREG,TLR3,SOCS5,IL33,BCL10,TGFB1,TNF,IFNG,IL1B,CD74,IL6,NMB,HMGB1,CD36,BPI,CEBPB,LBP,TNFAIP3,IL10,TNFSF4,F2R,PTPN6,ARRB2,NOS2,STAT3,LEP,CD200,WNT5A,CSK,ARRB1,AIF1,F2RL1,TIRAP,NLRP12,CX3CL1,PTPN11,BTK,DHX9,HYAL2,SLAMF1,GAS6,AGER,TWIST1,ZC3H12A,IL27RA,SCIMP,NLRC3,MAVS,NLRX1,TICAM1,LILRB2,BANK1,LILRB4,HAVCR2,INPP5D,FOXJ1,RAB7B,NR1H4,P2RX7,SYT11,C1QTNF3,FOXP3,TLR9,C5AR2,IL36RN,GHRL,CD84,RABGEF1,PYCARD,PTPN22,IRAK3"
"GO:BP","regulation of interleukin-6 production","GO:0032675","3.7769637626334497e-38","37.422857181908995","152","1691","73","21017","LGALS9,TLR4,EREG,TLR3,SOCS5,IL33,BCL10,TGFB1,TNF,IFNG,IL1B,CD74,IL6,NMB,HMGB1,CD36,BPI,CEBPB,LBP,TNFAIP3,IL10,TNFSF4,F2R,PTPN6,ARRB2,NOS2,STAT3,LEP,CD200,WNT5A,CSK,ARRB1,AIF1,F2RL1,TIRAP,NLRP12,CX3CL1,PTPN11,BTK,DHX9,HYAL2,SLAMF1,GAS6,AGER,TWIST1,ZC3H12A,IL27RA,SCIMP,NLRC3,MAVS,NLRX1,TICAM1,LILRB2,BANK1,LILRB4,HAVCR2,INPP5D,FOXJ1,RAB7B,NR1H4,P2RX7,SYT11,C1QTNF3,FOXP3,TLR9,C5AR2,IL36RN,GHRL,CD84,RABGEF1,PYCARD,PTPN22,IRAK3"
"GO:BP","epithelial tube morphogenesis","GO:0060562","3.8468290245082454e-38","37.41489711584102","335","1691","110","21017","DLL1,DVL1,NRP1,SEMA3E,SPINT2,SPRY1,FZD6,GREM1,FOXH1,SLIT2,NTN1,BCL10,HAND1,WNT11,ABL1,MYC,EGF,TGFB1,TNF,CXCL10,ESR1,EDN1,PKHD1,FGF2,CTSH,TACSTD2,RARA,BCL2,BMP4,SRC,VEGFA,GJA1,PRKACA,ENG,BMP7,WT1,HOXA5,BMP5,PRKACB,PML,SDC4,CTNNB1,MSX2,TIE1,HNF1B,ACVRL1,TGFBR2,GDNF,WNT5A,CASP3,NKX2-1,NOTCH1,SOX9,MMP14,GPC3,CAV3,WNT3A,WNT4,TGFB2,PPP1CA,RHOB,SMAD3,PKD1,MEF2C,FOXF1,DLG1,STK4,PAK1,STK3,NOG,ILK,PKD2,SCRIB,HES1,IHH,SHH,TWIST1,HIF1A,NRARP,BBS7,BBS5,SFRP1,OSR1,RYR2,PROX1,SFRP2,WNK4,DLC1,BBS4,NODAL,RBM15,PHB2,NKX3-1,CITED1,CITED2,LZTS2,FUZ,LGR4,SEMA4C,SOX17,MMRN2,DLL4,CTNNBIP1,GDF2,NDRG4,SUFU,TIMELESS,BTRC,STARD13,MAGED1"
"GO:BP","regulation of neurotransmitter secretion","GO:0046928","5.298227575641603e-38","37.275869391315744","82","1691","54","21017","WNT7A,DVL1,CASK,HCRT,PARK2,SNCG,BAIAP3,TSPOAP1,SNAPIN,PRKCG,PRKCB,BRAF,ATP2A2,SYN1,RAB3A,RAB5A,NF1,TACR2,SYT1,HTR1B,ADORA2A,CHRNB4,CHRNA3,PFN2,SNCA,P2RY1,STX1B,STXBP1,RAP1A,ASIC1,MEF2C,FMR1,RAB3GAP1,SLC18A3,STX1A,LRRK2,CPLX2,CPLX4,RIMS1,KCNMB4,NLGN1,PNKD,DTNBP1,GPER1,SEPT5,SYT11,SYT4,RIMS4,OTOF,RIMS3,CAMK2A,STXBP5L,SNCAIP,SLC30A1"
"GO:BP","regulation of type II interferon production","GO:0032649","6.476731644678282e-38","37.18864409702513","117","1691","64","21017","LGALS9,TLR4,TLR3,PGLYRP1,RASGRP1,CRTAM,IL33,ABL1,HRAS,LTA,TNF,IL1B,PRNP,INHA,ISG15,INHBA,HMGB1,RARA,SCGB1A1,TRIM27,CR1,ZP3,IL10,TNFSF4,KLRK1,IL12A,IL12B,AXL,CCR7,CD96,WNT5A,CCR2,XCL1,CEBPG,F2RL1,NLRP6,IL1RL1,IRF8,C1QBP,PDE4D,FADD,SLAMF1,SCRIB,GAS6,ZC3H12A,IL23R,IL27RA,IL20RB,IFNL1,ZFPM1,LILRB4,HAVCR2,SLAMF6,PGLYRP3,PGLYRP2,NR1H4,FOXP3,IL21,IL23A,TLR9,CD274,IL36RN,PYCARD,PTPN22"
"GO:BP","regulation of adaptive immune response based on somatic recombination of immune receptors built from immunoglobulin superfamily domains","GO:0002822","9.687441017792669e-38","37.013790928689524","189","1691","81","21017","SMAD7,SOCS5,IL33,ADA,TGFB1,LTA,TNF,IFNA2,IFNB1,IL1B,C4BPA,ANXA1,IL4,IL6,FCER2,CD55,PTPRC,HMGB1,CEACAM1,HLA-E,PVR,CD46,SPN,PPP3CB,IL7R,HLA-G,CR1,C4BPB,TNFAIP3,ZP3,IL10,TNFSF4,IL4R,PTPN6,IL12A,IL12B,AHR,BCL6,CCR2,STAT6,WAS,MSH2,XCL1,JAK3,B2M,IL1RL1,BTK,MEF2C,FADD,SLAMF1,HLX,AGER,PKN1,MICB,HFE,ZC3H12A,RC3H1,IL23R,RAET1L,RAET1G,IL27RA,CLEC4G,IL20RB,LILRB4,NFKBID,RAET1E,HAVCR2,RSAD2,NECTIN2,FOXJ1,NLRP3,P2RX7,CCL19,NDFIP1,ULBP3,ULBP2,ULBP1,FOXP3,IL23A,CD274,MAD2L2"
"GO:BP","regulation of amine transport","GO:0051952","1.0529752936911319e-37","36.97758181869057","96","1691","58","21017","TOR1A,SYT7,PARK2,ARL6IP5,SNCG,TNF,PRKCB,CRH,ADRA2A,CHGA,DRD2,KCNA2,CHRNB2,ADRA2B,ADRA2C,RAB3B,TRH,TACR2,CNR1,SYT1,DRD1,DRD4,HTR1B,HTR2A,ADORA2A,ADORA1,OXTR,NTSR1,CHRNA3,DRD3,SNCA,GDNF,OPRK1,LEP,P2RY1,CXCL12,STXBP1,ABAT,PRKG1,KCNB1,GRM7,RAB3GAP1,NPY5R,CARTPT,SLC18A3,STX1A,SYT6,SYT10,SYT9,SYT12,SYT8,DTNBP1,P2RX7,SYT3,SYT15,SYT11,SYT4,HRH3"
"GO:BP","regulation of canonical NF-kappaB signal transduction","GO:0043122","1.986108792861891e-37","36.70199696588821","280","1691","99","21017","LGALS9,TLR4,CCL21,TRIM38,TLR3,PDPK1,PER1,TSPAN6,PARK2,CCDC22,TRIM13,PPM1B,UFL1,BCL10,ABL1,TGFB1,PRL,TNF,IL1B,LTF,ESR1,CD74,EDN1,PRKCB,GSTP1,HMOX1,PARP1,VEGFA,CD36,GJA1,TRIM21,NR1D1,CAPN3,TNFAIP3,EDNRB,F2R,NFKBIA,ARRB2,CCR7,PPM1A,WNT5A,HTR2B,STAT1,CX3CR1,IRAK1,F2RL1,TIRAP,NLRP6,NLRP12,FKBP1A,CX3CL1,S100A12,PRKCE,BST2,TRIM32,TRAF3,FADD,ILK,SQSTM1,HDAC1,TRIM25,TNIP1,PRKD1,ANGPT1,RHOH,ADIPOQ,ZC3H12A,DAB2IP,OTUD7B,NLRC3,ZC3HAV1,MAVS,NLRX1,TICAM2,TICAM1,TRIM59,LILRB4,CACTIN,EDA,MUL1,SIRT1,PELI1,NR1H4,CCL19,LITAF,NDFIP1,TRIM62,TRIM8,TRIM5,TLR9,NDFIP2,TERF2IP,VAPA,NFKBIL1,MID2,FBXW11,PYCARD,EDAR,BTRC"
"GO:BP","negative regulation of neurogenesis","GO:0050768","2.584131602548714e-37","36.587685372718234","147","1691","71","21017","WNT7A,NRP1,SEMA3E,SEMA7A,SEMA3D,NTN1,SEMA4F,F2,TGFB1,TNF,IL1B,THY1,TP53,IL6,RB1,SPP1,BMP7,NR1D1,PTN,NF1,GATA2,MT3,GDI1,CTNNA1,CTNNB1,NF2,DRD3,SOX11,BMPR1A,WNT5A,DCC,NOTCH1,ID4,PLXNA3,WNT3,WNT3A,PTEN,B2M,ARHGAP4,CDK5,PPP3CA,ABCC8,REST,SEMA3B,NOG,SEMA3F,SEMA5A,HES1,ULK2,SPG20,DRAXIN,SEMA6D,PROX1,SEMA4D,TRIM11,CERS2,SEMA3C,RTN4R,SEMA4C,BCL11A,SYT4,SEMA6A,SEMA4A,SEMA6C,SEMA6B,SEMA4B,RTN4,SEMA3G,SEMA4G,SEMA5B,RNF6"
"GO:BP","viral life cycle","GO:0019058","2.828337582536189e-37","36.5484687555955","319","1691","106","21017","LGALS9,WWP2,DDX3X,FCN1,TRIM38,NRP1,PLSCR1,PARK2,SNX3,VPS4B,FCN3,CCNK,EGFR,TNF,IFNA2,IFNB1,APOE,APCS,LTF,SLPI,CD74,ITGB3,ISG15,ICAM1,ITGAV,CD55,HSP90AB1,HMGB1,IFIT1,HSPA1A,BCL2,LAMP1,TOP2A,CCL2,CCL5,PVR,CD46,CR1,TRIM21,EIF2AK2,MX1,HTR2A,AXL,APOBEC3A,PHB,CD86,TNFRSF4,NOTCH1,NEDD4,RAB7A,HMGA2,ADARB1,IFITM2,TOP2B,RNASEL,TYRO3,FMR1,BST2,HYAL2,TRIM26,ILF3,TRIM28,SLAMF1,TRIM25,GAS6,TNIP1,TARBP2,OASL,IFI16,ZC3H12A,APOBEC3H,LRSAM1,CLEC4G,ZC3HAV1,MAVS,APOBEC3F,TRIM59,IFNL3,TPCN2,LRRC15,RSAD2,NECTIN2,PROX1,TNFRSF14,APOBEC3D,ISG20,TRIM11,FAM111A,SRPK1,INPP5K,VAMP8,TRIM62,TRIM8,TRIM31,TRIM15,TRIM5,APOBEC3G,APOBEC3C,VAPA,EIF2AK4,TRIM10,ZNF639,MID2,TPCN1,CHMP3,F11R"
"GO:BP","ovulation cycle","GO:0042698","5.969984714114602e-37","36.22402678086128","72","1691","50","21017","BMPR1B,MSTN,EREG,FOXO3,SLIT3,SLIT2,SGPL1,EGFR,FSHB,ESR1,AMH,INHBA,TGFB3,SRC,PDGFRA,EGR1,GABRB1,NPR2,PTN,ZP3,NPPC,FSHR,NOS3,AXL,OXTR,SERPINF1,OPRK1,OPRL1,LEP,CASP3,CASP2,NOTCH1,STAT5B,MAP2K6,TGFB2,NHLH2,TYRO3,NR5A1,NPY5R,NCOA1,CYP1B1,PTPRN,GPR149,HAS2,SIRT1,ADNP,PLEKHA1,RETN,ADAMTS1,FZD4"
"GO:BP","meiotic cell cycle","GO:0051321","6.203779284527296e-37","36.20734366173158","294","1691","101","21017","MEIKIN,SYCE3,HFM1,MEIOC,EME2,SYCE1L,RNF212B,OVOL1,EREG,AURKA,RAD51B,MSH4,RAD51C,BCL2L11,XRCC2,NBN,RAD51D,SUN1,REC8,PTTG1,CCNE2,EDN1,WEE2,TOP2A,LIF,NPR2,NPPC,CCNE1,MSX1,PPP2R1A,CDC25B,TTK,MSX2,WNT5A,BAG6,BRCA2,MSH6,PLK1,TERF1,HSPA2,WNT4,PTEN,UBE2B,PPP2CA,TOP2B,CENPC,RAD51,ATM,DMC1,ESPL1,RPS6KA2,SYCP1,TRIP13,MAJIN,RNF212,FBXO43,BRDT,MEI1,SYCE2,USP17L2,STRA8,METTL3,HORMAD1,FANCM,TEX11,SYCP3,SYCE1,MEIOB,TOP6BL,CNTD1,TERB1,ANKLE1,LFNG,SPATA22,M1AP,PIWIL2,P3H4,RAD50,ERCC4,EME1,MAEL,MUS81,KLHDC3,NDC1,SYCP2,BRIP1,TEX15,TEX12,FANCD2,ING2,AGO4,CCNB1IP1,PLCB1,PTTG2,MLH3,FBXO5,PSMD13,OSGIN2,SPO11,DMRT1,RAD54B"
"GO:BP","regulation of angiogenesis","GO:0045765","7.090036707750325e-37","36.14935151630746","289","1691","100","21017","KRIT1,DLL1,NRP1,SEMA3E,TLR3,PDPK1,KLF4,CXCL13,GREM1,ROCK2,RECK,ABL1,PRL,TNF,IL1B,APOH,PF4,CXCL10,HRG,KRT1,ERBB2,ITGB3,SERPINE1,IL6,PRKCB,DCN,THBS1,FGF2,HMOX1,CTSH,CEACAM1,ETS1,HTN1,VEGFA,HLA-G,ENG,PLCG1,HOXA5,NF1,TNFAIP3,EPHA1,IL10,SP100,GATA2,PTPRM,CD34,NOS3,PML,CTNNB1,TIE1,SERPINF1,ACVRL1,TGFBR2,PPARG,STAT3,LEP,WNT5A,CCR2,STAT1,CX3CR1,CAMP,HMGA2,EMP2,SYNJ2BP,PROK1,TGFB2,RHOB,ABCC8,HYAL1,MAPK7,SEMA5A,PTK2B,GPNMB,PRKD1,TWIST1,NFE2L2,HIF1A,CYP1B1,AMOT,ZC3H12A,PIK3R6,DAB2IP,VASH1,SULF1,SFRP1,SIRT1,SFRP2,NODAL,EGLN1,SEMA6A,SEMA4A,WNK1,RGCC,SPINK5,RTN4,ADAMTS9,GHRL,ADAMTS1,GDF2,ANGPT4"
"GO:BP","regulation of neuron projection development","GO:0010975","7.668897132911542e-37","36.1152670876194","458","1691","129","21017","APBB1,WNT7A,DVL1,NRP1,RAB29,SEMA3E,KLF4,KALRN,KDM1A,SNX3,SEMA7A,SLIT2,SEMA3D,SNAPIN,NTN1,SEMA4F,ABL1,INS,EPO,APOE,FN1,THY1,LYN,SPP1,MAPT,DMD,BRAF,VEGFA,CHRNB2,BMP7,PTN,CNR1,BMP5,KEL,PTPRG,MT3,CD38,GDI1,AKT1,CHRNA3,SERPINF1,WNT5A,DCC,MAP1B,NEDD4,CXCL12,GSK3A,GSK3B,PLXNA3,WNT3,WNT3A,PTEN,SNAP25,STX1B,B2M,ARF6,RAP1A,FKBP1B,CX3CL1,DAB2,ARHGAP4,CDK5,ROR2,PPP3CA,EP300,PAK1,SEMA3B,SEMA3F,SEMA5A,BMPR2,DPYSL3,PTK2B,HES1,CDK5R1,PRKD1,STK11,EZH2,NFE2L2,NTRK3,NTRK2,LRRK2,DAB2IP,CAPRIN2,SARM1,SETX,MAGI2,ULK2,SPG20,NLGN1,SFRP1,DRAXIN,SEMA6D,BRSK1,HDAC2,KAT2B,SEMA4D,DTNBP1,CERS2,SFRP2,ANKRD27,NEDD4L,GFI1,CIB1,SEMA3C,PACSIN1,RTN4R,SEMA4C,SRCIN1,RAB17,BCL11A,SEMA6A,ADNP,SEMA4A,SEMA6C,SEMA6B,SEMA4B,RTN4,SEMA3G,SEMA4G,SEMA5B,NRXN1,PLXNB3,NDRG4,FZD4,FZD1,RNF6,FBXO7,STK24,ROBO1"
"GO:BP","regulation of transporter activity","GO:0032409","8.95032389011676e-37","36.04816124835501","208","1691","84","21017","WWP2,SLN,GNB5,CASQ2,CLIC2,INS,IFNG,EPO,APOA2,EDN1,CRH,ADRB2,ADRA2A,BCL2,PIM1,DMD,CCL2,DRD2,KCNE1,PRKACA,DRD4,GAL,HRC,CRHBP,PLN,GSTM2,NOS1,SRI,CASQ1,OPRM1,ACTN2,PPARG,SNCA,CCR2,HTT,NEDD4,SLC6A9,HAP1,CAV3,FGF12,FKBP1A,VAMP2,SUMO1,FKBP1B,DLG4,GSTO1,ANK2,PRKCE,PRKCD,MEF2C,FMR1,ANK3,DLG1,AKAP6,TRDN,NR1H3,CAMK2D,PKD2,PTK2B,KCNAB1,ADIPOQ,CNIH2,NLGN1,CBARP,KCNRG,OSR1,JPH3,RYR2,NEDD4L,PHB2,CHP1,JPH2,NDFIP1,WNK3,GPR35,GOPC,TLR9,NDFIP2,STK39,KCNE5,NRXN1,UBQLN1,CAB39,TCAF1"
"GO:BP","adaptive immune response based on somatic recombination of immune receptors built from immunoglobulin superfamily domains","GO:0002460","1.552826302161124e-36","35.8088771213686","376","1691","115","21017","TLR4,SMAD7,CXCL13,NBN,SOCS5,IL33,BCL10,ADA,C5,HRAS,TGFB1,LTA,TNF,IFNA2,IFNB1,IL1B,C4BPA,ANXA1,CD74,IL4,SERPING1,IL6,ICAM1,FCER2,ERCC1,CD55,PTPRC,HMGB1,CTSH,MBL2,CEACAM1,HLA-E,PVR,CD19,CD46,SPN,PPP3CB,IL7R,HLA-G,CR1,C4BPB,TNFAIP3,ZP3,IL10,TNFSF4,IL4R,CD27,PTPN6,IL12A,IL12B,FCER1G,PHB,AHR,STAT3,BCL6,CCR2,STAT6,MTOR,WAS,MSH2,NOTCH1,XCL1,RAB27A,RORC,JAK3,MSH6,EMP2,B2M,NFKB2,RELB,IL1RL1,PRKCD,BTK,MEF2C,C1QBP,FADD,SLAMF1,IL13RA2,HLX,AGER,IRF4,PKN1,MICB,HFE,ZC3H12A,RC3H1,IL23R,RAET1L,RAET1G,IL27RA,CLEC4G,IL20RB,UNC13D,LILRB4,NFKBID,RAET1E,HAVCR2,RSAD2,NECTIN2,INPP5D,FOXJ1,SLAMF6,NLRP3,P2RX7,CCL19,NDFIP1,ULBP3,ULBP2,ULBP1,FOXP3,SEMA4A,SLA2,IL23A,CD274,MAD2L2"
"GO:BP","amine transport","GO:0015837","2.1633281579407205e-36","35.66487759689332","107","1691","60","21017","TOR1A,SLC22A2,SYT7,PARK2,ARL6IP5,SNCG,TNF,PRKCB,CRH,TH,ADRA2A,CHGA,DRD2,KCNA2,CHRNB2,ADRA2B,ADRA2C,RAB3B,TRH,TACR2,CNR1,SYT1,DRD1,DRD4,HTR1B,HTR2A,ADORA2A,ADORA1,OXTR,NTSR1,CHRNA3,DRD3,SNCA,GDNF,OPRK1,LEP,P2RY1,CXCL12,STXBP1,ABAT,PRKG1,KCNB1,GRM7,RAB3GAP1,NPY5R,CARTPT,SLC18A3,STX1A,SYT6,SYT10,SYT9,SYT12,SYT8,DTNBP1,P2RX7,SYT3,SYT15,SYT11,SYT4,HRH3"
"GO:BP","response to metal ion","GO:0010038","2.3932765673363305e-36","35.621007111362445","360","1691","112","21017","TNFRSF11B,CASQ2,PLSCR1,SYT7,PARK2,TRPM2,EGFR,FGA,FGB,FGG,CAT,PRNP,SOD2,MT1A,EDN1,JUN,TH,MT1B,ERCC1,THBS1,SOD3,FBP1,INHBB,HMOX1,PARP1,BCL2,MAPT,KIT,G6PD,MT1G,DRD2,BRAF,NQO1,ALOX15,CREB1,DPEP1,ATF4,PAM,CAPN3,SYT1,RYR1,CRHBP,MT3,ITPKB,GDI1,AKT1,PTGS2,SERPINF1,SNCA,WNT5A,CASP3,MAPK8,MAPK9,CDKN1B,NEDD4,GSK3A,PRKAA2,UCP2,SLC26A5,B2M,PPP1CA,SUMO1,PPP2CA,DLG4,MT1H,MT1X,ABAT,HAMP,SLC6A3,ATP7A,MEF2C,PPP3CA,DMTN,ADCY1,ABCC8,ANK3,PRKAA1,CAMK2D,PKD2,HNRNPD,PTK2B,ITPR3,KCNB1,RYR3,SHH,NFE2L2,AANAT,HIF1A,HFE,LRRK2,SYT6,SYT10,SYT9,KCNMB4,SYT12,NLGN1,MT1M,SYT8,RYR2,PARK7,LGMN,P2RX7,SYT3,SYT15,SYT11,MCOLN1,FGF23,SYT4,TLR9,STK39,NRXN1,SLC30A1"
"GO:BP","positive regulation of protein kinase activity","GO:0045860","3.9347875741013524e-36","35.4050787087651","262","1691","94","21017","TLR4,DDX3X,ITGB1BP1,EREG,TLR3,PDPK1,PSMD10,RASGRP1,ABL1,EGFR,HRAS,PDGFB,EGF,INS,TNF,IFNG,IL1B,LTF,ANG,PDGFA,PRNP,ERBB2,IGF1,ITGB3,IL4,EDN1,ADRB2,THBS1,HSP90AB1,ELANE,PTPRC,ADRA2A,FGF2,TXN,SRC,XRCC5,EDN3,VEGFA,ADRA2B,ADCYAP1,ADRA2C,AZU1,DRD4,MT3,ERP29,AKT1,CCR7,CHRNA3,PHB,TGFBR2,SNCA,LEP,WNT5A,HTR2B,CD86,HMGA2,EMP2,TGFB2,RAP1A,PPP2CA,DLG4,S100A12,NRG1,MAP3K10,PTK2,PRKCD,PAK1,MAP2K5,UNC119,PTK2B,GAS6,ANGPT1,STK11,ADIPOQ,EZH2,NTRK3,CARTPT,LRRK2,PIK3R6,DAB2IP,PSRC1,PIBF1,PROX1,SIRT1,PARK7,PHB2,CCL19,CIB1,SRCIN1,RGCC,NRXN1,CAB39,ROBO1,TNFRSF11A"
"GO:BP","smooth muscle cell proliferation","GO:0048659","5.513912246946991e-36","35.25854014990416","144","1691","69","21017","TLR4,EREG,KLF4,EGFR,PDGFB,TGFB1,TNF,IFNG,APOE,ANG,SOD2,IGF1,APOD,ITGB3,IL6,EDN1,JUN,THBS1,ELANE,SERPINF2,FGF2,TPM1,HMOX1,TGFB3,BMP4,SRC,XRCC5,CCL5,GJA1,IGFBP3,NF1,TNFAIP3,IL10,NPPC,IGFBP5,PIK3R1,HTR1B,IL12A,IL12B,NOS3,AKT1,CTNNB1,IL13,PHB,PTGS2,BMPR1A,PPARG,STAT1,CDKN1B,NOV,IRAK1,AIF1,PTEN,CX3CL1,PRKDC,ID2,MEF2C,HDAC1,BMPR2,PRKG1,NPY5R,ADIPOQ,TRIB1,GPER1,TCF7L2,CTNNBIP1,PPARGC1A,ADAMTS1,NDRG4"
"GO:BP","regulation of smooth muscle cell proliferation","GO:0048660","6.092892310529876e-36","35.21517649779149","140","1691","68","21017","TLR4,EREG,KLF4,EGFR,PDGFB,TGFB1,TNF,IFNG,APOE,ANG,SOD2,IGF1,APOD,ITGB3,IL6,EDN1,JUN,THBS1,ELANE,SERPINF2,FGF2,TPM1,HMOX1,TGFB3,BMP4,SRC,XRCC5,CCL5,GJA1,IGFBP3,NF1,TNFAIP3,IL10,NPPC,IGFBP5,PIK3R1,HTR1B,IL12A,IL12B,NOS3,AKT1,CTNNB1,IL13,PHB,PTGS2,BMPR1A,PPARG,STAT1,CDKN1B,IRAK1,AIF1,PTEN,CX3CL1,PRKDC,ID2,MEF2C,HDAC1,BMPR2,PRKG1,NPY5R,ADIPOQ,TRIB1,GPER1,TCF7L2,CTNNBIP1,PPARGC1A,ADAMTS1,NDRG4"
"GO:BP","peptidyl-tyrosine phosphorylation","GO:0018108","6.117280334791995e-36","35.21344161676171","258","1691","93","21017","NRP1,GREM1,SOCS5,ABL1,EGFR,SPINK1,PDGFB,EGF,TGFB1,TNF,IFNG,EPO,PDGFA,CSF2,PRNP,HRG,CD74,ERBB2,TP53,IGF1,ITGB3,IL4,IL6,LCK,LYN,PTPRC,KIT,SRC,CCL5,OSM,MIF,LIF,VEGFA,PDGFRA,FER,CD36,PTPN2,IL11,KITLG,EPHA1,FGFR3,HTR2A,PTPN6,IL12A,IL12B,PPP2R1A,IL13,NF2,LEP,MTOR,JAK3,RAP2B,PPP2CA,DLG4,PRKCE,NRG1,PTK2,PRKCD,PTPN11,BTK,TNK2,DMTN,HYAL2,PTPRJ,IL24,UNC119,DYRK1A,PTK2B,HES1,ANGPT1,ADIPOQ,PKDCC,IL23R,IFNL1,SFRP1,BANK1,LILRB4,IL31RA,PIBF1,HDAC2,SEMA4D,TNFRSF14,SFRP2,SRCIN1,LACRT,ADNP,IL21,IL23A,SAMSN1,TNFSF18,ANGPT4,PTPN22,RAP2C"
"GO:BP","negative regulation of epithelial cell proliferation","GO:0050680","6.564779841172e-36","35.1827798339869","136","1691","67","21017","KRIT1,OVOL1,CASK,EREG,SNAI2,TGFB1,PRL,TNF,APOE,APOH,RB1,THBS1,BMP4,CCL2,CEACAM1,DRD2,ENG,NF1,MCC,PTPRM,IL12A,IL12B,SERPINF1,ACVRL1,PPARG,WNT5A,STAT1,CDKN1B,NOTCH1,SOX9,BRCA2,GPC3,SLURP1,SYNJ2BP,B2M,TGFB2,DAB2,PPARD,MEF2C,DLG1,STK4,STK3,PTPRK,RGN,STK11,DAB2IP,CDC73,VASH1,NLRC3,SULF1,SFRP1,FLCN,MARVELD3,EAF2,SFRP2,CPB2,PHB2,NKX3-1,TINF2,SAV1,RGCC,MMRN2,DLL4,GHRL,GDF2,MAGED1,ROBO1"
"GO:BP","negative regulation of monoatomic ion transmembrane transport","GO:0034766","7.146996039482765e-36","35.14587645856362","84","1691","53","21017","SLN,GNB5,CASQ2,CLIC2,OXSR1,TGFB1,EPO,ADRA2A,BCL2,DRD2,KCNE1,PPP3CB,DRD4,KEL,PLN,GSTM2,NOS1,SRI,NTSR1,ACTN2,NEDD4,SLC6A9,TMBIM6,CAV3,SLC26A5,SUMO1,FKBP1B,GSTO1,HAMP,PRKCE,ATP7A,FMR1,PPP3CA,KCNH2,ANK3,TRDN,CAMK2D,PKD2,KCNAB1,CBARP,KCNRG,COMMD1,OSR1,NEDD4L,CRBN,GPR35,GOPC,TLR9,STK39,KCNE5,UBQLN1,CAB39,SLC30A1"
"GO:BP","positive regulation of organelle organization","GO:0010638","9.718293641822555e-36","35.012409982707","481","1691","131","21017","SDCBP,CCL21,ITGB1BP1,NRP1,EREG,AURKA,SYNJ1,BCL2L11,PARK2,NBN,ROCK2,VPS4B,TNKS,BMP10,BAG4,WNT11,ABL1,PDGFB,EGF,INS,TNF,IL1B,APOA1,ANXA1,CSF2,TP53,IGF1,EDN1,RB1,ADRB2,DCN,ERCC1,SERPINF2,TPM1,HNRNPA1,HSPA1A,TGFB3,MAPT,TPR,SRC,XRCC5,EDN3,TRIM27,BRAF,ALOX15,PPP3CB,FER,NPR2,SYT1,EPHA1,MSX1,PML,GCH1,SDC4,CCR7,PFN2,CTNNB1,NF2,DRD3,MSX2,ACTN2,ARL2,SNCA,WNT5A,MTOR,HTT,MAPK9,CDKN1B,MAP1B,GSK3A,GSK3B,PLXNA3,HAP1,TERF1,F2RL1,CAV3,WNT4,ARF6,UBE2B,CX3CL1,SMAD3,PRKCE,PLAUR,BAX,DLG1,PAK1,ATM,SEMA5A,HNRNPD,DOC2A,DOC2B,DCTN1,PTK2B,ESPL1,RAB3GAP1,CDK5R1,PRKD1,TERF2,AMOT,PSRC1,LRSAM1,CLASP1,STRA8,SYT9,SFRP1,PIWIL2,PROX1,RAD50,BAD,MUL1,ACD,VPS35,BBS4,GPER1,P2RX7,TINF2,FUZ,MCOLN1,TNKS2,RGCC,PLCB1,TERF2IP,RTEL1,PPARGC1A,EVL,MAGEL2,PYCARD,BOK,G3BP2,DMRT1,MAD1L1"
"GO:BP","negative regulation of apoptotic signaling pathway","GO:2001234","1.163018565081049e-35","34.93441335264223","234","1691","88","21017","FZD9,DDX3X,NRP1,SNAI2,PARK2,KDM1A,NOL3,NDUFS3,PSMD10,WFS1,SNAI1,INS,TNF,IL1B,EPO,COL2A1,FGA,FGB,FGG,PF4,CSF2,SOD2,CD74,IGF1,IL4,SERPINE1,SLC25A5,ICAM1,RB1,ENO1,ITGAV,GPX1,THBS1,GSTP1,HMOX1,HSPA1A,BCL2,BMP4,SRC,MIF,ATF4,TNFAIP3,BMP5,IL10,NOS3,DNAJA1,AKT1,PRDX2,CTNNA1,CTNNB1,PTGS2,GDNF,HTT,CXCL12,CX3CR1,GSK3B,TMBIM6,CDKN2D,WNT4,RACK1,CSNK2A1,CX3CL1,NRG1,PLAUR,BAX,BCL2L1,TRIM32,MAP2K5,MAPK7,NOG,HDAC1,PEA15,NONO,NFE2L2,HIF1A,LRRK2,CCAR2,SLC35F6,TMBIM1,SIRT1,SFRP2,PARK7,ING2,TCF7L2,NDUFA13,BOK,FZD1,FBXO7"
"GO:BP","regulation of small molecule metabolic process","GO:0062012","1.1673399832900762e-35","34.93280263893058","314","1691","103","21017","OGT,CYP27B1,SNAI2,PARK2,NCOR1,SNAI1,SOD1,INS,TNF,IFNG,IL1B,APOA1,APOE,APOC1,APOC2,ANXA1,CD74,TP53,IGF1,IL4,ENO1,FABP1,FBP1,PARP1,KIT,SRC,CEACAM1,CREB1,PRKACA,PTPN2,IGFBP3,EGR1,NFKB1,NR1D1,CNR1,BMP5,HTR2A,NOS3,NTSR1,AKT1,CDA,PTGS2,IRS1,ARL2,SREBF1,PPARG,SNCA,STAT3,LEP,MTOR,P2RY1,SOX9,STAR,GSK3A,CPT1A,RORC,PRKAA2,NR1H2,HDAC4,WNT4,SIK1,SESN2,PPP2CA,DAB2,PRKCE,PPARD,PPARA,EP300,SREBF2,REST,PRKAA1,NR1H3,PRKG1,RGN,NCOA2,TWIST1,STK11,ADIPOQ,CRY1,HIF1A,MIDN,PID1,FLCN,PIBF1,DYRK2,PROX1,KAT2B,BAD,USP7,ADIPOR1,SIRT1,NR1H4,PARK7,GPER1,P2RX7,GFI1,C1QTNF1,C1QTNF3,TCF7L2,PPARGC1A,FOXA2,IRS2,SIRT4"
"GO:BP","negative regulation of nervous system development","GO:0051961","1.2155641601757453e-35","34.91522211318848","154","1691","71","21017","WNT7A,NRP1,SEMA3E,SEMA7A,SEMA3D,NTN1,SEMA4F,F2,TGFB1,TNF,IL1B,THY1,TP53,IL6,RB1,SPP1,BMP7,NR1D1,PTN,NF1,GATA2,MT3,GDI1,CTNNA1,CTNNB1,NF2,DRD3,SOX11,BMPR1A,WNT5A,DCC,NOTCH1,ID4,PLXNA3,WNT3,WNT3A,PTEN,B2M,ARHGAP4,CDK5,PPP3CA,ABCC8,REST,SEMA3B,NOG,SEMA3F,SEMA5A,HES1,ULK2,SPG20,DRAXIN,SEMA6D,PROX1,SEMA4D,TRIM11,CERS2,SEMA3C,RTN4R,SEMA4C,BCL11A,SYT4,SEMA6A,SEMA4A,SEMA6C,SEMA6B,SEMA4B,RTN4,SEMA3G,SEMA4G,SEMA5B,RNF6"
"GO:BP","peptidyl-tyrosine modification","GO:0018212","1.2510709312499384e-35","34.902718066663766","260","1691","93","21017","NRP1,GREM1,SOCS5,ABL1,EGFR,SPINK1,PDGFB,EGF,TGFB1,TNF,IFNG,EPO,PDGFA,CSF2,PRNP,HRG,CD74,ERBB2,TP53,IGF1,ITGB3,IL4,IL6,LCK,LYN,PTPRC,KIT,SRC,CCL5,OSM,MIF,LIF,VEGFA,PDGFRA,FER,CD36,PTPN2,IL11,KITLG,EPHA1,FGFR3,HTR2A,PTPN6,IL12A,IL12B,PPP2R1A,IL13,NF2,LEP,MTOR,JAK3,RAP2B,PPP2CA,DLG4,PRKCE,NRG1,PTK2,PRKCD,PTPN11,BTK,TNK2,DMTN,HYAL2,PTPRJ,IL24,UNC119,DYRK1A,PTK2B,HES1,ANGPT1,ADIPOQ,PKDCC,IL23R,IFNL1,SFRP1,BANK1,LILRB4,IL31RA,PIBF1,HDAC2,SEMA4D,TNFRSF14,SFRP2,SRCIN1,LACRT,ADNP,IL21,IL23A,SAMSN1,TNFSF18,ANGPT4,PTPN22,RAP2C"
"GO:BP","regulation of insulin secretion","GO:0050796","1.393834284243319e-35","34.855788857311765","172","1691","75","21017","SYT7,PARK2,BAIAP3,F2,TNF,IFNG,IL1B,RBP4,IL6,PRKCB,CRH,ADRA2A,INHBB,PRKAR1A,CHGA,CCL5,DRD2,PPP3CB,PRKACA,PFKL,NR1D1,TRH,CNR1,CD38,GNA11,SRI,NOS2,IRS1,SREBF1,LEP,HNF4A,NOV,MTNR1B,CPT1A,F2RL1,UCP2,SNAP25,VSNL1,FKBP1B,ABAT,PRKCE,PTPN11,SOX4,PPP3CA,ABCC8,REST,TARDBP,DOC2B,ITPR1,KCNJ11,KCNB1,GPR68,CARTPT,STX1A,HIF1A,HADH,MIDN,BMP8A,PIM3,NDUFAF2,SFRP1,JAGN1,ACVR1C,BAD,SYTL4,NR1H4,GPER1,ENY2,PLCB1,TCF7L2,GHRL,FOXA2,STXBP5L,IRS2,SIRT4"
"GO:BP","negative regulation of T cell proliferation","GO:0042130","1.4690013766139716e-35","34.832977797228416","72","1691","49","21017","LGALS9,PDE5A,CRTAM,TGFB1,IL2RA,PRNP,ERBB2,PRKAR1A,SCGB1A1,BMP4,HLA-E,IDO1,SPN,CEBPB,HLA-G,CR1,IL10,PTPN6,SDC4,SFTPD,CASP3,CDKN2A,XCL1,DLG1,SCRIB,LRRC32,IHH,GPNMB,SHH,RC3H1,CLEC4G,IL20RB,VTCN1,LILRB2,LILRB4,HAVCR2,BTN2A2,FOXJ1,TNFRSF14,PELI1,PAWR,TSPAN32,NDFIP1,PLA2G2F,FOXP3,CD274,PLA2G2D,VSIG4,MAD1L1"
"GO:BP","cell-substrate adhesion","GO:0031589","3.645785498057534e-35","34.43820888690166","352","1691","109","21017","CCL21,ITGB1BP1,NRP1,CASK,SEMA3E,CCL25,BCL2L11,GREM1,LPXN,ROCK2,ABL1,PLG,PDGFB,COL3A1,APOA1,FGA,FGB,FGG,FN1,HRG,THY1,APOD,ITGB3,SERPINE1,ITGAV,THBS1,CD63,PKHD1,TACSTD2,BCL2,BCR,DMD,SRC,MYF5,BRAF,HTN1,VEGFA,ALOX15,FER,CD36,VCL,NF1,EPHA1,FBLN1,PIK3R1,CD34,AXL,CORO1A,HOXA7,SDC4,CCR7,GBP1,CTNNB1,NF2,ACTN2,ARL2,ACVRL1,CD96,BCL6,CDKN2A,NOTCH1,GSK3B,MMP14,DUSP3,EMP2,WNT4,PTEN,CX3CL1,SMAD3,DAB2,PKD1,CDK5,PRKCE,PPARD,PTK2,TYRO3,C1QBP,DMTN,MERTK,PTPRJ,FOXF1,STK4,PPFIA1,ILK,ADAM15,GPM6B,PTK2B,GAS6,PTPRK,ANGPT1,TRIP6,VAMP3,AP1AR,UNC13D,CLASP1,PHLDB2,LDB1,SFRP1,HAS2,EDA,DLC1,CIB1,PKP2,SRCIN1,CCL28,RCC2,ADAMTS9,FZD4,CORO1C"
"GO:BP","Wnt signaling pathway","GO:0016055","6.038582242405393e-35","34.21906501445424","457","1691","126","21017","FZD9,DDX3X,WNT7A,DVL1,TAX1BP3,KLF4,FOXO3,SNAI2,PARK2,ZEB2,FZD6,SNX3,GREM1,MITF,VPS4B,PPM1B,ATP6AP2,TNKS,SNAI1,RECK,APC2,WNT11,ABL1,EGFR,EGF,TGFB1,APOE,EDN1,FGF2,SRC,DRD2,EGR1,NFKB1,RAB5A,TNFAIP3,CDH3,MCC,EDNRB,CCNE1,PPP2R1A,CTNNB1,HNF1B,PPM1A,WNT5A,NOTCH1,SOX9,GSK3A,GSK3B,EMD,SMARCA4,GPC3,PRKAA2,WNT3,WNT3A,WNT4,PTEN,PPP1CA,UBE2B,RACK1,PPP2CA,CSNK2A1,SMAD3,DAB2,PKD1,ROR2,SOX4,LRP1,STK4,PRKAA1,STK3,NOG,GRB10,ILK,PIN1,HDAC1,PKD2,SEMA5A,SHH,STK11,LRRK2,SFRP5,DAB2IP,NXN,SFRP4,JADE1,CAPRIN2,CDC73,CTR9,NRARP,LDB1,SULF1,CCAR2,PIAS4,SFRP1,PAF1,DRAXIN,UBAC2,LEO1,PTPRU,EDA,NKD1,DACT3,SFRP2,VPS35,CRBN,MDFI,CITED1,LZTS2,FUZ,LGR4,WWTR1,ARL6,TNKS2,ADNP,WNK1,SOX17,TCF7L2,CYLD,CTNNBIP1,MDFIC,MAD2L2,FBXW11,FZD4,FZD1,BTRC,AXIN2"
"GO:BP","tissue remodeling","GO:0048771","7.094606298766965e-35","34.149071699856556","180","1691","76","21017","TNFRSF11B,SYT7,GREM1,NOL3,MITF,ROCK2,EGFR,PLG,TIMP1,TGFB1,FSHB,HRG,TP53,ITGB3,IL6,ADRB2,SPP1,IAPP,BCR,SRC,CEACAM1,LIF,GJA1,TPH1,NFKB1,NPR2,PTN,NF1,TNFAIP3,NPPC,FSHR,IGFBP5,F2R,HTR1B,CD38,IL12B,NOS3,PML,AXL,CTNNB1,TIE1,ACVRL1,PPARG,LEP,CSK,CCR2,MMP14,RAB7A,CLDN18,HAMP,ATP7A,MEF2C,BAX,PPP3CA,BMPR2,PTK2B,IHH,GPNMB,CARTPT,HIF1A,SFRP1,ZNF675,UBASH3B,P3H4,INPP5D,TMBIM1,P2RX7,SEMA3C,LGR4,DCSTAMP,IL21,IL23A,DLL4,CHD7,GPR55,TNFRSF11A"
"GO:BP","regulation of viral life cycle","GO:1903900","1.0036826244393171e-34","33.99840359420772","145","1691","68","21017","LGALS9,DDX3X,FCN1,TRIM38,PLSCR1,SNX3,FCN3,TNF,IFNA2,IFNB1,APCS,LTF,SLPI,CD74,ISG15,HMGB1,IFIT1,BCL2,TOP2A,CCL5,TRIM21,EIF2AK2,MX1,AXL,APOBEC3A,NOTCH1,HMGA2,ADARB1,IFITM2,TOP2B,RNASEL,TYRO3,FMR1,BST2,TRIM26,ILF3,TRIM28,TRIM25,TNIP1,TARBP2,OASL,IFI16,APOBEC3H,CLEC4G,ZC3HAV1,MAVS,APOBEC3F,TRIM59,IFNL3,LRRC15,RSAD2,NECTIN2,PROX1,APOBEC3D,ISG20,TRIM11,FAM111A,SRPK1,INPP5K,TRIM62,TRIM8,TRIM31,TRIM15,TRIM5,APOBEC3G,APOBEC3C,TRIM10,MID2"
"GO:BP","regulation of intracellular transport","GO:0032386","1.046356788654371e-34","33.980320203687675","266","1691","93","21017","IPO5,RAB29,HDAC3,PARK2,SNX3,RAB11FIP3,OAZ2,SNAPIN,TGFB1,IFNG,IL1B,CRYAA,CRYAB,APOD,MRLN,TXN,LAMP1,TPR,BMP4,SRC,EZR,CD36,PRKACA,NF1,SP100,PLN,PIK3R1,NF2,RDX,PTGS2,ACTN2,PPM1A,PPP1CC,LEP,CDKN2A,RANGAP1,MAP1B,NEDD4,GSK3B,EMD,HAP1,OAZ1,UBE2G2,PKIA,VAMP2,SUMO1,SMAD3,DAB2,CDK5,PRKCD,PTPN11,DHX9,EP300,HYAL2,TARDBP,TRIM28,OS9,MTMR2,GAS6,PRKD1,ANGPT1,SHH,STK11,ADIPOQ,ZC3H12A,LRRK2,YOD1,MAVS,WWC1,UBAC2,SVIP,USP7,ERLEC1,DERL3,VPS35,PARK7,CHP1,BARD1,RBM4,DERL2,PTPN23,WNK1,CABP1,MDFIC,RAB23,NDRG4,SUFU,OAZ3,SNX12,PKIG,PTPN22,UBE2J1,CHMP3"
"GO:BP","regulation of proteolysis","GO:0030162","1.2734717531692703e-34","33.89501068366367","435","1691","122","21017","CLDN4,DVL1,AIM2,AURKA,SMAD7,OGT,SPOP,PARK2,CCDC22,ROCK2,SOCS5,PSMD10,WFS1,UFL1,IL33,RECK,F2,F12,TIMP1,EGF,INS,TNF,IFNG,IL1B,APOE,LTF,KLKB1,PRNP,SEMG1,TP53,SERPINE1,PRKCG,CSN2,ENO1,SERPINE2,GPX1,LYN,THBS1,HSP90AB1,SERPINF2,ADRA2A,CTSH,HSPA1A,SRC,PRKACA,CR1,CAPN3,IL10,PRKACB,IL1R2,PML,AKT1,STAT3,CDKN2A,MAPK9,BAG6,SERPINB4,GSK3A,GSK3B,MMP14,SERPINB9,PLK1,NR1H2,CAV3,PTEN,SUMO1,RACK1,CSNK2A1,DAB2,PKD1,CDK5,SEMG2,PLAUR,PTK2,FMR1,LRP1,TRIM32,TRAF3,NR1H3,FADD,PICALM,HDAC1,KEAP1,PTK2B,AGER,RPS6KA2,SHH,RGN,NFE2L2,IFI16,HFE,LRRK2,DAB2IP,USP17L2,BBS7,CCAR2,SVBP,COMMD1,SNX33,HDAC2,BAD,USP13,USP7,RHBDF1,CPB2,TRIB1,PARK7,LGMN,TIMP4,SPOCK3,SPINK5,NDUFA13,UBQLN2,FBXW11,PACSIN3,PYCARD,UBQLN1,SUFU,SNX12,BTRC,AXIN2,SIRT4"
"GO:BP","defense response to virus","GO:0051607","1.5215414113150111e-34","33.81771622308836","311","1691","101","21017","ACOD1,TRIM38,AIM2,PLSCR1,TLR3,TRIM13,FCN3,PPM1B,IL33,TNF,IFNA2,IFNB1,IFNG,IL1B,CXCL10,IL4,ISG15,IL6,PTPRC,NMB,IFIT1,BCL2,IRF1,MBL2,TRIM27,SPN,TRIM21,EIF2AK2,AZU1,MX1,TNFAIP3,IL12B,PML,APOBEC3A,GBP1,PHB,OPRK1,STAT1,F2RL1,NLRP6,DEFA3,ADARB1,IFITM2,RNASEL,C1QBP,CXCL9,BCL2L1,DHX9,BST2,HYAL2,TRIM26,ILF3,TRIM32,TRAF3,FADD,TRIM28,TRIM25,TARBP2,OASL,IFI16,MICB,ZC3H12A,IL23R,APOBEC3H,USP17L2,UNC13D,ZC3HAV1,MAVS,NLRC5,IFNL1,TICAM1,APOBEC3F,IFNL3,TRAF3IP1,RSAD2,MUL1,APOBEC3D,ISG20,DHX58,TRIM11,NLRP3,TSPAN32,PHB2,LYST,VAMP8,TRIM8,FOXP3,TRIM31,TRIM15,TRIM5,IL21,APOBEC3G,BPIFA1,IL23A,TLR9,APOBEC3C,EIF2AK4,MID2,PYCARD,PTPN22,CHMP3"
"GO:BP","regulation of pattern recognition receptor signaling pathway","GO:0062207","1.623050707260803e-34","33.78966791175753","159","1691","71","21017","ACOD1,TLR4,DDX3X,PDPK1,TSPAN6,LTF,ESR1,LYN,HMGB1,PARP1,HSPA1A,NLRP2B,IRF1,SRC,CD36,LBP,EIF2AK2,NR1D1,TNFAIP3,PIK3R1,AKT1,ARRB2,MAPK8,F2RL1,TIRAP,NLRP6,PPP2CA,PRKDC,BTK,TYRO3,C1QBP,TRIM32,NR1H3,GPS2,SQSTM1,PRKD1,IRF4,TARBP2,OASL,TKFC,PYDC2,DAB2IP,USP17L2,SARM1,NLRC3,ZC3HAV1,MAVS,NLRX1,TAX1BP1,TICAM2,CD300LF,CACTIN,RSAD2,SMPDL3B,SEC14L1,RAB7B,DHX58,TRIM11,PELI1,ERBIN,GFI1,LGR4,TRIM31,TRIM15,RTN4,TLR9,NFKBIL1,CD300A,UBQLN1,PTPN22,IRAK3"
"GO:BP","regulation of membrane potential","GO:0042391","3.6363505893421643e-34","33.43933425205165","433","1691","121","21017","FZD9,WWP2,WNT7A,DVL1,UNC13B,CASQ2,SMAD7,NPFF,HCRT,PARK2,TUSC2,DGKI,ARL6IP5,KCNK2,SOD1,ABL1,TNF,ALB,SOD2,EDN1,ADRB2,DCN,ADRB1,PARP1,NPS,BCL2,MAPT,DMD,SRC,DRD2,KCNE1,KCNA2,ATP2A2,CD36,GJA1,CHRNB2,GABRB1,NPR2,CNR1,DRD1,DRD4,PLN,ADORA2A,GNA11,PRDX3,ADORA1,SRI,CHRNB4,NTSR1,SLC6A4,AKT1,ARRB2,CHRNA3,SLC8A1,CNR2,ACTN2,SNCA,MTOR,NEDD4,MTNR1B,GSK3A,GSK3B,UCP2,CAV3,SLC26A5,PTEN,STX1B,FGF12,SUMO1,RACK1,FKBP1B,GABRE,ASIC1,DLG4,ABAT,CDK5,ANK2,MEF2C,FMR1,BAX,BCL2L1,PPP3CA,KCNH2,ANK3,DLG1,AKAP6,TRDN,CAMK2D,MTMR2,PTK2B,KCNJ11,KCNB1,RAB3GAP1,GRIK5,NTRK2,STX1A,LRRK2,CRTC1,PID1,RIMS1,KCNMB4,SPG20,NLGN1,TRPV1,RYR2,BAD,MUL1,NEDD4L,PARK7,GPER1,P2RX7,TBX5,PKP2,RIMS4,GPR35,GHRL,KCNE5,RIMS3,NRXN1,ZMYND8,BOK"
"GO:BP","regulation of wound healing","GO:0061041","4.900795133519338e-34","33.30973345179092","131","1691","64","21017","CLDN4,CASK,F2,PLG,F12,HRAS,PDGFB,TNF,APOE,FGA,FGB,FGG,APCS,APOH,KLKB1,PROC,ANXA1,PDGFA,HRG,KRT1,SERPINB2,SERPINE1,SERPING1,EDN1,SERPINE2,THBD,PROS1,THBS1,SERPINF2,F7,ADRA2A,FGF2,CEACAM1,HTN1,PDGFRA,CD36,TSPAN8,TNFAIP3,F2R,NOS3,PRDX2,MTOR,F2RL1,WNT4,PTEN,SMAD3,PRKCE,PLAUR,PTK2,PRKCD,DMTN,PRKG1,NFE2L2,CLASP1,PHLDB2,ADAMTS18,UBASH3B,CPB2,C1QTNF1,WFDC1,DUOX2,DUOX1,FOXA2,ARFGEF1"
"GO:BP","positive regulation of hemopoiesis","GO:1903708","4.900795133519338e-34","33.30973345179092","189","1691","77","21017","LGALS9,AP3B1,FOXO3,SOCS5,RASGRP1,ADA,TGFB1,TNF,IFNG,IL2RA,PF4,ANXA1,CD74,IL4,RB1,PTPRC,HMGB1,RARA,LIF,CD46,CREB1,IL7R,HLA-G,CR1,KITLG,IL10,TNFSF4,IL4R,CD27,ITPKB,IL12B,AXL,TGFBR2,BCL6,CD86,MMP14,SMARCA2,SMARCA4,STAT5B,PRKDC,ROR2,ID2,ZBTB16,BTK,EGR3,SOX4,ZFP36L1,PPP3CA,KLF10,FADD,GAS6,IHH,HLX,AGER,SHB,SHH,RHOH,GPR68,PIK3R6,IL23R,ARID2,ZBTB46,LILRB2,LILRB4,NFKBID,BTN2A2,INPP5D,BAD,NLRP3,TRIB1,CCL19,FOXP3,DCSTAMP,IL23A,CYLD,CTNNBIP1,TNFRSF11A"
"GO:BP","organelle fission","GO:0048285","4.900795133519338e-34","33.30973345179092","498","1691","131","21017","MEIKIN,SYCE3,HFM1,MEIOC,EME2,SYCE1L,RNF212B,AP3B1,EREG,AURKA,RAD51B,MSH4,RAD51C,BCL2L11,XRCC3,PARK2,VPS4B,RAD51D,SUN1,REC8,PTTG1,CCNE2,PDGFB,EGF,TGFB1,INS,TNF,IL1B,IGF1,EDN1,RB1,DCN,WEE2,HSPA1A,MAPT,TOP2A,TPR,BMP4,EDN3,LIF,BMP7,NPR2,CCNE1,MSX1,PPP2R1A,CDC25B,TTK,DRD3,MSX2,PPARG,WNT5A,BAG6,CDKN1B,BRCA2,PLK1,TERF1,HSPA2,UCP2,WNT4,PTEN,UBE2B,HNRNPU,TOP2B,CENPC,RAD51,ATM,PIN1,DCTN2,DMC1,ESPL1,RPS6KA2,SYCP1,TRIP13,MAJIN,RNF212,FBXO43,BRDT,LRRK2,MEI1,PSRC1,SYCE2,CLASP1,STRA8,HORMAD1,FANCM,TEX11,SYCP3,SYCE1,MEIOB,CNTD1,TERB1,ANKLE1,SPATA22,M1AP,PIWIL2,PIBF1,P3H4,KAT2B,RAD50,ERCC4,MUL1,EME1,MAEL,MUS81,VPS35,PPP1R9B,PHB2,KLHDC3,NDC1,SYCP2,BRIP1,TEX15,TEX12,FANCD2,ING2,RGCC,AGO4,CCNB1IP1,PLCB1,PTTG2,MLH3,MAD2L2,FBXO5,CORO1C,PSMD13,CHMP3,CTDP1,SPO11,DMRT1,RAD54B,MAD1L1"
"GO:BP","positive regulation of leukocyte differentiation","GO:1902107","4.900795133519338e-34","33.30973345179092","189","1691","77","21017","LGALS9,AP3B1,FOXO3,SOCS5,RASGRP1,ADA,TGFB1,TNF,IFNG,IL2RA,PF4,ANXA1,CD74,IL4,RB1,PTPRC,HMGB1,RARA,LIF,CD46,CREB1,IL7R,HLA-G,CR1,KITLG,IL10,TNFSF4,IL4R,CD27,ITPKB,IL12B,AXL,TGFBR2,BCL6,CD86,MMP14,SMARCA2,SMARCA4,STAT5B,PRKDC,ROR2,ID2,ZBTB16,BTK,EGR3,SOX4,ZFP36L1,PPP3CA,KLF10,FADD,GAS6,IHH,HLX,AGER,SHB,SHH,RHOH,GPR68,PIK3R6,IL23R,ARID2,ZBTB46,LILRB2,LILRB4,NFKBID,BTN2A2,INPP5D,BAD,NLRP3,TRIB1,CCL19,FOXP3,DCSTAMP,IL23A,CYLD,CTNNBIP1,TNFRSF11A"
"GO:BP","cytokine production involved in immune response","GO:0002367","5.4125858120785675e-34","33.26659520520361","119","1691","61","21017","TLR4,SMAD7,TLR3,SEMA7A,BCL10,TGFB1,TNF,IFNA2,IFNB1,IL1B,APOA1,APOA2,CD74,IL4,IL6,CD55,TGFB3,KIT,HLA-E,MIF,CD36,HLA-G,IL10,TNFSF4,AXL,CD96,BCL6,WNT5A,CCR2,XCL1,JAK3,F2RL1,B2M,TGFB2,BTK,BST2,SLAMF1,ANGPT1,TWIST1,HFE,RAET1G,SCIMP,MAVS,NLRX1,TICAM2,TICAM1,LILRB4,RSAD2,TNFRSF14,SIRT1,NLRP3,P2RX7,LITAF,FOXP3,CUEDC2,RTN4,TLR9,RABGEF1,PYCARD,UBE2J1,IRAK3"
"GO:BP","regulation of cytokine production involved in immune response","GO:0002718","5.4125858120785675e-34","33.26659520520361","119","1691","61","21017","TLR4,SMAD7,TLR3,SEMA7A,BCL10,TGFB1,TNF,IFNA2,IFNB1,IL1B,APOA1,APOA2,CD74,IL4,IL6,CD55,TGFB3,KIT,HLA-E,MIF,CD36,HLA-G,IL10,TNFSF4,AXL,CD96,BCL6,WNT5A,CCR2,XCL1,JAK3,F2RL1,B2M,TGFB2,BTK,BST2,SLAMF1,ANGPT1,TWIST1,HFE,RAET1G,SCIMP,MAVS,NLRX1,TICAM2,TICAM1,LILRB4,RSAD2,TNFRSF14,SIRT1,NLRP3,P2RX7,LITAF,FOXP3,CUEDC2,RTN4,TLR9,RABGEF1,PYCARD,UBE2J1,IRAK3"
"GO:BP","positive regulation of phosphatidylinositol 3-kinase/protein kinase B signal transduction","GO:0051897","5.97309901226125e-34","33.223800286170004","180","1691","75","21017","CCL21,ITGB1BP1,SEMA3E,PDPK1,BAG4,EGFR,F2,PDGFB,EGF,TGFB1,INS,TNF,FN1,CAT,PDGFA,IGF1,GPX1,DCN,THBS1,FGF2,CCL3,TXN,KIT,SRC,CCL5,OSM,CD19,VEGFA,PDGFRA,FER,ENG,ERBB3,FGFR3,FSHR,IGFBP5,F2R,PTPN6,AXL,ARRB2,CCR7,PHB,IRS1,LEP,MTOR,NEDD4,SOX9,CX3CR1,F2RL1,TGFB2,CX3CL1,ROR2,PPARD,PTK2,C1QBP,PTPRJ,STK3,SEMA5A,PTK2B,GAS6,PRKD1,ANGPT1,NTRK3,NTRK2,SEMA4D,SIRT1,PARK7,GPER1,CCL19,NKX3-1,C1QTNF1,OSBPL8,TCF7L2,RTN4,NRXN1,IRS2"
"GO:BP","negative regulation of cation transmembrane transport","GO:1904063","7.542000659210231e-34","33.122513433970795","76","1691","49","21017","SLN,GNB5,CASQ2,CLIC2,OXSR1,TGFB1,EPO,ADRA2A,BCL2,DRD2,KCNE1,PPP3CB,DRD4,KEL,PLN,GSTM2,NOS1,SRI,NTSR1,ACTN2,NEDD4,TMBIM6,CAV3,SUMO1,FKBP1B,GSTO1,HAMP,PRKCE,ATP7A,FMR1,PPP3CA,KCNH2,ANK3,TRDN,CAMK2D,PKD2,KCNAB1,CBARP,KCNRG,COMMD1,OSR1,NEDD4L,GPR35,TLR9,STK39,KCNE5,UBQLN1,CAB39,SLC30A1"
"GO:BP","regulation of peptidyl-tyrosine phosphorylation","GO:0050730","9.236014411438462e-34","33.03451539810184","220","1691","83","21017","NRP1,GREM1,SOCS5,ABL1,EGFR,SPINK1,PDGFB,EGF,TGFB1,TNF,IFNG,EPO,PDGFA,CSF2,PRNP,HRG,CD74,TP53,IGF1,ITGB3,IL4,IL6,LYN,PTPRC,KIT,SRC,CCL5,OSM,MIF,LIF,VEGFA,CD36,PTPN2,IL11,KITLG,FGFR3,HTR2A,PTPN6,IL12A,IL12B,PPP2R1A,IL13,NF2,LEP,MTOR,RAP2B,PPP2CA,DLG4,PRKCE,NRG1,PRKCD,PTPN11,TNK2,DMTN,HYAL2,PTPRJ,IL24,UNC119,PTK2B,HES1,ANGPT1,ADIPOQ,IL23R,IFNL1,SFRP1,BANK1,LILRB4,IL31RA,PIBF1,HDAC2,SEMA4D,TNFRSF14,SFRP2,SRCIN1,LACRT,ADNP,IL21,IL23A,SAMSN1,TNFSF18,ANGPT4,PTPN22,RAP2C"
"GO:BP","negative regulation of peptide secretion","GO:0002792","9.280358452761726e-34","33.032435248883516","50","1691","40","21017","KALRN,PARK2,CD74,CRH,ADRA2A,INHBB,CHGA,DRD2,PFKL,CRHBP,IRS1,SREBF1,LEP,NOV,MTNR1B,F2RL1,UCP2,VSNL1,FKBP1B,PTPN11,PPP3CA,ABCC8,REST,KCNJ11,KCNB1,CARTPT,HADH,MIDN,FFAR4,BMP8A,PIM3,NDUFAF2,SFRP1,JAGN1,ACVR1C,SYTL4,ENY2,GHRL,STXBP5L,SIRT4"
"GO:BP","regulation of cell-substrate adhesion","GO:0010810","9.305442471568897e-34","33.031262971443255","215","1691","82","21017","CCL21,ITGB1BP1,NRP1,CASK,SEMA3E,CCL25,GREM1,ROCK2,ABL1,PLG,PDGFB,APOA1,FGA,FGB,FGG,FN1,HRG,THY1,APOD,ITGB3,SERPINE1,THBS1,PKHD1,TACSTD2,BCL2,DMD,SRC,MYF5,BRAF,HTN1,VEGFA,ALOX15,CD36,VCL,NF1,EPHA1,FBLN1,PIK3R1,HOXA7,SDC4,CCR7,GBP1,NF2,ARL2,ACVRL1,BCL6,CDKN2A,NOTCH1,GSK3B,MMP14,DUSP3,EMP2,WNT4,PTEN,CX3CL1,SMAD3,DAB2,PRKCE,PTK2,C1QBP,DMTN,PTPRJ,FOXF1,STK4,ILK,ADAM15,GPM6B,PTK2B,AP1AR,UNC13D,CLASP1,PHLDB2,LDB1,SFRP1,HAS2,DLC1,CIB1,PKP2,CCL28,RCC2,FZD4,CORO1C"
"GO:BP","positive regulation of leukocyte proliferation","GO:0070665","1.1678985812113103e-33","32.93259486915227","163","1691","71","21017","LGALS9,TLR4,ADA,IL1B,EPO,IL2RA,ANXA1,CSF2,CD74,IGF1,IL4,IL6,LYN,CD55,PTPRC,NMB,HMGB1,BCL2,KIT,CCL5,HLA-E,MIF,CD46,SPN,CHRNB2,KITLG,ZP3,TNFSF4,CD38,IL12A,IL12B,CORO1A,IL13,TGFBR2,LEP,BCL6,CCR2,CD86,TNFRSF4,XCL1,STAT5B,AIF1,WNT3A,TIRAP,PTK2,BTK,MEF2C,BCL2L1,PPP3CA,BST2,ZP4,FADD,SLAMF1,HES1,AGER,SHH,IL23R,VTCN1,TICAM1,LILRB2,HAVCR2,PELI1,CCL19,FOXP3,IL21,IL23A,TLR9,CD274,PYCARD,PTPN22,IRS2"
"GO:BP","muscle tissue development","GO:0060537","1.8852813030052924e-33","32.72462383950163","421","1691","118","21017","MEIS1,DLL1,MSTN,SMAD7,TP73,HDAC3,GREM1,FOXH1,KCNK2,BMP10,HAND1,ABL1,TGFB1,COL3A1,RBP4,IGF1,EDN1,RB1,GPX1,FGF2,TPM1,RARA,BCL2,PRKAR1A,MYL2,EGR2,PIM1,G6PD,DMD,COL11A1,BMP4,MYF5,VEGFA,CREB1,PDGFRA,PPP3CB,GJA1,ENG,BMP7,EGR1,WT1,NPR2,NF1,RYR1,ERBB3,BMP5,KEL,IGFBP5,PLN,MSX1,CASQ1,ARRB2,SLC8A1,CTNNB1,MSX2,ACTN2,SOX11,BMPR1A,MTOR,NOTCH1,SOX9,GSK3A,MEOX2,EMD,NAGLU,HDAC4,CAV3,WNT3A,SIK1,FOXL2,TGFB2,FKBP1A,SMAD3,CDK5,HNRNPU,NRG1,ID2,MEF2C,PPARA,PPP3CA,EP300,DLG1,AKAP6,PRKAA1,NOG,PKD2,PRKG1,IHH,KCNJ11,HLX,NR1D2,SHH,TWIST1,MAPK11,ARID2,ZFPM1,LEMD2,FLCN,OSR1,ZFPM2,RYR2,PROX1,TBX5,PRMT1,PKP2,CITED2,SEMA3C,JPH2,EGLN1,SAV1,HEYL,DLL4,CHD7,ADAMTS9,PPARGC1A,NDRG4,CTDP1,TLL2"
"GO:BP","regulation of mononuclear cell migration","GO:0071675","2.041853781771684e-33","32.689975361192964","142","1691","66","21017","LGALS9,WASL,CCL21,MSTN,TNFSF14,CXCL13,GREM1,SLIT2,OXSR1,ABL1,C5,TGFB1,TNF,CXCL10,APOD,ITGB3,IL4,SERPINE1,LYN,THBS1,HMGB1,CCL3,BCR,CYP19A1,CCL4,CCL2,CCL5,MIF,SPN,BMP5,KLRK1,IL12A,CORO1A,AKT1,CCR7,CD200,WNT5A,NBL1,CCR2,XCL1,CXCL12,NOV,CX3CR1,MMP14,AIF1,CX3CL1,PTK2,C1QBP,FADD,SLAMF1,PTK2B,GAS6,AGER,IL27RA,SPNS2,GCSAM,TNFRSF14,LGMN,MMP28,WNK1,PLCB1,RTN4,STK39,STAP1,PYCARD,PADI2"
"GO:BP","regulation of cell killing","GO:0031341","2.9416704573964618e-33","32.531405981013805","106","1691","57","21017","LGALS9,NCR3,SH2D1A,NCR1,RASGRP1,CRTAM,TGFB1,IFNG,IL4,ICAM1,FCER2,CD55,PTPRC,LAMP1,CEACAM1,HLA-E,PVR,VAV1,PPP3CB,IL7R,HLA-G,CR1,LAG3,KLRK1,IL12A,IL12B,ARRB2,IL13,NOS2,LEP,MAPK8,XCL1,SERPINB4,CX3CR1,SERPINB9,STAT5B,F2RL1,B2M,FADD,AGER,MICB,HFE,PIK3R6,IL23R,RAET1L,RAET1G,RAET1E,HAVCR2,NECTIN2,SLAMF6,P2RX7,ULBP3,ULBP2,ULBP1,IL21,IL23A,STAP1"
"GO:BP","regulation of protein serine/threonine kinase activity","GO:0071900","3.324334389907027e-33","32.47829529764748","260","1691","90","21017","TLR4,MEN1,IPO5,DDX3X,PSMD10,CCNK,RASGRP1,CCNE2,ABL1,EGFR,HRAS,PDGFB,EGF,TNF,IFNG,IL1B,APOE,LTF,PDGFA,THY1,ERBB2,EDN1,RB1,ADRB2,LYN,THBS1,HSP90AB1,ELANE,ADRA2A,FGF2,GSTP1,PRKAR1A,SRC,EDN3,VEGFA,NF1,DRD4,ERP29,DNAJA1,AKT1,SLC8A1,PPARG,SNCA,WNT5A,HTR2B,CDKN2A,CDKN2C,HTT,CDKN1B,HMGA2,PLK1,CDKN2D,CAV3,PTEN,PKIA,PPP2CA,S100A12,MAP3K10,PRKCD,HYAL2,PTPRJ,PAK1,MAP2K5,CDK5R1,ADIPOQ,EZH2,NTRK3,LRRK2,PIK3R6,DAB2IP,PSRC1,LAX1,ZNF675,PROX1,SIRT1,CDK5RAP3,TRIB1,CCL19,CIB1,INPP5K,GTPBP4,RGCC,CD300A,NRXN1,PYCARD,PTPN22,CAB39,IRAK3,ROBO1,TNFRSF11A"
"GO:BP","monoamine transport","GO:0015844","3.774878130208189e-33","32.42309706475862","88","1691","52","21017","TOR1A,SLC22A2,SYT7,PARK2,SNCG,ITGB3,PRKCB,CRH,ADRA2A,CHGA,DRD2,KCNA2,CHRNB2,ADRA2B,ADRA2C,RAB3B,CNR1,SYT1,DRD1,DRD4,COMT,HTR1B,HTR2A,ADORA2A,NOS1,OXTR,SLC6A4,DRD3,SNCA,GDNF,OPRK1,P2RY1,CXCL12,ABAT,SLC6A3,GPM6B,KCNB1,CARTPT,SLC18A3,STX1A,SYT6,SYT10,SYT9,SYT12,SYT8,DTNBP1,PARK7,SYT3,SYT15,SYT11,SYT4,HRH3"
"GO:BP","stem cell differentiation","GO:0048863","4.657186312579461e-33","32.3318763875973","245","1691","87","21017","WNT7A,NRP1,SEMA3E,SNAI2,GREM1,SEMA7A,UFL1,SEMA3D,SEMA4F,ABL1,FN1,ESR1,TP53,EDN1,PTPRC,FGF2,TACSTD2,BCL2,KIT,BMP4,XRCC5,OSM,EDN3,LIF,PDGFRA,BMP7,EIF2AK2,PTN,KITLG,EDNRB,ZFP36,MSX1,HOXA7,CTNNB1,MSX2,HNF1B,BMPR1A,TGFBR2,HSPA9,GDNF,STAT3,HTR2B,NOTCH1,SOX9,GSK3B,HMGA2,WNT3,TGFB2,PRKDC,HNRNPU,NRG1,MEF2C,REST,SEMA3B,NOG,SEMA3F,HDAC1,SEMA5A,HES1,SHH,TWIST1,EZH2,NFE2L2,RBBP7,HIF1A,METTL3,SFRP1,SEMA6D,OSR1,HDAC2,SEMA4D,SFRP2,TBX5,CITED2,SEMA3C,SEMA4C,SEMA6A,SEMA4A,SEMA6C,SEMA6B,SOX17,SEMA4B,SEMA3G,SEMA4G,SEMA5B,CORO1C,FZD1"
"GO:BP","mononuclear cell migration","GO:0071674","5.521911668389586e-33","32.25791054486043","235","1691","85","21017","LGALS9,WASL,CCL21,MSTN,CCL25,TNFSF14,CXCL13,GREM1,TRPM2,SLIT2,CRTAM,OXSR1,ABL1,PLG,C5,PDGFB,TGFB1,TNF,CXCL10,ANXA1,APOD,ITGB3,IL4,SERPINE1,IL6,ICAM1,LYN,THBS1,CTSG,HMGB1,CCL3,BCR,CYP19A1,CCL4,CCL2,CCL5,MIF,SPN,AZU1,BMP5,EDNRB,KLRK1,IL12A,CORO1A,AKT1,CCR7,SFTPD,RPS19,CD200,WNT5A,NBL1,CCR2,XCL1,CXCL12,NOV,CX3CR1,MMP14,AIF1,NLRP12,CX3CL1,S100A12,ROR2,PTK2,C1QBP,FADD,SLAMF1,PTK2B,GAS6,AGER,IL27RA,SPNS2,GCSAM,TNFRSF14,LGMN,CCL19,MMP28,WNK1,PLCB1,RTN4,STK39,STAP1,PYCARD,PADI2,F11R,TNFRSF11A"
"GO:BP","regulation of hydrolase activity","GO:0051336","6.211113987414776e-33","32.2068305004355","401","1691","114","21017","CLDN4,ITGB1BP1,GNB5,AIM2,TAX1BP3,PDPK1,CXCL13,ROCK2,RASGRP1,RECK,APC2,WNT11,SOD1,TIMP1,HRAS,IFNG,APOA1,APOA2,APOC1,APOC2,APCS,APOH,LTF,ANG,THY1,SEMG1,SERPINE1,CSN2,LYN,ADRB1,HMGB1,CTSH,HSPA1A,BCR,CCL5,VAV1,CR1,ADCYAP1,NF1,EPHA1,FGFR3,PRTN3,F2R,KLRK1,NOS1,AKT1,RDX,ARL2,SNCA,STAT3,CD200,RANGAP1,SERPINB4,GSK3B,SERPINB9,TERF1,NR1H2,TMBIM6,F2RL1,RAP1A,RACK1,SEMG2,PTK2,PRKCD,MEF2C,LRP1,ABR,PLA2R1,NR1H3,FADD,MAPK7,PICALM,PIN1,HDAC1,IQGAP2,PRKG1,SCRIB,RASA3,RAB3GAP1,AGER,TERF2,EZH2,NTRK3,NTRK2,IFI16,LRRK2,DAB2IP,USP17L2,PROM2,SVBP,SFRP1,ARAP3,SEMA4D,BAD,FOXJ1,SIRT1,CDK5RAP3,PARK7,LGMN,CHP1,CCL19,SPOCK3,RTN4R,EGLN1,WNK1,NDUFA13,SH3BP4,GMIP,RCC2,PLXNB3,CORO1C,PYCARD,CAMK2A,ARFGEF1"
"GO:BP","regulation of transmembrane transporter activity","GO:0022898","6.32577106028148e-33","32.19888652994411","195","1691","77","21017","WWP2,SLN,GNB5,CASQ2,CLIC2,INS,IFNG,EPO,EDN1,CRH,ADRB2,ADRA2A,BCL2,PIM1,DMD,CCL2,DRD2,KCNE1,PRKACA,DRD4,GAL,HRC,CRHBP,PLN,GSTM2,NOS1,SRI,CASQ1,OPRM1,ACTN2,SNCA,CCR2,HTT,NEDD4,SLC6A9,HAP1,CAV3,FGF12,FKBP1A,VAMP2,SUMO1,FKBP1B,DLG4,GSTO1,ANK2,PRKCE,MEF2C,FMR1,ANK3,DLG1,AKAP6,TRDN,CAMK2D,PKD2,PTK2B,KCNAB1,CNIH2,NLGN1,CBARP,KCNRG,OSR1,JPH3,RYR2,NEDD4L,PHB2,CHP1,JPH2,WNK3,GPR35,GOPC,TLR9,STK39,KCNE5,NRXN1,UBQLN1,CAB39,TCAF1"
"GO:BP","chemokine production","GO:0032602","6.992204863872247e-33","32.155385855839064","96","1691","54","21017","LGALS9,TLR4,DDX3X,ALOX15B,TLR3,KLF4,SNAI2,SOCS5,IL33,C5,TGFB1,TNF,IFNG,IL1B,CD74,APOD,IL6,ELANE,GSTP1,HMGB1,HMOX1,MIF,EGR1,LBP,ADCYAP1,EIF2AK2,AZU1,IL10,TNFSF4,IL4R,WNT5A,AIF1,F2RL1,TIRAP,IL1RL1,TRIM32,MAP2K5,AGER,TWIST1,ADIPOQ,HIF1A,MAVS,TICAM2,TICAM1,ZFPM1,LILRB4,HAVCR2,MUL1,NR1H4,ERBIN,C1QTNF3,TLR9,CD84,PYCARD"
"GO:BP","regulation of chemokine production","GO:0032642","6.992204863872247e-33","32.155385855839064","96","1691","54","21017","LGALS9,TLR4,DDX3X,ALOX15B,TLR3,KLF4,SNAI2,SOCS5,IL33,C5,TGFB1,TNF,IFNG,IL1B,CD74,APOD,IL6,ELANE,GSTP1,HMGB1,HMOX1,MIF,EGR1,LBP,ADCYAP1,EIF2AK2,AZU1,IL10,TNFSF4,IL4R,WNT5A,AIF1,F2RL1,TIRAP,IL1RL1,TRIM32,MAP2K5,AGER,TWIST1,ADIPOQ,HIF1A,MAVS,TICAM2,TICAM1,ZFPM1,LILRB4,HAVCR2,MUL1,NR1H4,ERBIN,C1QTNF3,TLR9,CD84,PYCARD"
"GO:BP","alpha-beta T cell activation","GO:0046631","7.643142817494898e-33","32.116728025241606","181","1691","74","21017","LGALS9,AP3B1,MEN1,SMAD7,SOCS5,PRDM1,CRTAM,ABL1,ADA,INS,IFNG,IL2RA,ANXA1,IL4,IL6,CD55,PTPRC,HMGB1,RARA,BCL2,IRF1,HLA-E,BRAF,SPN,TNFSF4,IL4R,ITPKB,ADORA2A,IL12A,IL12B,PTGER4,TGFBR2,STAT3,BCL6,CCR2,CD86,STAT6,MTOR,XCL1,RORC,JAK3,RELB,ATP7A,ZBTB16,GPR18,IHH,HLX,AGER,IRF4,SHB,SHH,HFE,ZC3H12A,RC3H1,IL23R,CLEC4G,ZFPM1,LILRB4,NFKBID,RSAD2,HSPH1,TNFRSF14,SLAMF6,NLRP3,CCL19,NDFIP1,FOXP3,SEMA4A,IL21,IL23A,CD274,CD300A,PLA2G2D,PTPN22"
"GO:BP","response to carbohydrate","GO:0009743","1.036280572026873e-32","31.98452264383205","242","1691","86","21017","UNC13B,OGT,FOXO3,BAIAP3,TGFB1,TNF,IL1B,APOA2,CAT,SOD2,ICAM1,PRKCB,CRH,TH,GPX1,LYN,ERCC1,THBS1,ADRA2A,FBP1,NQO1,PPP3CB,PRKACA,PFKL,EGR1,NR1D1,SRI,PTGS2,HNF1B,SERPINF1,SREBF1,OPRK1,LEP,HNF4A,CASP3,CDKN1B,MAP1B,SMARCA4,MAP2K6,PRKAA2,NAGLU,UCP2,SESN2,VSNL1,VAMP2,RACK1,FKBP1B,SMAD3,PRKCE,SOX4,ZFP36L1,PPARA,PPP3CA,ABCC8,PRKAA1,EIF2B5,PTK2B,GAS6,KCNJ11,KCNB1,AGER,RPS6KA2,GPR68,ADIPOQ,HIF1A,PTPRN,SARM1,PIM3,NDUFAF2,JAGN1,ACVR1C,PTPRN2,BAD,CPB2,NR1H4,GPER1,RBM4,RAB11FIP5,ADNP,ENY2,PLCB1,TCF7L2,GHRL,EIF2B4,FOXA2,IRS2"
"GO:BP","nuclear division","GO:0000280","2.1004431980204886e-32","31.677689058529616","450","1691","121","21017","MEIKIN,SYCE3,HFM1,MEIOC,EME2,SYCE1L,RNF212B,EREG,AURKA,RAD51B,MSH4,RAD51C,BCL2L11,XRCC3,VPS4B,RAD51D,SUN1,REC8,PTTG1,CCNE2,PDGFB,EGF,TGFB1,INS,TNF,IL1B,IGF1,EDN1,RB1,WEE2,HSPA1A,TOP2A,TPR,BMP4,EDN3,LIF,BMP7,NPR2,CCNE1,MSX1,PPP2R1A,CDC25B,TTK,DRD3,MSX2,WNT5A,BAG6,CDKN1B,BRCA2,PLK1,TERF1,HSPA2,WNT4,PTEN,UBE2B,HNRNPU,TOP2B,CENPC,RAD51,ATM,PIN1,DCTN2,DMC1,ESPL1,RPS6KA2,SYCP1,TRIP13,MAJIN,RNF212,FBXO43,BRDT,MEI1,PSRC1,SYCE2,CLASP1,STRA8,HORMAD1,FANCM,TEX11,SYCP3,SYCE1,MEIOB,CNTD1,TERB1,ANKLE1,SPATA22,M1AP,PIWIL2,PIBF1,P3H4,KAT2B,RAD50,ERCC4,EME1,MAEL,MUS81,PPP1R9B,PHB2,KLHDC3,NDC1,SYCP2,BRIP1,TEX15,TEX12,FANCD2,ING2,RGCC,AGO4,CCNB1IP1,PLCB1,PTTG2,MLH3,MAD2L2,FBXO5,PSMD13,CHMP3,CTDP1,SPO11,DMRT1,RAD54B,MAD1L1"
"GO:BP","developmental cell growth","GO:0048588","2.5509733069758177e-32","31.59329408576252","234","1691","84","21017","MEIS1,DVL1,NRP1,AURKA,SEMA3E,DCLK1,SMAD7,PARK2,SLIT3,SEMA7A,SLIT2,SEMA3D,NTN1,SEMA4F,ABL1,APOE,FN1,IGF1,EDN1,SPP1,MAPT,G6PD,EDN3,VEGFA,PPP3CB,VCL,NPR2,SYT1,MT3,GDI1,CTNNB1,TGFBR2,WNT5A,DCC,MAP1B,CXCL12,SOX9,GSK3A,GSK3B,PLXNA3,PRMT2,CAV3,WNT3,WNT3A,FOXL2,OSTN,ARHGAP4,CDK5,PPARA,AKAP6,SEMA3B,SEMA3F,SEMA5A,BMPR2,PRKG1,STK11,RIMS1,ULK2,SPG20,DRAXIN,SEMA6D,SEMA4D,MUL1,NEDD4L,SEMA3C,SYT3,RTN4R,SEMA4C,BCL11A,SYT4,SEMA6A,ADNP,SEMA4A,SEMA6C,SEMA6B,SEMA4B,RTN4,SEMA3G,SEMA4G,SEMA5B,EIF2AK4,UNC13A,RNF6,CTDP1"
"GO:BP","organic hydroxy compound transport","GO:0015850","2.8753904306476975e-32","31.54130317693488","283","1691","93","21017","TOR1A,SLC22A2,SYT7,PARK2,VPS4B,SNCG,APOM,EGF,POMC,APOA1,APOE,APOA2,APOC1,APOC2,RBP4,ITGB3,PRKCB,CRH,ADRA2A,NMB,SPP1,CHGA,CYP19A1,CEACAM1,DRD2,KCNA2,CD36,CHRNB2,ADRA2B,ADRA2C,NFKB1,RAB3B,ABCB4,CNR1,SYT1,DRD1,DRD4,COMT,GAL,NFKBIA,HTR1B,HTR2A,ADORA2A,NOS1,OXTR,SLC6A4,DRD3,PPARG,SNCA,GDNF,OPRK1,P2RY1,CXCL12,STAR,NR1H2,ABAT,DAB2,SLC6A3,PTPN11,LRP1,SREBF2,PRKAA1,NR1H3,GPS2,GPM6B,KCNB1,SHH,ADIPOQ,CARTPT,SLC18A3,STX1A,SYT6,SYT10,SYT9,SYT12,SYT8,TPCN2,ABCC2,SIRT1,DTNBP1,WNK4,PARK7,SYT3,SYT15,SYT11,C1QTNF1,OSBPL8,ABCG8,ABCG5,SYT4,VAPA,GHRL,HRH3"
"GO:BP","lymphocyte activation involved in immune response","GO:0002285","3.213139541007793e-32","31.49307041339223","214","1691","80","21017","KLRF2,LGALS9,TLR4,MEN1,DLL1,SMAD7,NBN,SOCS5,PGLYRP1,ABL1,ADA,TGFB1,IFNA2,IFNB1,IFNG,ANXA1,CD74,TP53,IL4,IL6,ICAM1,ERCC1,PTPRC,HMGB1,RARA,LAMP1,CEACAM1,CD19,CD46,SPN,CR1,IL10,TNFSF4,IL4R,IL12B,FCER1G,CORO1A,PTGER4,STAT3,BCL6,CD86,STAT6,MTOR,MSH2,RAB27A,RORC,JAK3,MSH6,F2RL1,RELB,IRF8,ATP7A,PTK2B,HLX,IRF4,SHB,ZC3H12A,RC3H1,IL23R,IL27RA,UNC13D,IFNL1,ZFPM1,LFNG,NFKBID,HAVCR2,SLAMF6,PGLYRP3,NLRP3,PGLYRP2,CCL19,NDFIP1,FOXP3,SEMA4A,IL21,IL23A,EIF2AK4,MAD2L2,TNFSF18,PLCL2"
"GO:BP","positive regulation of monoatomic ion transport","GO:0043270","3.282148291304401e-32","31.48384180090623","209","1691","79","21017","CASK,PDPK1,HCRT,WFS1,ABL1,F2,PDGFB,IFNG,CXCL10,THY1,EDN1,CRH,ADRB2,ADRA2A,CCL3,G6PD,DMD,CCL4,CCL2,CCL5,EDN3,KCNE1,CD19,PPP3CB,PLCG1,CAPN3,TACR2,DRD1,DRD4,GAL,F2R,GSTM2,NOS1,ADORA1,SRI,NTSR1,CASQ1,SLC6A4,AKT1,IL13,ACTN2,SNCA,OPRK1,LEP,CCR2,HTT,BDKRB1,P2RY1,XCL1,CXCL12,STC1,HAP1,FGF12,GSTO1,CX3CL1,ANK2,CXCL9,BAX,PPP3CA,ABCC8,KCNH2,ANK3,DLG1,AKAP6,TRDN,PKD2,NPSR1,RYR2,GPER1,P2RX7,CHP1,PKP2,JPH2,WNK3,LACRT,STK39,KCNE5,CAMK2A,TCAF1"
"GO:BP","negative regulation of myeloid leukocyte differentiation","GO:0002762","5.761371498291303e-32","31.239474120181185","53","1691","40","21017","TLR4,TNFRSF11B,TLR3,LILRB3,FSTL3,MYC,APCS,LTF,INHA,IL4,LYN,INHBA,CCL3,RARA,IAPP,CEACAM1,PTPN2,NF1,GATA2,PIK3R1,HOXA7,CTNNB1,FBN1,CLDN18,CUL4A,TOB2,GPR68,ADIPOQ,CARTPT,ZBTB46,ZFPM1,SFRP1,TMEM178A,LILRB4,ZNF675,UBASH3B,INPP5D,TRIB1,GPR55,MAFB"
"GO:BP","developmental growth involved in morphogenesis","GO:0060560","8.455863275934623e-32","31.07284204781359","248","1691","86","21017","DVL1,NRP1,AURKA,SEMA3E,DCLK1,SPRY1,PARK2,SLIT3,SEMA7A,SLIT2,SEMA3D,NTN1,SEMA4F,WNT11,ABL1,TGFB1,APOE,FN1,ESR1,EDN1,SPP1,MAPT,BMP4,EDN3,VEGFA,PPP3CB,VCL,NPR2,SYT1,MT3,GDI1,CTNNB1,HNF1B,TGFBR2,WNT5A,DCC,NOTCH1,MAP1B,CXCL12,SOX9,GSK3B,PLXNA3,WNT3,WNT3A,OSTN,ARHGAP4,CDK5,SEMA3B,TRIM28,SEMA3F,SEMA5A,BMPR2,PRKG1,SHH,STK11,RIMS1,ULK2,SPG20,SFRP1,DRAXIN,SEMA6D,SEMA4D,NKD1,MUL1,SFRP2,NEDD4L,SEMA3C,SYT3,LZTS2,RTN4R,SEMA4C,BCL11A,SYT4,SEMA6A,ADNP,SEMA4A,SEMA6C,SEMA6B,SEMA4B,RTN4,SEMA3G,SEMA4G,SEMA5B,EIF2AK4,UNC13A,RNF6"
"GO:BP","regulation of B cell activation","GO:0050864","9.776545769862557e-32","31.009814562193206","132","1691","62","21017","TLR4,TNFRSF13B,ADA,TGFB1,CD74,INHA,IL4,IL6,LYN,INHBA,PTPRC,BCL2,MIF,CD19,CHRNB2,CR1,TNFAIP3,IL10,TNFSF4,CD27,CD38,PTPN6,IL13,AHR,BCL6,MNDA,STAT6,CASP3,CDKN2A,MSH2,TNFRSF4,MMP14,STAT5B,WNT3A,TIRAP,ID2,BTK,MEF2C,ZFP36L1,ATM,PKN1,RC3H1,IL27RA,TICAM1,TBC1D10C,SFRP1,BANK1,MZB1,INPP5D,BAD,FOXJ1,PELI1,PAWR,NDFIP1,FOXP3,IL21,CYLD,TLR9,SAMSN1,CD300A,MAD2L2,IRS2"
"GO:BP","positive regulation of cellular component biogenesis","GO:0044089","1.2369577388636736e-31","30.907645137955225","497","1691","127","21017","TLR4,WASL,SDCBP,DDX3X,CCL21,WNT7A,ITGB1BP1,NRP1,MSTN,UNC13B,LRRTM2,BCL2L11,CXCL13,ROCK2,VPS4B,BAG4,WNT11,ABL1,HRAS,TGFB1,TNF,IFNG,APOA1,CSF2,HRG,THY1,TP53,ISG15,ERCC1,SERPINF2,TPM1,HSPA1A,TGFB3,MAPT,CHGA,KIT,TPR,SRC,BRAF,VEGFA,ALOX15,FER,CD36,RHOQ,BMP7,EPHA1,PIK3R1,OXTR,SDC4,CCR7,PFN2,NF2,ARL2,ACVRL1,SNCA,MTOR,HTT,MAPK8,MAPK9,CDKN1B,MAP1B,SOX9,GSK3B,RAB7A,HAP1,TERF1,NR1H2,F2RL1,CAV3,WNT4,TIRAP,ARF6,SUMO1,RACK1,PPP2CA,CX3CL1,SMAD3,PRKCE,NRG1,ATP7A,BTK,FMR1,BAX,HYAL1,PTPRJ,DLG1,PAK1,ATM,DPYSL3,DCTN1,PTK2B,RAB3GAP1,CDK5R1,PRKD1,NTRK2,AMOT,DAB2IP,PSRC1,LRSAM1,MAVS,CLASP1,PHLDB2,LRRTM1,NLGN1,SFRP1,SEMA4D,BBS4,CRBN,PARK7,P2RX7,TBX5,CCL19,FUZ,ADNP,SEMA4A,RGCC,GNL3L,GHRL,EVL,MAD2L2,GDF2,NRXN1,ZMYND8,PYCARD,G3BP2,FAF1,PTPN22"
"GO:BP","positive regulation of mononuclear cell proliferation","GO:0032946","1.5819326891269838e-31","30.800811999575785","146","1691","65","21017","LGALS9,TLR4,ADA,IL1B,EPO,IL2RA,ANXA1,CD74,IGF1,IL4,IL6,CD55,PTPRC,HMGB1,BCL2,CCL5,HLA-E,MIF,CD46,SPN,CHRNB2,KITLG,ZP3,TNFSF4,CD38,IL12A,IL12B,CORO1A,IL13,TGFBR2,LEP,BCL6,CCR2,CD86,TNFRSF4,XCL1,STAT5B,AIF1,WNT3A,TIRAP,BTK,MEF2C,BCL2L1,PPP3CA,ZP4,FADD,SLAMF1,HES1,AGER,SHH,IL23R,VTCN1,TICAM1,LILRB2,HAVCR2,PELI1,CCL19,FOXP3,IL21,IL23A,TLR9,CD274,PYCARD,PTPN22,IRS2"
"GO:BP","positive regulation of hormone secretion","GO:0046887","1.5819326891269838e-31","30.800811999575785","146","1691","65","21017","BAIAP3,EGFR,F2,SPINK1,GHRH,INS,FGA,FGB,FGG,RBP4,INHA,EDN1,PRKCB,CRH,INHBA,NMB,INHBB,SPP1,PRKAR1A,CYP19A1,EDN3,DRD2,CREB1,PPP3CB,PRKACA,ADCYAP1,TRH,GAL,CD38,GNA11,SRI,SOX11,PPARG,LEP,P2RY1,FOXL2,SNAP25,VSNL1,ABAT,DAB2,PRKCE,GHRHR,PTPN11,SOX4,ABCC8,TARDBP,DOC2B,ITPR1,PRKD1,GPR68,HIF1A,HFE,FFAR4,BAD,NR1H4,GPER1,NKX3-1,VAMP8,C1QTNF1,C1QTNF3,RETN,PLCB1,TCF7L2,GHRL,IRS2"
"GO:BP","regulation of Wnt signaling pathway","GO:0030111","2.1904009753298946e-31","30.659476375829744","330","1691","100","21017","FZD9,DDX3X,TAX1BP3,FOXO3,SNAI2,PARK2,ZEB2,FZD6,SNX3,GREM1,PPM1B,ATP6AP2,TNKS,RECK,APC2,WNT11,ABL1,EGFR,EGF,TGFB1,APOE,FGF2,SRC,EGR1,NFKB1,TNFAIP3,CDH3,MCC,PPP2R1A,CTNNB1,HNF1B,PPM1A,WNT5A,NOTCH1,SOX9,GSK3A,GSK3B,EMD,SMARCA4,GPC3,WNT3,WNT3A,PPP1CA,UBE2B,RACK1,PPP2CA,CSNK2A1,SMAD3,DAB2,SOX4,LRP1,STK4,STK3,NOG,GRB10,ILK,PIN1,HDAC1,SEMA5A,SHH,STK11,LRRK2,SFRP5,DAB2IP,NXN,SFRP4,JADE1,CAPRIN2,CDC73,NRARP,SULF1,CCAR2,SFRP1,DRAXIN,UBAC2,PTPRU,EDA,NKD1,DACT3,SFRP2,VPS35,CRBN,MDFI,CITED1,LZTS2,FUZ,LGR4,WWTR1,TNKS2,ADNP,WNK1,SOX17,TCF7L2,CYLD,CTNNBIP1,MDFIC,MAD2L2,FZD1,BTRC,AXIN2"
"GO:BP","cell chemotaxis","GO:0060326","2.688439834021249e-31","30.570499678377843","319","1691","98","21017","LGALS9,CCL21,NRP1,MSTN,CCL25,TNFSF14,CXCL13,GREM1,TRPM2,SLIT2,OXSR1,C5,PDGFB,IL1B,PF4,CXCL10,ANXA1,HRG,CD74,IL4,SERPINE1,IL6,EDN1,LYN,THBS1,CTSG,FGF4,F7,FGF2,HMGB1,CCL3,CHGA,KIT,CYP19A1,CCL4,CCL2,CCL5,EDN3,MIF,VAV1,VEGFA,PDGFRA,DPEP1,ENG,LBP,AZU1,PTN,IL10,EDNRB,KLRK1,IL12A,FCER1G,CORO1A,ARRB2,CCR7,CNR2,SFTPD,RPS19,WNT5A,NBL1,CCR2,NOTCH1,XCL1,CXCL12,NOV,CX3CR1,AIF1,F2RL1,TIRAP,TGFB2,CX3CL1,S100A12,PTK2,PRKCD,EGR3,C1QBP,CXCL9,SLAMF1,SEMA5A,PTK2B,GPR18,GAS6,PRKD1,LGMN,LYST,CCL19,CORO1B,MMP28,WNK1,TREM1,IL23A,CCL28,C5AR2,STK39,PLXNB3,STAP1,PADI2,TNFRSF11A"
"GO:BP","negative regulation of transferase activity","GO:0051348","3.143900322000677e-31","30.502531231809257","180","1691","72","21017","MEN1,IPO5,ITGB1BP1,SMAD7,PDPK1,PARK2,SOCS5,ABL1,IFNG,IL1B,APOE,THY1,RB1,LYN,PTPRC,GSTP1,MAPT,PRKAR1A,CEACAM1,TRIM27,NF1,EPHA1,ZFP36,PRDX3,DNAJA1,AKT1,SLC8A1,PPARG,SNCA,CDKN2A,CDKN1B,GSK3A,GSK3B,DUSP3,PLK1,CAV3,PTEN,PKIA,ADARB1,HNRNPU,PRKCD,HYAL2,PTPRJ,PPP2R5A,TARBP2,ADIPOQ,MIDN,DAB2IP,LAX1,LILRB4,ZNF675,PYDC1,SIRT1,CDK5RAP3,TRIB1,PARK7,CHP1,TINF2,INPP5K,SRCIN1,WWTR1,PHPT1,CD300A,MAD2L2,FBXO5,CORO1C,PYCARD,FOXA2,PKIG,PTPN22,IRS2,IRAK3"
"GO:BP","positive regulation of lymphocyte proliferation","GO:0050671","3.263564790430731e-31","30.48630776098325","143","1691","64","21017","LGALS9,TLR4,ADA,IL1B,EPO,IL2RA,ANXA1,CD74,IGF1,IL4,IL6,CD55,PTPRC,HMGB1,BCL2,CCL5,HLA-E,MIF,CD46,SPN,CHRNB2,KITLG,ZP3,TNFSF4,CD38,IL12A,IL12B,CORO1A,IL13,TGFBR2,LEP,BCL6,CCR2,CD86,TNFRSF4,XCL1,STAT5B,AIF1,WNT3A,TIRAP,BTK,MEF2C,PPP3CA,ZP4,FADD,SLAMF1,HES1,AGER,SHH,IL23R,VTCN1,TICAM1,LILRB2,HAVCR2,PELI1,CCL19,FOXP3,IL21,IL23A,TLR9,CD274,PYCARD,PTPN22,IRS2"
"GO:BP","positive regulation of establishment of protein localization","GO:1904951","3.7990611606511217e-31","30.420323714731808","332","1691","100","21017","TLR4,APBB1,IPO5,ITGB1BP1,UNC13B,RAB29,LEPROT,HDAC3,BAIAP3,OAZ2,EGFR,F2,HRAS,TGFB1,INS,TNF,IFNG,IL1B,FGA,FGB,FGG,RBP4,ANG,PRNP,ERBB2,IGF1,PRKCB,CRH,TGFB3,PRKAR1A,TPR,SRC,PPP3CB,PRKACA,TRH,PIK3R1,CD38,ADORA2A,GNA11,SRI,IL13,PTGS2,PPM1A,PPARG,LEP,GSK3A,GSK3B,EMD,OAZ1,NR1H2,F2RL1,SNAP25,TGFB2,ARF6,VSNL1,VAMP2,RACK1,ABAT,SMAD3,CDK5,PRKCE,PRKCD,SOX4,ABCC8,EP300,SREBF2,HYAL2,ANK3,PRKAA1,TARDBP,TRIM28,DOC2B,GAS6,ITPR1,KCNB1,CDK5R1,PRKD1,SHH,GPR68,HIF1A,ZC3H12A,MAVS,BAD,SYTL4,VPS35,NR1H4,GPER1,P2RX7,CHP1,CIB1,C1QTNF3,PTPN23,PLCB1,TCF7L2,HPS4,GHRL,OAZ3,PTPN22,TCAF1,IRS2"
"GO:BP","leukocyte chemotaxis","GO:0030595","4.7582371541044095e-31","30.322553916196988","237","1691","83","21017","LGALS9,CCL21,MSTN,CCL25,TNFSF14,CXCL13,GREM1,TRPM2,SLIT2,OXSR1,C5,PDGFB,IL1B,PF4,CXCL10,ANXA1,CD74,IL4,SERPINE1,IL6,EDN1,LYN,THBS1,CTSG,F7,HMGB1,CCL3,CHGA,KIT,CYP19A1,CCL4,CCL2,CCL5,EDN3,MIF,VAV1,VEGFA,DPEP1,LBP,AZU1,PTN,IL10,EDNRB,KLRK1,IL12A,FCER1G,CORO1A,CCR7,CNR2,SFTPD,RPS19,WNT5A,NBL1,CCR2,XCL1,CXCL12,NOV,CX3CR1,AIF1,F2RL1,TIRAP,TGFB2,CX3CL1,S100A12,PTK2,C1QBP,CXCL9,SLAMF1,PTK2B,GPR18,GAS6,LGMN,LYST,CCL19,MMP28,WNK1,TREM1,IL23A,C5AR2,STK39,STAP1,PADI2,TNFRSF11A"
"GO:BP","protein localization to nucleus","GO:0034504","6.017275160200075e-31","30.220600128474405","316","1691","97","21017","IPO5,DVL1,TOR1A,DCLK1,HDAC3,SUN1,POLR1A,IL33,F2,TGFB1,INS,IFNG,TP53,APOD,EDN1,PARP1,TXN,TPR,BMP4,SRC,PPP3CB,CD36,NF1,DRD1,SP100,NFKBIA,PIK3R1,MSX1,PML,AKT1,CTNNA1,NF2,PTGS2,ARL2,STAT3,LEP,MTOR,CDKN2A,RANGAP1,NOTCH1,SOX9,GSK3B,PLK1,CLDN18,SESN2,PKIA,SUMO1,SMAD3,CDK5,HNRNPU,ZBTB16,PRKCD,PPP3CA,EP300,HYAL2,STK4,TARDBP,STK3,TRIM28,NR5A1,SQSTM1,PIN1,TRIM29,PRKD1,ANGPT1,SHH,STK11,ZC3H12A,LRRK2,TAF3,OTUD7B,TRIM40,MAVS,PAF1,FLCN,LILRB4,CDK5RAP3,BBS4,PARK7,PHB2,CHP1,BARD1,LZTS2,GLIS2,OSBPL8,TRIM8,DCLK3,WWTR1,TCF7L2,CABP1,MDFIC,ING1,RAB23,SUFU,PKIG,PTPN22,MAGED1"
"GO:BP","negative regulation of MAPK cascade","GO:0043409","6.482023276141835e-31","30.188289413803375","158","1691","67","21017","TLR4,MEN1,ITGB1BP1,HDAC3,PER1,SPRY1,PARK2,NCOR1,PSMD10,ABL1,MYC,IL1B,APOE,AMBP,LYN,PTPRC,GSTP1,DMD,LIF,EZR,PTPN2,NF1,FBLN1,PTPN6,PPP2R1A,DNAJA1,GBP1,PHB,NF2,PPARG,CSK,DUSP3,F2RL1,CAV3,SYNJ2BP,NLRP6,NLRP12,DAB2,PRKCD,HYAL2,PTPRJ,DLG1,GPS2,PIN1,TNIP1,PTPRR,ADIPOQ,DAB2IP,TBC1D10C,LAX1,LEMD2,FLCN,LILRB4,ZNF675,BTN2A2,MARVELD3,CDK5RAP3,GPER1,P2RX7,PRMT1,INPP5K,SEMA6A,CYLD,TLR9,CD300A,PTPN22,IRAK3"
"GO:BP","catecholamine transport","GO:0051937","6.68842930056315e-31","30.17467585924098","77","1691","47","21017","TOR1A,SLC22A2,SYT7,PARK2,SNCG,PRKCB,CRH,ADRA2A,CHGA,DRD2,KCNA2,CHRNB2,ADRA2B,ADRA2C,RAB3B,CNR1,SYT1,DRD1,DRD4,COMT,HTR1B,HTR2A,ADORA2A,OXTR,DRD3,SNCA,GDNF,OPRK1,P2RY1,CXCL12,ABAT,SLC6A3,KCNB1,CARTPT,STX1A,SYT6,SYT10,SYT9,SYT12,SYT8,DTNBP1,PARK7,SYT3,SYT15,SYT11,SYT4,HRH3"
"GO:BP","regulation of protein localization to nucleus","GO:1900180","6.920225120978192e-31","30.15987977733395","149","1691","65","21017","IPO5,DCLK1,HDAC3,POLR1A,F2,TGFB1,INS,IFNG,APOD,EDN1,PARP1,TPR,BMP4,SRC,PPP3CB,CD36,NF1,PIK3R1,AKT1,CTNNA1,NF2,PTGS2,LEP,MTOR,CDKN2A,GSK3B,PLK1,CLDN18,SESN2,PKIA,SUMO1,SMAD3,PRKCD,EP300,HYAL2,TARDBP,TRIM28,PIN1,TRIM29,PRKD1,ANGPT1,SHH,STK11,ZC3H12A,OTUD7B,TRIM40,MAVS,FLCN,LILRB4,CDK5RAP3,PARK7,CHP1,LZTS2,GLIS2,TRIM8,DCLK3,WWTR1,TCF7L2,CABP1,MDFIC,RAB23,SUFU,PKIG,PTPN22,MAGED1"
"GO:BP","cellular pigmentation","GO:0033059","6.994464709954802e-31","30.155245516684417","64","1691","43","21017","AP3B1,RAB29,ZEB2,SNAPIN,POMC,APOE,CD63,BCL2,CDH3,PMEL,ASIP,RAB27A,GPR143,RAB38,BLOC1S1,MYO7A,DCTN2,RAB32,DCTN1,BLOC1S3,BLOC1S2,BBS7,BBS5,MREG,BLOC1S5,SHROOM3,HPS3,VPS33A,DTNBP1,ANKRD27,BBS4,LYST,BBS2,AP1M1,ARL6,RAB17,KIF13A,VPS33B,HPS4,BLOC1S4,BLOC1S6,HPS5,MYO5A"
"GO:BP","regulation of monoatomic ion transmembrane transporter activity","GO:0032412","7.583308991494817e-31","30.12014124777617","187","1691","73","21017","WWP2,SLN,GNB5,CASQ2,CLIC2,IFNG,EPO,EDN1,CRH,ADRB2,ADRA2A,DMD,CCL2,DRD2,KCNE1,PRKACA,DRD4,GAL,HRC,CRHBP,PLN,GSTM2,NOS1,SRI,CASQ1,OPRM1,ACTN2,CCR2,HTT,NEDD4,SLC6A9,HAP1,CAV3,FGF12,FKBP1A,VAMP2,SUMO1,FKBP1B,DLG4,GSTO1,ANK2,PRKCE,MEF2C,FMR1,ANK3,DLG1,AKAP6,TRDN,CAMK2D,PKD2,PTK2B,KCNAB1,CNIH2,NLGN1,CBARP,KCNRG,OSR1,JPH3,RYR2,NEDD4L,PHB2,CHP1,JPH2,WNK3,GPR35,GOPC,TLR9,STK39,KCNE5,NRXN1,UBQLN1,CAB39,TCAF1"
"GO:BP","phagocytosis","GO:0006909","1.0625415805870307e-30","29.97365406563891","234","1691","82","21017","TLR4,FCN1,PLSCR1,SYT7,SNX3,FCN3,TUSC2,SOD1,ABL1,TGFB1,IFNG,APOA1,APOA2,C4BPA,ANXA1,ITGB3,PRKCG,ITGAV,LYN,THBS1,ELANE,PTPRC,HMGB1,RARA,MBL2,BCR,SRC,CCL2,VAV1,ALOX15,CD36,LBP,AZU1,RAB5A,C4BPB,GATA2,PRTN3,ADORA2A,FCER1G,AXL,ADORA1,CORO1A,SFTPD,PPARG,LEP,CSK,CCR2,RAB7A,RAB27A,AIF1,F2RL1,RACK1,PRKCE,IRF8,PTK2,PRKCD,BTK,TYRO3,LRP1,MERTK,PTPRJ,NR1H3,PAK1,SLAMF1,MYO7A,GAS6,ADIPOQ,UNC13D,TICAM2,CD300LF,RUBCN,RAB7B,P2RX7,LYST,SYT11,VPS33B,CDC42SE1,ATG3,CD300A,CORO1C,STAP1,PYCARD"
"GO:BP","positive regulation of DNA-binding transcription factor activity","GO:0051091","1.6023574118252366e-30","29.795240606434827","209","1691","77","21017","LGALS9,TLR4,TRIM38,AIM2,IRAK2,TRIM13,TRIM37,BCL10,INS,TNF,IL1B,LTF,ESR1,IL6,EDN1,HSPA1A,KIT,TRIM27,FER,CD36,TRIM21,EIF2AK2,CAPN3,IL10,SP100,PRDX3,AKT1,PPARG,STAT3,CD200,WNT5A,SMARCA4,IRAK1,CEBPG,HDAC4,TIRAP,PTEN,S100A12,SMAD3,NHLH2,BTK,DHX9,ADCY1,EP300,TRIM26,TRIM32,STK3,TRIM14,TRIM25,AGER,PRKD1,CRTC1,MAVS,ESR2,EDA,RAB7B,NODAL,PARK7,PHB2,CIB1,TRIM62,TRIM8,TRIM31,TRIM15,TRIM5,RGCC,TERF2IP,PPARGC1A,MID2,FZD4,PYCARD,TNFSF18,FZD1,HDAC5,CAMK2A,IRAK3,TNFRSF11A"
"GO:BP","negative regulation of lymphocyte differentiation","GO:0045620","2.2502905208689223e-30","29.647761409237397","59","1691","41","21017","SMAD7,SOCS5,PGLYRP1,IFNA2,IFNB1,ANXA1,CD74,ERBB2,INHA,IL4,INHBA,HMGB1,IRF1,BMP4,PTPN2,CR1,LAG3,TNFSF4,IL4R,PRDX2,BCL6,CDKN2A,JAK3,ID2,IHH,HLX,SHH,ZC3H12A,RC3H1,CLEC4G,NRARP,DTX1,IFNL1,SFRP1,ZC3H8,LILRB4,FOXJ1,PGLYRP3,PGLYRP2,FOXP3,FBXO7"
"GO:BP","regulation of lipid metabolic process","GO:0019216","2.370112295238831e-30","29.625231076754783","315","1691","96","21017","OGT,CYP27B1,SNAI2,CIDEA,NCOR1,SNAI1,SOD1,F2,PDGFB,FSHB,INS,TNF,IFNG,IL1B,APOA1,APOE,APOA2,APOC1,APOC2,ANXA1,PDGFA,CD74,APOD,FABP1,ADRA2A,MAPT,KIT,THRA,CEACAM1,CREB1,EGR1,NFKB1,NR1D1,CNR1,BMP5,GAL,HTR2A,HTR2C,ADORA1,AKT1,PTGS2,IRS1,SREBF1,PPARG,SNCA,LEP,HNF4A,HTR2B,MTOR,SOX9,STAR,CPT1A,RORC,STAT5B,NR0B1,NR1H2,WNT4,SIK1,RAB38,DAB2,PRKCE,ID2,PPARD,PRKCD,PPARA,SREBF2,REST,PRKAA1,NR1H3,GPS2,NR5A1,MTMR2,PRKG1,NR1D2,PPP2R5A,RGN,NCOA2,TWIST1,ADIPOQ,ADGRF5,PIBF1,PROX1,KAT2B,ADIPOR1,SIRT1,CERS2,NR1H4,BBS4,GPER1,PHB2,CHP1,GFI1,ABHD6,PPARGC1A,IRS2,SIRT4"
"GO:BP","regulation of neuron apoptotic process","GO:0043523","2.3830225057106466e-30","29.62287185607579","231","1691","81","21017","FZD9,NRP1,SEMA3E,BCL2L11,FOXO3,XRCC2,PARK2,WFS1,SOD1,ABL1,HRAS,TNF,APOE,PRNP,SOD2,TP53,PRKCG,PARP1,CCL3,BCL2,TGFB3,G6PD,CCL2,BRAF,NQO1,CEBPB,EGR1,ATF4,NF1,ERBB3,IL10,NPPC,F2R,MT3,HTR2A,ADORA2A,AXL,GCH1,CORO1A,CTNNB1,PHB,SNCA,GDNF,CASP3,CASP2,MSH2,CX3CR1,MTNR1B,PPT1,UCP2,STXBP1,TGFB2,CX3CL1,CDK5,EN1,MEF2C,TYRO3,BAX,BCL2L1,ATM,PTK2B,KCNB1,GRM4,CDK5R1,NONO,ANGPT1,NTRK2,HIF1A,SARM1,IL27RA,DRAXIN,SIRT1,PARK7,LGMN,CITED1,ADNP,DNAJC5,PPARGC1A,BOK,FZD1,FBXO7"
"GO:BP","neuron apoptotic process","GO:0051402","2.8332236274557215e-30","29.547719145092323","281","1691","90","21017","FZD9,NRP1,SEMA3E,BCL2L11,FOXO3,XRCC2,PARK2,WFS1,SOD1,ABL1,HRAS,TGFB1,TNF,APOE,PRNP,SOD2,TP53,PRKCG,RB1,CRH,GPX1,PARP1,CCL3,BCL2,TGFB3,G6PD,CCL2,BRAF,NQO1,CEBPB,EGR1,ATF4,NPR2,NF1,ERBB3,IL10,NPPC,F2R,FAS,MT3,HTR2A,ADORA2A,AXL,GCH1,CORO1A,CTNNB1,PHB,SNCA,GDNF,CASP3,CASP2,MSH2,CX3CR1,MTNR1B,PPT1,TMBIM6,UCP2,STXBP1,TGFB2,CX3CL1,ADARB1,CDK5,EN1,MEF2C,TYRO3,BAX,BCL2L1,FADD,ATM,PTK2B,KCNB1,GRM4,CDK5R1,NONO,ANGPT1,NTRK2,HIF1A,SARM1,IL27RA,DRAXIN,SIRT1,PARK7,LGMN,CITED1,ADNP,DNAJC5,PPARGC1A,BOK,FZD1,FBXO7"
"GO:BP","osteoblast differentiation","GO:0001649","3.3714926292597294e-30","29.47217778543872","232","1691","81","21017","BMPR1B,MEN1,SNAI2,GREM1,SEMA7A,UFL1,SNAI1,WNT11,TNF,LTF,CAT,IGF1,IL6,HNRNPC,FGF2,CCL3,SPP1,BMP4,GJA1,PRKACA,CEBPB,IGFBP3,BMP7,ATF4,NF1,NPPC,IGFBP5,AKT1,CTNNB1,PHB,MSX2,SOX11,BMPR1A,PPARG,NOTCH1,ID4,SOX9,GSK3B,MAP2K6,HDAC4,WNT3,WNT3A,WNT4,OSTN,SMAD3,CLTC,HNRNPU,ID3,PTK2,MEF2C,PPP3CA,DHX9,REST,NOG,ILK,BMPR2,IHH,PRKD1,SHH,TWIST1,MAPK11,FFAR4,TP53INP2,SFRP1,RORB,SEMA4D,SFRP2,CITED1,MYBBP1A,LGR4,GTPBP4,WWTR1,FGF23,CHRD,CTNNBIP1,GDF2,NOCT,FBXO5,SUFU,FZD1,AXIN2"
"GO:BP","morphogenesis of a branching structure","GO:0001763","3.556545826810924e-30","29.44897159095801","206","1691","76","21017","NRP1,SEMA3E,SPINT2,SPRY1,SNAI2,GREM1,PRDM1,SLIT2,ABL1,MYC,EGF,TGFB1,TNF,ESR1,PDGFA,EDN1,PKHD1,FGF2,CTSH,TACSTD2,BCL2,BMP4,SRC,DRD2,VEGFA,ENG,BMP7,WT1,HOXA5,IL10,PML,CTNNB1,MSX2,TIE1,HNF1B,TGFBR2,GDNF,WNT5A,NKX2-1,NOTCH1,SOX9,MMP14,GPC3,CAV3,WNT4,PPP1CA,PKD1,FOXF1,DLG1,STK4,PAK1,NOG,ILK,PKD2,IHH,SHH,LRRK2,NRARP,SULF1,SFRP1,PROX1,SFRP2,RBM15,PHB2,NKX3-1,CITED1,SEMA3C,LGR4,BCL11A,RTN4,DLL4,CTNNBIP1,GDF2,TIMELESS,BTRC,MAGED1"
"GO:BP","negative regulation of cell projection organization","GO:0031345","3.784089756825024e-30","29.42203857088771","196","1691","74","21017","CCL21,NRP1,RAB29,SEMA3E,SEMA7A,SLIT2,SEMA3D,SNAPIN,NTN1,SEMA4F,APOE,PRNP,HRG,THY1,TACSTD2,SRGAP2C,SPP1,PTPRG,MT3,CD38,GDI1,AKT1,PFN2,WNT5A,DCC,PLXNA3,WNT3,WNT3A,PTEN,STX1B,B2M,ARF6,DAB2,ARHGAP4,CDK5,PRKCD,PPP3CA,TRIM32,SEMA3B,SEMA3F,SEMA5A,DPYSL3,HES1,LRRK2,ULK2,SPG20,NLGN1,DRAXIN,SEMA6D,HDAC2,SEMA4D,DTNBP1,CERS2,GFI1,CIB1,SEMA3C,TCHP,RTN4R,SEMA4C,BCL11A,SEMA6A,SEMA4A,SEMA6C,SEMA6B,SEMA4B,RTN4,SEMA3G,SEMA4G,SEMA5B,EVL,NRXN1,PLXNB3,STAP1,RNF6"
"GO:BP","negative regulation of leukocyte mediated immunity","GO:0002704","4.96968297982516e-30","29.303671314386158","66","1691","43","21017","LGALS9,SMAD7,TGFB1,IFNA2,IFNB1,C4BPA,PTPRC,BCR,CEACAM1,HLA-E,CD46,SPN,PPP3CB,IL7R,HLA-G,CR1,C4BPB,PTPN6,ARRB2,AHR,CD96,BCL6,CCR2,XCL1,SERPINB4,CX3CR1,SERPINB9,JAK3,BST2,FOXF1,SLAMF1,IL13RA2,HFE,CLEC4G,IL20RB,LILRB4,HAVCR2,FOXJ1,NDFIP1,FOXP3,CD300A,CD84,RABGEF1"
"GO:BP","natural killer cell mediated immunity","GO:0002228","5.0927688312852956e-30","29.29304603667984","76","1691","46","21017","KLRF2,LGALS9,NCR3,SH2D1A,NCR1,RASGRP1,CRTAM,TGFB1,TUBB,GZMB,LAMP1,CEACAM1,HLA-E,PVR,VAV1,HLA-G,LAG3,KLRK1,PTPN6,IL12A,IL12B,CORO1A,ARRB2,CD96,LEP,KIR3DL1,SERPINB4,SERPINB9,RAB27A,STAT5B,CEBPG,TUBB4B,PRDX1,PIK3R6,RAET1G,UNC13D,RAET1E,HAVCR2,NECTIN2,SLAMF6,LYST,ULBP3,ULBP2,ULBP1,IL21,SLAMF7"
"GO:BP","cellular response to reactive oxygen species","GO:0034614","6.1463357471695036e-30","29.211383719842676","149","1691","64","21017","CCS,KLF4,FOXO3,PEX14,TRPA1,TRPM2,DHFR,SOD1,ABL1,EGFR,CAT,ANXA1,SOD2,MPO,IL6,EDN1,JUN,FABP1,SOD3,TPM1,TXN,MAPT,SRC,NQO1,PDGFRA,FER,CD36,BMP7,TNFAIP3,MT3,NOS3,PRDX5,PRDX3,AXL,GCH1,AKT1,PRDX2,SLC8A1,STAT6,MAPK8,MAPK9,RHOB,RACK1,TOP2B,ATP7A,PRKCD,BTK,PRDX1,PRKAA1,MAPK7,ATM,PKD2,PTPRK,EZH2,NFE2L2,CYP1B1,LRRK2,SETX,CYGB,HDAC2,SIRT1,PAWR,PARK7,PLEKHA1"
"GO:BP","negative regulation of transporter activity","GO:0032410","6.46112876546202e-30","29.189691603709502","60","1691","41","21017","WWP2,SLN,GNB5,CASQ2,CLIC2,EPO,APOA2,ADRA2A,DRD2,KCNE1,DRD4,PLN,GSTM2,SRI,ACTN2,SNCA,NEDD4,SLC6A9,CAV3,SUMO1,FKBP1B,GSTO1,PRKCE,FMR1,ANK3,TRDN,CAMK2D,PKD2,KCNAB1,CBARP,KCNRG,OSR1,NEDD4L,NDFIP1,GPR35,GOPC,TLR9,NDFIP2,STK39,UBQLN1,CAB39"
"GO:BP","positive regulation of protein transport","GO:0051222","7.166281526331419e-30","29.14470613463898","256","1691","85","21017","TLR4,APBB1,IPO5,UNC13B,RAB29,HDAC3,BAIAP3,OAZ2,EGFR,F2,TGFB1,INS,TNF,IFNG,IL1B,FGA,FGB,FGG,RBP4,ANG,IGF1,PRKCB,CRH,TGFB3,PRKAR1A,TPR,SRC,PPP3CB,PRKACA,TRH,PIK3R1,CD38,ADORA2A,GNA11,SRI,IL13,PTGS2,PPM1A,PPARG,LEP,GSK3B,EMD,OAZ1,NR1H2,F2RL1,SNAP25,TGFB2,ARF6,VSNL1,VAMP2,RACK1,ABAT,SMAD3,PRKCE,PRKCD,SOX4,ABCC8,EP300,HYAL2,TARDBP,TRIM28,DOC2B,GAS6,ITPR1,PRKD1,SHH,GPR68,HIF1A,ZC3H12A,MAVS,BAD,SYTL4,VPS35,NR1H4,GPER1,P2RX7,CHP1,C1QTNF3,PTPN23,PLCB1,TCF7L2,GHRL,OAZ3,PTPN22,IRS2"
"GO:BP","natural killer cell mediated cytotoxicity","GO:0042267","7.178527580789535e-30","29.143964626665117","73","1691","45","21017","KLRF2,LGALS9,NCR3,SH2D1A,NCR1,RASGRP1,CRTAM,TGFB1,TUBB,GZMB,LAMP1,CEACAM1,HLA-E,PVR,VAV1,HLA-G,LAG3,KLRK1,PTPN6,IL12A,IL12B,CORO1A,ARRB2,LEP,KIR3DL1,SERPINB4,SERPINB9,RAB27A,STAT5B,CEBPG,TUBB4B,PRDX1,PIK3R6,RAET1G,UNC13D,RAET1E,HAVCR2,NECTIN2,SLAMF6,LYST,ULBP3,ULBP2,ULBP1,IL21,SLAMF7"
"GO:BP","developmental maturation","GO:0021700","7.290838335675566e-30","29.137222531541425","343","1691","100","21017","CCL21,UNC13B,EREG,AURKA,FOXO3,KDM1A,GREM1,ATP6AP2,TUSC2,BAIAP3,ADGRL1,REC8,SNAPIN,SIX3,RECK,SPINK1,TGFB1,EPO,FGG,LTF,ANG,SEMG1,TYMS,IGF1,EDN1,RB1,CD63,WEE2,BCL2,G6PD,KCNE1,VEGFA,GJA1,PRKACA,RAB3A,NPR2,HOXA5,NF1,RYR1,CDH3,GAL,FGFR3,NPPC,GATA2,EDNRB,PPP2R1A,CDC25B,AXL,CTNNB1,MSX2,ACVRL1,PPARG,LEP,WNT5A,MAP1B,ARCN1,CX3CR1,BRCA2,RAB38,PTEN,STXBP1,TGFB2,DLG4,CX3CL1,SEMG2,GHRHR,ZBTB16,BTK,PICALM,RAB32,PTK2B,HES1,DMC1,IHH,KCNB1,CDK5R1,RPS6KA2,SHB,TRIP13,HIF1A,PTPRN,LRRK2,DAB2IP,BLOC1S3,NLGN1,UNC13C,BLOC1S5,SEMA4D,FOXJ1,ANKRD27,VPS35,CCL19,AP1M1,BCL11A,IL21,SPINK5,FBXO5,BLOC1S6,NRXN1,UNC13A"
"GO:BP","renal system development","GO:0072001","7.343300333908586e-30","29.13410870920307","331","1691","98","21017","DLL1,OVOL1,NRP1,SMAD7,TP73,BCL2L11,SPRY1,GREM1,PRDM1,WFS1,SLIT2,BMP10,SGPL1,WNT11,MYC,PDGFB,TGFB1,RBP4,CAT,PDGFA,ITGB3,EDN1,PKHD1,FGF2,CTSH,TACSTD2,RARA,BCL2,BMP4,LIF,VEGFA,PDGFRA,BMP7,EGR1,WT1,DDC,NF1,COMT,EDNRB,CD34,SDC4,CTNNB1,FBN1,HNF1B,SOX11,SERPINF1,GDNF,WNT5A,STAT1,BAG6,NOTCH1,SOX9,GPC3,WNT4,TGFB2,SMAD3,PKD1,ID3,ZBTB16,MEF2C,SOX4,BAX,PPP3CA,HYAL2,FOXF1,DLG1,FADD,NOG,ILK,PKD2,HES1,ANGPT1,SHH,RGN,ADIPOQ,EZH2,LRRK2,MAGI2,SULF1,SFRP1,FLCN,OSR1,TRAF3IP1,PROX1,HAS2,FOXJ1,WNK4,NKX3-1,CITED1,LZTS2,LGR4,GLIS2,WWTR1,SOX17,HEYL,CTNNBIP1,ADAMTS1,MAGED1"
"GO:BP","regulation of cellular response to growth factor stimulus","GO:0090287","9.407415153772542e-30","29.026529689927","320","1691","96","21017","MEN1,DLL1,SDCBP,NRP1,CASK,SMAD7,OGT,PDPK1,SPRY1,CXCL13,ZEB2,CIDEA,GREM1,SLIT2,FSTL3,ABL1,TGFB1,IL1B,HRG,TP53,ITGB3,IL4,PRKCB,DCN,THBS1,HSP90AB1,FGF4,CD63,FGF2,HSPA1A,TGFB3,DMD,BMP4,VEGFA,ENG,CDH3,MT3,MSX1,IL12A,IL12B,PBLD,CTNNB1,MSX2,FBN1,SOX11,PPM1A,ACVRL1,PPARG,WNT5A,NBL1,NKX2-1,NOTCH1,NEDD4,GPC3,CAV3,WNT4,FKBP1A,SMAD3,PPARA,EP300,NOG,GRB10,ILK,PIN1,HDAC1,HES1,STK11,RBBP7,HIF1A,DAB2IP,SFRP4,SULF1,SPG20,SFRP1,FAM89B,FLCN,HTRA1,HDAC2,SIRT1,SFRP2,PRMT1,CITED1,CITED2,FUZ,ING2,SEMA6A,CHRD,MMRN2,BRMS1,GDF2,ING1,NRXN1,FZD4,FZD1,STRAP,ROBO1"
"GO:BP","circadian regulation of gene expression","GO:0032922","9.703194435386187e-30","29.013085266015004","70","1691","44","21017","BHLHE40,OGT,HDAC3,PER1,USP2,TOP1,DRD2,EGR1,ATF4,NR1D1,PML,DRD3,AHR,PPP1CC,ID1,NAMPT,ID4,RORC,PER3,PPP1CA,HNRNPU,RELB,ID2,ID3,GFPT1,PPARA,HDAC1,NCOA2,ZFHX3,CRY1,CARTPT,PASD1,CIART,HDAC2,SIRT1,NPAS2,RBM4B,MYBBP1A,RBM4,LGR4,BHLHE41,PPARGC1A,NOCT,MAGED1"
"GO:BP","muscle system process","GO:0003012","9.964379928293825e-30","29.001549721760195","432","1691","114","21017","APBB1,MEIS1,SLN,MSTN,CASQ2,SMAD7,CLIC2,FOXO3,NOL3,ROCK2,PDE5A,BMP10,UTS2,SOD1,ADA,TNF,IL1B,CRYAB,IGF1,EDN1,ENO1,ADRB2,ADRA2A,GNAO1,TPM1,HMOX1,PARP1,CHGA,KIT,MYL2,G6PD,DMD,EDN3,DRD2,KCNE1,ATP2A2,GJA1,PRKACA,CHRNB2,ADRA2B,ADRA2C,TACR2,DRD1,RYR1,HRC,EDNRB,IGFBP5,F2R,PLN,GSTM2,HTR1D,HTR2A,CD38,NOS3,NOS1,ADORA1,OXTR,SRI,CHRNB4,CASQ1,CHRNA3,SLC8A1,HTR7,PTGS2,PPARG,GDNF,LEP,HTR2B,MTOR,PTGER3,NOTCH1,P2RY1,GSK3A,EMD,MAP2K6,STC1,HDAC4,CAV3,FGF12,FKBP1B,GSTO1,ABAT,SMAD3,ANK2,PPARA,PPP3CA,PDE4D,ABCC8,KCNH2,DLG1,AKAP6,TRDN,CAMK2D,PRKG1,PRKD1,RYR3,EZH2,ZC3H12A,SULF1,TRPV1,TPCN2,RYR2,HDAC2,APBB2,JSRP1,NEDD4L,GPER1,PKP2,SPX,BBS2,PROK2,GHRL,KCNE5,CTDP1"
"GO:BP","kidney development","GO:0001822","1.234461429067108e-29","28.908522475116424","321","1691","96","21017","DLL1,OVOL1,NRP1,SMAD7,TP73,BCL2L11,SPRY1,GREM1,PRDM1,WFS1,SLIT2,BMP10,SGPL1,WNT11,MYC,PDGFB,TGFB1,CAT,PDGFA,ITGB3,EDN1,PKHD1,FGF2,CTSH,TACSTD2,RARA,BCL2,BMP4,LIF,VEGFA,PDGFRA,BMP7,EGR1,WT1,DDC,NF1,COMT,EDNRB,CD34,SDC4,CTNNB1,FBN1,HNF1B,SOX11,SERPINF1,GDNF,WNT5A,STAT1,BAG6,NOTCH1,SOX9,GPC3,WNT4,TGFB2,SMAD3,PKD1,ID3,ZBTB16,MEF2C,SOX4,BAX,PPP3CA,HYAL2,DLG1,FADD,NOG,ILK,PKD2,HES1,ANGPT1,SHH,RGN,ADIPOQ,EZH2,LRRK2,MAGI2,SULF1,SFRP1,FLCN,OSR1,TRAF3IP1,PROX1,HAS2,FOXJ1,WNK4,NKX3-1,CITED1,LZTS2,LGR4,GLIS2,WWTR1,SOX17,HEYL,CTNNBIP1,ADAMTS1,MAGED1"
"GO:BP","homologous chromosome segregation","GO:0045143","1.2559806793559935e-29","28.90101704126253","67","1691","43","21017","MEIKIN,SYCE3,MEIOC,SYCE1L,RNF212B,MSH4,SUN1,REC8,PTTG1,CCNE2,CCNE1,BAG6,PLK1,TERF1,UBE2B,CENPC,ATM,DMC1,ESPL1,SYCP1,TRIP13,MAJIN,RNF212,SYCE2,HORMAD1,TEX11,SYCE1,MEIOB,TERB1,SPATA22,P3H4,MAEL,NDC1,SYCP2,BRIP1,TEX15,TEX12,FANCD2,AGO4,CCNB1IP1,PTTG2,MLH3,SPO11"
"GO:BP","regulation of leukocyte mediated cytotoxicity","GO:0001910","1.6301598275860472e-29","28.78776981348817","92","1691","50","21017","LGALS9,NCR3,SH2D1A,NCR1,RASGRP1,CRTAM,TGFB1,ICAM1,PTPRC,LAMP1,CEACAM1,HLA-E,PVR,VAV1,PPP3CB,IL7R,HLA-G,LAG3,KLRK1,IL12A,IL12B,ARRB2,NOS2,LEP,XCL1,SERPINB4,CX3CR1,SERPINB9,STAT5B,F2RL1,B2M,FADD,AGER,MICB,HFE,PIK3R6,IL23R,RAET1L,RAET1G,RAET1E,HAVCR2,NECTIN2,SLAMF6,P2RX7,ULBP3,ULBP2,ULBP1,IL21,IL23A,STAP1"
"GO:BP","myeloid leukocyte migration","GO:0097529","1.8254431885938948e-29","28.73863167860804","237","1691","81","21017","CCL21,MSTN,CCL25,CXCL13,GREM1,SLIT2,C5,PDGFB,IL1B,PF4,CXCL10,ANXA1,CD74,IL4,SERPINE1,IL6,EDN1,LYN,THBS1,CTSG,HMGB1,CCL3,CHGA,KIT,BCR,CYP19A1,CCL4,CCL2,CCL5,EDN3,MIF,VAV1,VEGFA,DPEP1,LBP,AZU1,NF1,KITLG,PRTN3,EDNRB,PIK3R1,FCER1G,CCR7,SFTPD,PTGER4,RPS19,CD200,NBL1,CCR2,XCL1,CXCL12,NOV,CX3CR1,MMP14,STAT5B,EMP2,AIF1,TIRAP,TGFB2,CX3CL1,S100A12,ROR2,PTK2,C1QBP,CXCL9,SLAMF1,PTK2B,AGER,JAGN1,LGMN,CCL19,MMP28,TREM1,IL23A,PLCB1,RTN4,C5AR2,CD300A,RABGEF1,STAP1,TNFRSF11A"
"GO:BP","regulation of catecholamine secretion","GO:0050433","1.8905431352465215e-29","28.723413409184374","55","1691","39","21017","SYT7,PARK2,SNCG,PRKCB,CRH,ADRA2A,CHGA,DRD2,KCNA2,CHRNB2,ADRA2B,ADRA2C,CNR1,SYT1,HTR1B,HTR2A,ADORA2A,OXTR,DRD3,SNCA,GDNF,OPRK1,P2RY1,CXCL12,ABAT,KCNB1,CARTPT,STX1A,SYT6,SYT10,SYT9,SYT12,SYT8,DTNBP1,SYT3,SYT15,SYT11,SYT4,HRH3"
"GO:BP","reactive oxygen species metabolic process","GO:0072593","2.0824625427466205e-29","28.68142280150569","232","1691","80","21017","PXDNL,ACOD1,TLR4,CCS,FOXO3,PARK2,NDUFS3,TUSC2,DHFR,SOD1,EGFR,F2,HP,PDGFB,TGFB1,INS,TNF,CRYAB,CAT,SOD2,TP53,MPO,EDN1,TPO,GPX1,THBS1,SOD3,GSTP1,BCL2,TXN,MAPT,BCR,G6PD,DMD,VAV1,NQO1,CD36,BMP7,LPO,GPX3,MT3,NOS3,PRDX5,PRDX3,GCH1,PRDX2,NOS2,SFTPD,TGFBR2,SNCA,LEP,RAB27A,NAGLU,F2RL1,UCP2,SESN2,HBB,ATP7A,PRKCD,PRDX1,PPARA,PLA2R1,PRDX4,PTK2B,NFE2L2,HIF1A,CYP1B1,ZC3H12A,LRRK2,PID1,CYGB,PXDN,IMMP2L,PARK7,P2RX7,RNF41,DUOX2,DUOX1,NDUFA13,SESN1"
"GO:BP","striated muscle tissue development","GO:0014706","2.770684181376734e-29","28.55741297479594","398","1691","108","21017","MEIS1,DLL1,MSTN,SMAD7,TP73,HDAC3,GREM1,FOXH1,KCNK2,BMP10,HAND1,ABL1,TGFB1,RBP4,IGF1,EDN1,RB1,GPX1,FGF2,TPM1,RARA,BCL2,PRKAR1A,MYL2,EGR2,PIM1,G6PD,DMD,COL11A1,BMP4,MYF5,VEGFA,CREB1,PDGFRA,PPP3CB,GJA1,ENG,BMP7,EGR1,WT1,NF1,RYR1,ERBB3,BMP5,KEL,PLN,MSX1,CASQ1,ARRB2,SLC8A1,CTNNB1,MSX2,ACTN2,SOX11,BMPR1A,MTOR,NOTCH1,GSK3A,MEOX2,EMD,NAGLU,HDAC4,CAV3,WNT3A,SIK1,FOXL2,TGFB2,FKBP1A,SMAD3,CDK5,HNRNPU,NRG1,ID2,MEF2C,PPARA,PPP3CA,EP300,AKAP6,PRKAA1,NOG,PRKG1,KCNJ11,HLX,NR1D2,SHH,TWIST1,MAPK11,ARID2,ZFPM1,LEMD2,ZFPM2,RYR2,PROX1,TBX5,PRMT1,PKP2,CITED2,SEMA3C,JPH2,EGLN1,SAV1,HEYL,DLL4,CHD7,ADAMTS9,NDRG4,CTDP1,TLL2"
"GO:BP","calcium-ion regulated exocytosis","GO:0017156","3.996831146429961e-29","28.39828419893097","65","1691","42","21017","STXBP3,UNC13B,SYT7,BAIAP3,ADRA2A,PPP3CB,ATP2A2,RAB3A,SYT1,ZP3,NOTCH1,SNAP25,STX1B,STXBP1,VAMP2,CDK5,ZP4,REST,DOC2A,DOC2B,KCNB1,RAB3GAP1,VAMP3,STX1A,SYT6,SYT10,SYT9,RIMS1,CADPS2,SYT12,CBARP,UNC13C,SYT8,SCAMP5,SYN2,SYT3,SYT15,SYT11,SYT4,RIMS4,RIMS3,UNC13A"
"GO:BP","cellular response to tumor necrosis factor","GO:0071356","4.6728189228067144e-29","28.330421048068246","229","1691","79","21017","ACOD1,CCL21,AIM2,CCL25,FOXO3,PARK2,NOL3,BAG4,TNF,APOA1,TP53,EDN1,THBS1,GSTP1,HSPA1A,NLRP2B,CCL3,CCL4,CCL2,CCL5,PTPN2,NFKB1,NR1D1,TNFAIP3,CRHBP,FAS,NFKBIA,ZFP36,AKT1,GBP1,STAT1,TNFRSF4,XCL1,CX3CR1,CAMP,F2RL1,CX3CL1,ZFP36L1,DHX9,HYAL1,HYAL2,TRIM32,TRAF3,GPS2,ILK,PTK2B,GAS6,HES1,KCNJ11,ADIPOQ,NFE2L2,CYP1B1,PYDC2,ZC3H12A,LRRK2,DAB2IP,PID1,PIAS4,SFRP1,TRPV1,ZNF675,CACTIN,PYDC1,HAS2,TNFRSF14,SIRT1,NR1H4,ERBIN,GPER1,CCL19,NKX3-1,CIB1,TXNDC17,INPP5K,DCSTAMP,CYLD,PYCARD,TNFSF18,TNFRSF11A"
"GO:BP","cell surface receptor protein serine/threonine kinase signaling pathway","GO:0007178","5.235124840257433e-29","28.281072957387533","363","1691","102","21017","BMPR1B,MEN1,SDCBP,MSTN,SMAD7,OGT,PDPK1,SPRY1,ZEB2,CIDEA,GREM1,LPXN,FOXH1,BMP10,FSTL3,ABL1,TGFB1,FSHB,COL3A1,AMH,TP53,JUN,THBS1,HSP90AB1,INHBA,INHBB,PARP1,HSPA1A,TGFB3,BMP4,SRC,ENG,BMP7,EGR1,BMP5,CDH3,MSX1,PML,PBLD,ARRB2,MSX2,FBN1,SOX11,PPM1A,BMPR1A,ACVR1B,ACVRL1,TGFBR2,PPARG,STAT3,ID1,WNT5A,NBL1,NKX2-1,NOTCH1,NOV,GPC3,CAV3,TGFB2,FKBP1A,SMAD3,DAB2,PTK2,PPARA,LRP1,EP300,NOG,ILK,PIN1,HDAC1,BMPR2,LRRC32,HES1,PTPRK,STK11,RBBP7,HFE,SFRP4,MAGI2,SULF1,SPG20,SFRP1,FAM89B,ACVR1C,FLCN,HTRA1,HDAC2,SIRT1,SFRP2,NODAL,PRMT1,CITED1,CITED2,WWTR1,ING2,CHRD,BRMS1,GDF2,ING1,FZD1,STRAP,DMRT1"
"GO:BP","negative regulation of wound healing","GO:0061045","5.477243973962774e-29","28.261437913775268","72","1691","44","21017","CASK,F2,PLG,F12,PDGFB,TNF,APOE,FGA,FGB,FGG,APCS,APOH,KLKB1,PROC,PDGFA,HRG,KRT1,SERPINB2,SERPINE1,SERPING1,EDN1,SERPINE2,THBD,PROS1,THBS1,SERPINF2,FGF2,CEACAM1,PDGFRA,TSPAN8,NOS3,WNT4,PTEN,SMAD3,PLAUR,PRKCD,PRKG1,CLASP1,PHLDB2,ADAMTS18,UBASH3B,CPB2,C1QTNF1,WFDC1"
"GO:BP","intrinsic apoptotic signaling pathway","GO:0097193","6.113892160325082e-29","28.213682225830535","315","1691","94","21017","DDX3X,TP73,BCL2L11,SNAI2,PARK2,KDM1A,NBN,NOL3,NDUFS3,ARL6IP5,WFS1,SNAI1,SOD1,ABL1,MYC,HRAS,INS,TNF,EPO,SOD2,CD74,TP53,LCK,ENO1,GPX1,PARP1,HSPA1A,BCL2,SRC,MIF,CEBPB,PTPN2,ATF4,IL10,SFPQ,PIK3R1,MSX1,PML,ERP29,DNAJA1,AKT1,CTNNB1,PTGS2,CASP3,CASP2,MSH2,BAG6,CXCL12,BRCA2,MSH6,TMBIM6,CDKN2D,RACK1,PRKDC,PLAUR,PRKCD,BAX,BCL2L1,EP300,TRIM32,MAPK7,ATM,HDAC1,CUL4A,ITPR1,NONO,STK11,NFE2L2,HIF1A,IFI16,CYP1B1,LRRK2,DAB2IP,CCAR2,PIAS4,FLCN,DYRK2,BAD,SIRT1,ERO1A,SFRP2,MAEL,PARK7,NKX3-1,MYBBP1A,ING2,CYLD,NDUFA13,PYCARD,UBQLN1,BOK,FZD1,FBXO7,STK24"
"GO:BP","regulation of leukocyte chemotaxis","GO:0002688","7.960271140670127e-29","28.099072139185527","123","1691","57","21017","LGALS9,CCL21,MSTN,TNFSF14,CXCL13,GREM1,SLIT2,OXSR1,C5,CXCL10,CD74,IL4,SERPINE1,IL6,EDN1,LYN,THBS1,F7,HMGB1,CCL3,CYP19A1,CCL4,CCL2,CCL5,EDN3,MIF,VEGFA,LBP,PTN,KLRK1,IL12A,CCR7,WNT5A,NBL1,CCR2,XCL1,CXCL12,NOV,CX3CR1,AIF1,F2RL1,TIRAP,PTK2,C1QBP,SLAMF1,PTK2B,GPR18,GAS6,LGMN,CCL19,MMP28,WNK1,IL23A,C5AR2,STK39,STAP1,PADI2"
"GO:BP","morphogenesis of a branching epithelium","GO:0061138","8.777641271614916e-29","28.05662217206038","189","1691","71","21017","NRP1,SEMA3E,SPINT2,SPRY1,SNAI2,GREM1,SLIT2,ABL1,MYC,EGF,TGFB1,TNF,ESR1,PDGFA,EDN1,PKHD1,FGF2,CTSH,TACSTD2,BCL2,BMP4,SRC,VEGFA,ENG,BMP7,WT1,HOXA5,IL10,PML,CTNNB1,MSX2,TIE1,HNF1B,TGFBR2,GDNF,WNT5A,NKX2-1,NOTCH1,SOX9,MMP14,GPC3,CAV3,WNT4,PPP1CA,PKD1,FOXF1,DLG1,STK4,PAK1,NOG,ILK,PKD2,IHH,SHH,NRARP,SULF1,SFRP1,PROX1,SFRP2,RBM15,PHB2,NKX3-1,CITED1,SEMA3C,LGR4,DLL4,CTNNBIP1,GDF2,TIMELESS,BTRC,MAGED1"
"GO:BP","transforming growth factor beta receptor superfamily signaling pathway","GO:0141091","1.0077568308529498e-28","27.996644249397498","341","1691","98","21017","BMPR1B,MEN1,SDCBP,MSTN,SMAD7,OGT,PDPK1,SPRY1,ZEB2,CIDEA,GREM1,LPXN,FOXH1,BMP10,FSTL3,ABL1,TGFB1,FSHB,COL3A1,TP53,JUN,THBS1,HSP90AB1,INHBA,INHBB,PARP1,HSPA1A,TGFB3,BMP4,SRC,ENG,BMP7,EGR1,BMP5,CDH3,MSX1,PML,PBLD,ARRB2,MSX2,FBN1,SOX11,PPM1A,BMPR1A,ACVR1B,ACVRL1,TGFBR2,PPARG,STAT3,ID1,WNT5A,NBL1,NKX2-1,NOTCH1,GPC3,CAV3,TGFB2,FKBP1A,SMAD3,DAB2,PTK2,PPARA,EP300,NOG,ILK,PIN1,HDAC1,BMPR2,LRRC32,HES1,PTPRK,STK11,RBBP7,HFE,SFRP4,MAGI2,SULF1,SPG20,SFRP1,FAM89B,ACVR1C,FLCN,HTRA1,HDAC2,SIRT1,SFRP2,NODAL,PRMT1,CITED1,CITED2,ING2,CHRD,BRMS1,GDF2,ING1,FZD1,STRAP,DMRT1"
"GO:BP","cellular response to metal ion","GO:0071248","1.1788582794599544e-28","27.928538401985485","200","1691","73","21017","SYT7,PARK2,TRPM2,EGFR,PRNP,MT1A,EDN1,JUN,TH,MT1B,FBP1,INHBB,HMOX1,PARP1,MT1G,BRAF,NQO1,ALOX15,CREB1,DPEP1,ATF4,CAPN3,SYT1,RYR1,CRHBP,MT3,ITPKB,AKT1,PTGS2,SERPINF1,SNCA,WNT5A,MAPK8,MAPK9,CDKN1B,GSK3A,PRKAA2,UCP2,B2M,SUMO1,DLG4,MT1H,MT1X,ATP7A,MEF2C,DMTN,ADCY1,ANK3,PRKAA1,CAMK2D,PKD2,KCNB1,RYR3,SHH,NFE2L2,HFE,LRRK2,SYT6,SYT10,SYT9,SYT12,NLGN1,MT1M,SYT8,LGMN,SYT3,SYT15,SYT11,MCOLN1,SYT4,TLR9,STK39,NRXN1"
"GO:BP","negative regulation of response to wounding","GO:1903035","1.2185990951193443e-28","27.914139148700325","95","1691","50","21017","CASK,IL33,F2,PLG,F12,PDGFB,TNF,APOE,FGA,FGB,FGG,APCS,APOH,KLKB1,PROC,PDGFA,HRG,KRT1,SERPINB2,SERPINE1,SERPING1,EDN1,SERPINE2,THBD,PROS1,THBS1,SERPINF2,FGF2,SPP1,CEACAM1,PDGFRA,TSPAN8,PTPN6,NOS3,STAT3,WNT4,PTEN,SMAD3,PLAUR,PRKCD,PRKG1,CLASP1,PHLDB2,ADAMTS18,UBASH3B,CERS2,CPB2,C1QTNF1,RTN4R,WFDC1"
"GO:BP","cardiac chamber morphogenesis","GO:0003206","1.3483986353608108e-28","27.87018169567611","124","1691","57","21017","NRP1,SMAD7,SLIT3,FOXH1,SLIT2,BMP10,HAND1,WNT11,TGFB1,RBP4,TP53,TPM1,MYL2,COL11A1,BMP4,ENG,BMP7,BMP5,NOS3,MSX2,SOX11,BMPR1A,TGFBR2,NOTCH1,NPY2R,GSK3A,NAGLU,CAV3,TGFB2,FKBP1A,NRG1,MEF2C,SOX4,FOXF1,NOG,BMPR2,HES1,NPY5R,HIF1A,ZFPM1,ZFPM2,RYR2,PROX1,SFRP2,RBM15,TBX5,PKP2,CITED2,SEMA3C,EGLN1,SAV1,HEYL,DLL4,CHD7,ADAMTS1,FZD1,ROBO1"
"GO:BP","ovarian follicle development","GO:0001541","1.6371321747579161e-28","27.785916256171","57","1691","39","21017","BMPR1B,EREG,VGF,MSH4,FOXO3,SOD1,GNRH1,FSHB,ESR1,ANG,AMH,INHA,INHBA,INHBB,BCL2,KIT,SRC,VEGFA,CEBPB,NPR2,KITLG,ZP3,NPPC,FSHR,CTNNA1,MMP14,FOXL2,BAX,BCL2L1,EIF2B5,ATM,DMC1,DMRTA1,GPR149,LFNG,IMMP2L,EIF2B4,SPO11,PCYT1B"
"GO:BP","response to tumor necrosis factor","GO:0034612","2.0646281726216287e-28","27.685158150844774","250","1691","82","21017","ACOD1,CCL21,AIM2,CCL25,FOXO3,PARK2,NOL3,BAG4,TNF,APOA1,TP53,EDN1,THBS1,GSTP1,HSPA1A,NLRP2B,CCL3,CCL4,CCL2,CCL5,PTPN2,NFKB1,NR1D1,TNFAIP3,CRHBP,FAS,NFKBIA,ZFP36,GCH1,AKT1,GBP1,PTGS2,STAT1,CASP3,TNFRSF4,XCL1,CX3CR1,CAMP,F2RL1,CX3CL1,ZFP36L1,DHX9,HYAL1,HYAL2,TRIM32,TRAF3,GPS2,ILK,PTK2B,GAS6,HES1,KCNJ11,ADIPOQ,NFE2L2,CYP1B1,PYDC2,ZC3H12A,LRRK2,DAB2IP,PID1,PIAS4,SFRP1,TRPV1,ZNF675,CACTIN,PYDC1,HAS2,TNFRSF14,SIRT1,NR1H4,ERBIN,GPER1,CCL19,NKX3-1,CIB1,TXNDC17,INPP5K,DCSTAMP,CYLD,PYCARD,TNFSF18,TNFRSF11A"
"GO:BP","regulation of cell-matrix adhesion","GO:0001952","2.7277751607085143e-28","27.564191429648915","121","1691","56","21017","CCL21,ITGB1BP1,NRP1,CASK,SEMA3E,CCL25,GREM1,ROCK2,ABL1,HRG,THY1,APOD,ITGB3,SERPINE1,THBS1,PKHD1,BCL2,DMD,SRC,MYF5,VEGFA,CD36,VCL,NF1,EPHA1,PIK3R1,HOXA7,SDC4,CCR7,NF2,ACVRL1,BCL6,CDKN2A,GSK3B,MMP14,DUSP3,EMP2,WNT4,PTEN,CX3CL1,SMAD3,PTK2,DMTN,PTPRJ,ADAM15,GPM6B,PTK2B,CLASP1,PHLDB2,LDB1,SFRP1,DLC1,CIB1,CCL28,RCC2,CORO1C"
"GO:BP","canonical Wnt signaling pathway","GO:0060070","3.0318459719456112e-28","27.51829286611164","309","1691","92","21017","FZD9,DDX3X,WNT7A,DVL1,KLF4,FOXO3,SNAI2,PARK2,ZEB2,FZD6,GREM1,VPS4B,PPM1B,ATP6AP2,TNKS,SNAI1,RECK,APC2,WNT11,EGFR,EGF,TGFB1,APOE,EDN1,FGF2,SRC,EGR1,NFKB1,RAB5A,CDH3,MCC,EDNRB,CTNNB1,PPM1A,WNT5A,NOTCH1,SOX9,GSK3A,GSK3B,EMD,GPC3,WNT3,WNT3A,WNT4,PTEN,PPP1CA,UBE2B,SMAD3,DAB2,SOX4,STK4,STK3,NOG,ILK,PIN1,HDAC1,SEMA5A,SHH,STK11,LRRK2,SFRP5,DAB2IP,SFRP4,JADE1,CAPRIN2,NRARP,CCAR2,SFRP1,DRAXIN,UBAC2,PTPRU,EDA,NKD1,DACT3,SFRP2,VPS35,LZTS2,FUZ,LGR4,WWTR1,TNKS2,ADNP,WNK1,SOX17,TCF7L2,CYLD,CTNNBIP1,MAD2L2,FZD4,FZD1,BTRC,AXIN2"
"GO:BP","negative regulation of kinase activity","GO:0033673","3.579811143022912e-28","27.446139884447327","158","1691","64","21017","MEN1,IPO5,ITGB1BP1,PDPK1,PARK2,SOCS5,ABL1,IFNG,IL1B,APOE,THY1,RB1,LYN,PTPRC,GSTP1,MAPT,PRKAR1A,CEACAM1,TRIM27,NF1,EPHA1,PRDX3,DNAJA1,AKT1,SLC8A1,PPARG,SNCA,CDKN2A,CDKN1B,DUSP3,PLK1,CAV3,PTEN,PKIA,ADARB1,HNRNPU,PRKCD,HYAL2,PTPRJ,PPP2R5A,TARBP2,ADIPOQ,MIDN,DAB2IP,LAX1,LILRB4,ZNF675,PYDC1,SIRT1,CDK5RAP3,TRIB1,PARK7,CHP1,INPP5K,SRCIN1,WWTR1,CD300A,CORO1C,PYCARD,FOXA2,PKIG,PTPN22,IRS2,IRAK3"
"GO:BP","catecholamine secretion","GO:0050432","3.940125563406289e-28","27.40448993791413","61","1691","40","21017","SYT7,PARK2,SNCG,PRKCB,CRH,ADRA2A,CHGA,DRD2,KCNA2,CHRNB2,ADRA2B,ADRA2C,CNR1,SYT1,COMT,HTR1B,HTR2A,ADORA2A,OXTR,DRD3,SNCA,GDNF,OPRK1,P2RY1,CXCL12,ABAT,KCNB1,CARTPT,STX1A,SYT6,SYT10,SYT9,SYT12,SYT8,DTNBP1,SYT3,SYT15,SYT11,SYT4,HRH3"
"GO:BP","negative regulation of calcium ion transport","GO:0051926","3.940125563406289e-28","27.40448993791413","61","1691","40","21017","SLN,GNB5,CASQ2,CLIC2,SPINK1,TGFB1,EPO,SEMG1,ADRA2A,MRLN,BCL2,TRIM27,DRD2,PPP3CB,DRD4,PLN,GSTM2,NOS3,NOS1,SRI,NTSR1,PTGS2,STC1,TMBIM6,CAV3,FKBP1B,GSTO1,FMR1,PPP3CA,TRDN,PKD2,HES1,CBARP,LILRB2,INPP5K,GPR35,TLR9,PACSIN3,UBQLN1,SLC30A1"
"GO:BP","regulation of hemostasis","GO:1900046","4.1501194684842025e-28","27.38193940117787","71","1691","43","21017","F2,PLG,F12,PDGFB,APOE,FGA,FGB,FGG,APOH,KLKB1,PROC,PDGFA,HRG,KRT1,SERPINB2,SERPINE1,SERPING1,EDN1,SERPINE2,THBD,PROS1,THBS1,SERPINF2,F7,CEACAM1,PDGFRA,CD36,TPH1,TSPAN8,F2R,NOS3,PRDX2,F2RL1,PLAUR,PRKCD,DMTN,PRKG1,NFE2L2,ADAMTS18,UBASH3B,CPB2,C1QTNF1,FOXA2"
"GO:BP","meiotic chromosome segregation","GO:0045132","4.1721533142322655e-28","27.37963974092104","93","1691","49","21017","MEIKIN,SYCE3,MEIOC,SYCE1L,RNF212B,AURKA,MSH4,SUN1,REC8,PTTG1,CCNE2,CCNE1,PPP2R1A,TTK,BAG6,PLK1,TERF1,PTEN,UBE2B,CENPC,ATM,DMC1,ESPL1,SYCP1,TRIP13,MAJIN,RNF212,SYCE2,HORMAD1,TEX11,SYCE1,MEIOB,TERB1,SPATA22,M1AP,P3H4,MAEL,NDC1,SYCP2,BRIP1,TEX15,TEX12,FANCD2,AGO4,CCNB1IP1,PTTG2,MLH3,FBXO5,SPO11"
"GO:BP","positive regulation of growth","GO:0045927","4.302543330933155e-28","27.366274747196705","258","1691","83","21017","DLL1,SDCBP,DDX3X,NRP1,SMAD7,FOXS1,PARK2,SEMA7A,PSMD10,WFS1,BMP10,NTN1,EGFR,F2,GHRH,INS,FN1,ERBB2,IGF1,EDN1,FGF2,BCL2,MAPT,PIM1,DRD2,EZR,VEGFA,CREB1,WT1,CAPN3,SYT1,ZP3,CD38,GDI1,AKT1,BMPR1A,LEP,MTOR,NOTCH1,MAP1B,CXCL12,MMP14,STAT5B,WNT3,WNT3A,TGFB2,CSNK2A1,SLC6A3,NRG1,GHRHR,PPARD,MEF2C,HYAL1,AKAP6,TRIM32,MAP2K5,SEMA5A,BMPR2,PTK2B,HLX,RIMS1,SFRP1,ZFPM2,PROX1,SEMA4D,MUL1,SFRP2,NEDD4L,BBS4,TBX5,CIB1,SYT3,BBS2,DERL2,BCL11A,SYT4,ADNP,PLCB1,CDKN2AIP,CHD7,GHRL,ZNF639,UNC13A"
"GO:BP","response to radiation","GO:0009314","4.744287091633489e-28","27.32382903833273","430","1691","111","21017","AGRP,MEN1,BHLHE40,GNB5,PER1,XRCC2,SNAI2,KDM1A,USP2,EGFR,TIMP1,MYC,HRAS,TGFB1,COL3A1,CRYAB,CXCL10,HMGCR,CAT,ANXA1,SOD2,TP53,TH,GPX1,THBD,ERCC1,ELANE,PTPRC,PARP1,NPS,BCL2,NR2F6,TXN,KIT,XRCC5,DRD2,TYR,BRAF,KCNE1,CHRNB2,EGR1,ATF4,NF1,DRD1,COMT,PIK3R1,IL12A,IL12B,PML,GNA11,AKT1,DRD3,PPP1CC,CASP3,MSH2,MAPK8,NEDD4,BRCA2,MSH6,MAPK10,CDKN2D,PER3,SIK1,PPP1CA,RHOB,UBE2B,PRKDC,CDK5,ID2,PRKCD,RAD51,BAX,BCL2L1,ABCC8,EP300,HYAL1,HYAL2,TRIM32,PRKAA1,NOG,ATM,UNC119,CUL4A,PTPRK,MAPK11,STK11,RPE65,CRY1,AANAT,HIF1A,IFI16,CRTC1,METTL3,DCUN1D3,CCAR2,SFRP1,BRSK1,ERCC4,TP53INP1,SIRT1,SFRP2,BARD1,RBM4B,RBM4,FANCD2,ABCG5,SEMA5B,EIF2AK4,OPN4,NDRG4,RAD54B"
"GO:BP","blood vessel endothelial cell migration","GO:0043534","5.4356362646280205e-28","27.264749612563197","118","1691","55","21017","ITGB1BP1,NRP1,PDPK1,KLF4,GREM1,SLIT2,ABL1,PLG,PDGFB,TGFB1,TNF,APOA1,APOE,ANXA1,HRG,GPX1,THBS1,FGF2,HMGB1,HMOX1,ETS1,VEGFA,PLCG1,NF1,GATA2,NOS3,AKT1,PTGS2,ACVRL1,PPARG,ID1,NOTCH1,MEOX2,EMP2,MEF2C,EGR3,MAP2K5,PTK2B,PRKD1,ANGPT1,NFE2L2,HIF1A,CYP1B1,AMOT,VASH1,SIRT1,CIB1,RGCC,MMRN2,DLL4,GDF2,HDAC5,ANGPT4,STARD13,ROBO1"
"GO:BP","glucose homeostasis","GO:0042593","5.815095284240501e-28","27.235443164670556","259","1691","83","21017","STXBP3,UNC13B,VGF,OGT,FOXO3,WFS1,BAIAP3,TGFB1,POMC,INS,RBP4,IL6,ICAM1,CRH,TH,GPX1,ADRA2A,PPP3CB,PRKACA,PTPN2,NR1D1,CNR1,IGFBP5,PIK3R1,SRI,AKT1,IRS1,SERPINF1,PPARG,STAT3,OPRK1,LEP,HNF4A,MTNR1B,SMARCA4,PRKAA2,UCP2,CAV3,SESN2,VSNL1,RACK1,FKBP1B,SMAD3,PRKCE,PTPN11,SOX4,PPP3CA,ABCC8,PRKAA1,GAS6,KCNJ11,KCNB1,AGER,GPR68,STK11,ADIPOQ,CRY1,CARTPT,HIF1A,PTPRN,ADIPOR2,PIM3,ADGRF5,NDUFAF2,JAGN1,PTPRN2,BAD,ADIPOR1,SIRT1,CPB2,NR1H4,PARK7,GPER1,INPP5K,RBM4,RAB11FIP5,ENY2,TCF7L2,PPARGC1A,GHRL,FOXA2,STXBP5L,IRS2"
"GO:BP","regulation of carbohydrate metabolic process","GO:0006109","6.325898071392421e-28","27.198877810110535","179","1691","68","21017","OGT,PARK2,NCOR1,PDGFB,EGF,TGFB1,POMC,INS,IFNG,TP53,IGF1,FBP1,SRC,PRKACA,PTPN2,IGFBP3,NFKB1,ENPP1,HTR2A,NTSR1,AKT1,IRS1,ARL2,SNCA,STAT3,LEP,MTOR,P2RY1,GSK3A,GSK3B,RORC,PRKAA2,HDAC4,SIK1,SESN2,PPP1CA,PPP2CA,CLTC,PRKCE,PPARA,EP300,PRKAA1,GRB10,PRKG1,RGN,NCOA2,STK11,ADIPOQ,CRY1,HIF1A,MIDN,FLCN,DYRK2,HAS2,KAT2B,BAD,USP7,ADIPOR1,SIRT1,GPER1,P2RX7,INPP5K,C1QTNF1,C1QTNF3,TCF7L2,PPARGC1A,FOXA2,IRS2"
"GO:BP","regulation of extrinsic apoptotic signaling pathway","GO:2001236","7.663857912074983e-28","27.11555255567453","155","1691","63","21017","TLR4,BMPR1B,DDX3X,NRP1,SNAI2,NOL3,BCL10,TNF,IL1B,COL2A1,FGA,FGB,FGG,PF4,CSF2,IGF1,IL4,SERPINE1,ICAM1,ITGAV,GPX1,THBS1,INHBA,PTPRC,GSTP1,HMOX1,HSPA1A,BCL2,BMP4,SRC,NF1,TNFAIP3,BMP5,SP100,NOS3,PML,PPP2R1A,AKT1,PRDX2,CTNNA1,GDNF,HTT,GSK3B,PPP1CA,CX3CL1,NRG1,BCL2L1,HYAL2,STK4,FADD,MAP2K5,MAPK7,STK3,PEA15,SFRP1,TMBIM1,SFRP2,PARK7,GPER1,TCF7L2,CYLD,PYCARD,FAF1"
"GO:BP","carbohydrate homeostasis","GO:0033500","7.856450384861153e-28","27.104773627811067","260","1691","83","21017","STXBP3,UNC13B,VGF,OGT,FOXO3,WFS1,BAIAP3,TGFB1,POMC,INS,RBP4,IL6,ICAM1,CRH,TH,GPX1,ADRA2A,PPP3CB,PRKACA,PTPN2,NR1D1,CNR1,IGFBP5,PIK3R1,SRI,AKT1,IRS1,SERPINF1,PPARG,STAT3,OPRK1,LEP,HNF4A,MTNR1B,SMARCA4,PRKAA2,UCP2,CAV3,SESN2,VSNL1,RACK1,FKBP1B,SMAD3,PRKCE,PTPN11,SOX4,PPP3CA,ABCC8,PRKAA1,GAS6,KCNJ11,KCNB1,AGER,GPR68,STK11,ADIPOQ,CRY1,CARTPT,HIF1A,PTPRN,ADIPOR2,PIM3,ADGRF5,NDUFAF2,JAGN1,PTPRN2,BAD,ADIPOR1,SIRT1,CPB2,NR1H4,PARK7,GPER1,INPP5K,RBM4,RAB11FIP5,ENY2,TCF7L2,PPARGC1A,GHRL,FOXA2,STXBP5L,IRS2"
"GO:BP","fat cell differentiation","GO:0045444","8.895351372336088e-28","27.050836892318365","238","1691","79","21017","KLF4,SNAI2,TGFB1,INS,TNF,SOD2,IL6,GPX1,ADRB2,ADRB1,INHBB,EGR2,PIM1,ADRB3,CREB1,PDGFRA,CEBPB,TPH1,BMP7,NR1D1,NPR2,IL11,ENPP1,GATA2,ZFP36,HTR2A,HTR2C,AKT1,PTGS2,MSX2,SREBF1,PPARG,LEP,WNT5A,ID4,RORC,HMGA2,WNT3A,SMAD3,HNRNPU,ID2,PPARD,ZBTB16,RNASEL,ZFP36L1,EP300,STK4,TRIM32,STK3,GPS2,HES1,CCDC85B,ADIPOQ,ZC3H12A,FFAR4,BBS7,ADGRF5,SFRP1,FLCN,ZFPM2,SIRT1,ERO1A,SFRP2,BBS4,GPER1,BBS2,C1QTNF3,OSBPL8,WWTR1,SAV1,RETN,PLCB1,TCF7L2,PLAC8,PPARGC1A,NOCT,ATF5,AXIN2,MAFB"
"GO:BP","temperature homeostasis","GO:0001659","9.12903493575451e-28","27.03957513092454","185","1691","69","21017","TLR4,SLN,OGT,HDAC3,HCRT,KDM1A,CIDEA,TRPM2,OXT,TNF,IL1B,IL4,RB1,GPX1,ADRB2,ADRB1,THRA,ADRB3,DRD2,VEGFA,CD36,GJA1,CEBPB,EGR1,ADCYAP1,ATF4,NR1D1,CNR1,DRD1,IL4R,EDNRB,HTR2A,ADORA1,OXTR,NTSR1,IL13,PTGS2,STAT3,ID1,LEP,CCR2,STAT6,PTGER3,NOTCH1,SMARCA4,MAP2K6,NR1H2,UCP2,ABAT,NR1H3,GRB10,SQSTM1,IRF4,STK11,ADIPOQ,HADH,FFAR4,ADIPOR2,TRPV1,FLCN,ADIPOR1,ARRDC3,ABHD6,LGR4,PLAC8,PPARGC1A,GHRL,PLCL2,TNFRSF11A"
"GO:BP","negative regulation of cell cycle","GO:0045786","9.970025474438088e-28","27.001303732019963","388","1691","104","21017","MEIOC,EME2,APBB1,MEN1,IPO5,OVOL1,ALOX15B,SUV39H1,KLF4,XRCC3,NBN,UFL1,TRIM37,TNKS,ABL1,EGFR,TGFB1,TNF,TP53,INHA,RB1,LYN,INHBA,NLRP2B,BCL2,TPR,BMP4,CCL2,ETS1,LIF,HLA-G,BMP7,ADCYAP1,NPR2,IL10,NPPC,PML,TTK,CTNNB1,PTGS2,BCL6,CASP3,CASP2,CDKN2A,MSH2,CDKN1B,BRCA2,PLK1,TERF1,CDKN2D,PRMT2,PTEN,RHOB,PRKDC,CDK5,PTPN11,RAD51,ZFP36L1,DLG1,ATM,PKD2,CUL4A,SCRIB,ESPL1,GPNMB,PTPRK,RPS6KA2,TERF2,TRIP13,EZH2,CRY1,FBXO43,DAB2IP,JADE1,CDC73,HORMAD1,CRLF3,DCUN1D3,CCAR2,BRSK1,BTN2A2,PROX1,KAT2B,APBB2,RAD50,EME1,SIRT1,SIPA1,CDK5RAP3,MUS81,GPER1,BARD1,BRIP1,FANCD2,TSPYL2,RGCC,EIF2AK4,MAD2L2,FBXO5,TIMELESS,ATF5,FBXO7,DMRT1,MAD1L1"
"GO:BP","regulation of blood coagulation","GO:0030193","1.3580293756257102e-27","26.86709083570046","69","1691","42","21017","F2,PLG,F12,PDGFB,APOE,FGA,FGB,FGG,APOH,KLKB1,PROC,PDGFA,HRG,KRT1,SERPINB2,SERPINE1,SERPING1,EDN1,SERPINE2,THBD,PROS1,THBS1,SERPINF2,F7,CEACAM1,PDGFRA,CD36,TSPAN8,F2R,NOS3,PRDX2,F2RL1,PLAUR,PRKCD,DMTN,PRKG1,NFE2L2,ADAMTS18,UBASH3B,CPB2,C1QTNF1,FOXA2"
"GO:BP","cell surface receptor signaling pathway via STAT","GO:0097696","1.3911334196548856e-27","26.856631216060283","176","1691","67","21017","SOCS6,LEPROT,SOCS5,F2,EGF,TGFB1,PRL,TNF,IFNA2,IFNB1,IFNG,EPO,CSF2,IGF1,IL4,IL6,LYN,PTPRC,KIT,CCL2,CCL5,OSM,LIF,FER,IL7R,PTPN2,IL10,FGFR3,F2R,IL12A,IL12B,PPP2R1A,IL13,NF2,PPARG,STAT3,LEP,CCR2,STAT1,STAT6,NOTCH1,STAT5B,JAK3,NAGLU,PPP2CA,HAMP,PKD1,EP300,IL24,NMI,PKD2,PTK2B,HES1,CYP1B1,IL23R,CTR9,IFNL1,CRLF3,IFNL3,IL31RA,PIBF1,HDAC2,ADIPOR1,IL21,IL23A,TNFSF18,CAMK2A"
"GO:BP","negative regulation of endothelial cell migration","GO:0010596","1.429982919310366e-27","26.84466915001295","53","1691","37","21017","KRIT1,ITGB1BP1,KLF4,CXCL13,SLIT2,BMP10,TGFB1,TNF,APOE,APOH,HRG,DCN,THBS1,FGF2,HMGB1,SP100,PTPRM,SERPINF1,ACVRL1,PPARG,NOTCH1,MEOX2,STC1,SYNJ2BP,MEF2C,MAP2K5,DAB2IP,VASH1,SVBP,RGCC,MMRN2,DLL4,ADAMTS9,GDF2,HDAC5,ANGPT4,STARD13"
"GO:BP","response to monosaccharide","GO:0034284","1.6094198536313605e-27","26.793330645565693","218","1691","75","21017","UNC13B,OGT,FOXO3,BAIAP3,TGFB1,TNF,APOA2,CAT,SOD2,ICAM1,PRKCB,CRH,TH,GPX1,THBS1,ADRA2A,PPP3CB,PRKACA,PFKL,EGR1,NR1D1,SRI,PTGS2,HNF1B,SERPINF1,SREBF1,OPRK1,LEP,HNF4A,CASP3,CDKN1B,SMARCA4,PRKAA2,UCP2,SESN2,VSNL1,VAMP2,RACK1,FKBP1B,SMAD3,PRKCE,SOX4,PPARA,PPP3CA,ABCC8,PRKAA1,EIF2B5,PTK2B,GAS6,KCNJ11,KCNB1,AGER,GPR68,ADIPOQ,HIF1A,PTPRN,SARM1,PIM3,NDUFAF2,JAGN1,ACVR1C,PTPRN2,BAD,CPB2,NR1H4,GPER1,RBM4,RAB11FIP5,ENY2,PLCB1,TCF7L2,GHRL,EIF2B4,FOXA2,IRS2"
"GO:BP","calcium-mediated signaling","GO:0019722","1.6094198536313605e-27","26.793330645565693","218","1691","75","21017","CASQ2,CLIC2,PDPK1,TRPA1,ADA,POMC,TNF,PRNP,IGF1,EDN1,CCL3,MAPT,IAPP,DMD,CCL4,PDGFRA,PPP3CB,ATP2A2,PRKACA,PLCG1,RYR1,ERBB3,HRC,EDNRB,PLN,GSTM2,HTR2C,CASQ1,CCR7,SLC8A1,GBP1,OPRL1,HTR2B,CCR2,MTOR,HTT,CX3CR1,GSK3B,GPR143,HDAC4,FKBP1B,GSTO1,ANK2,BTK,PPP3CA,AKAP6,PRKAA1,MAPK7,NR5A1,CAMK2D,PKD2,ITPR3,ITPR1,RASA3,KCNJ11,PRKD1,RYR3,RGN,LRRK2,TRAT1,TBC1D10C,CHERP,TRPV1,TPCN2,DYRK2,RYR2,PPP1R9B,CHP1,CIB1,MCOLN1,LACRT,SLA2,PPP1R9A,TPCN1,PTGDR2"
"GO:BP","branching morphogenesis of an epithelial tube","GO:0048754","1.8051045946871893e-27","26.743497628340368","157","1691","63","21017","NRP1,SEMA3E,SPRY1,GREM1,SLIT2,ABL1,MYC,EGF,TGFB1,TNF,ESR1,EDN1,PKHD1,FGF2,CTSH,TACSTD2,BCL2,BMP4,SRC,VEGFA,ENG,BMP7,WT1,HOXA5,PML,CTNNB1,MSX2,TIE1,HNF1B,TGFBR2,GDNF,WNT5A,NKX2-1,NOTCH1,SOX9,MMP14,GPC3,CAV3,WNT4,PPP1CA,PKD1,FOXF1,DLG1,STK4,PAK1,NOG,ILK,PKD2,IHH,SHH,NRARP,SFRP2,RBM15,PHB2,NKX3-1,CITED1,LGR4,DLL4,CTNNBIP1,GDF2,TIMELESS,BTRC,MAGED1"
"GO:BP","connective tissue development","GO:0061448","1.8757416063504444e-27","26.726826988273153","292","1691","88","21017","UNCX,BMPR1B,WNT7A,SMAD7,SNAI2,GREM1,BMP10,SNAI1,HAND1,WNT11,TIMP1,HRAS,PDGFB,TGFB1,COL2A1,COL3A1,TYMS,ITGB3,EDN1,RB1,MGP,FGF4,FGF2,PARP1,RARA,FGF6,THRA,DMD,COL11A1,BMP4,MYF5,BMP1,BMP7,EGR1,WT1,NPR2,HOXA5,BMP5,FGFR3,NPPC,MSX1,CD34,CTNNB1,MSX2,BMPR1A,ACVRL1,TGFBR2,PPARG,LEP,WNT5A,NOTCH1,ID4,SOX9,NOV,RORC,STC1,HMGA2,SMAD3,PKD1,PPARD,ATP7A,ZBTB16,PTPN11,MEF2C,HYAL1,HYAL2,PRKAA1,NOG,BMPR2,IHH,NCOA2,NCOA1,HIF1A,PKDCC,BMP8A,SULF1,SPG20,OSR1,ARRDC3,SIRT1,SFRP2,NR1H4,BBS4,BBS2,PPARGC1A,GHRL,GDF2,AXIN2"
"GO:BP","positive regulation of leukocyte migration","GO:0002687","2.5439251969624323e-27","26.594495663080252","153","1691","62","21017","LGALS9,CCL21,MSTN,TNFSF14,CXCL13,OXSR1,ABL1,TGFB1,TNF,CXCL10,THY1,CD74,ITGB3,IL4,SERPINE1,IL6,EDN1,ICAM1,THBS1,F7,HMGB1,CCL3,CCL4,CCL5,EDN3,VEGFA,SPN,LBP,PTN,KITLG,ZP3,PIK3R1,IL12A,CORO1A,CCR7,WNT5A,CCR2,BDKRB1,XCL1,CXCL12,CX3CR1,MMP14,AIF1,F2RL1,TIRAP,CX3CL1,PTK2,C1QBP,FADD,SLAMF1,PTK2B,GAS6,AGER,TNFRSF14,LGMN,CCL19,WNK1,IL23A,RTN4,STK39,PYCARD,TNFSF18"
"GO:BP","regulation of transmembrane receptor protein serine/threonine kinase signaling pathway","GO:0090092","2.571863004237626e-27","26.589752168752565","264","1691","83","21017","MEN1,SDCBP,SMAD7,OGT,PDPK1,SPRY1,ZEB2,CIDEA,GREM1,BMP10,FSTL3,ABL1,TGFB1,AMH,TP53,THBS1,HSP90AB1,INHBA,PARP1,HSPA1A,TGFB3,BMP4,ENG,BMP7,BMP5,CDH3,MSX1,PBLD,MSX2,FBN1,SOX11,PPM1A,BMPR1A,ACVR1B,ACVRL1,TGFBR2,PPARG,WNT5A,NBL1,NKX2-1,NOTCH1,NOV,GPC3,CAV3,TGFB2,FKBP1A,SMAD3,DAB2,PPARA,LRP1,EP300,NOG,ILK,PIN1,HDAC1,BMPR2,HES1,STK11,RBBP7,HFE,SFRP4,MAGI2,SULF1,SPG20,SFRP1,FAM89B,FLCN,HTRA1,HDAC2,SIRT1,SFRP2,NODAL,PRMT1,CITED1,CITED2,ING2,CHRD,BRMS1,GDF2,ING1,FZD1,STRAP,DMRT1"
"GO:BP","regulation of coagulation","GO:0050818","4.546804743412632e-27","26.342293695603384","74","1691","43","21017","F2,PLG,F12,PDGFB,APOE,FGA,FGB,FGG,APOH,KLKB1,PROC,PDGFA,HRG,KRT1,SERPINB2,SERPINE1,SERPING1,EDN1,SERPINE2,THBD,PROS1,THBS1,SERPINF2,F7,ANXA4,CEACAM1,PDGFRA,CD36,TSPAN8,F2R,NOS3,PRDX2,F2RL1,PLAUR,PRKCD,DMTN,PRKG1,NFE2L2,ADAMTS18,UBASH3B,CPB2,C1QTNF1,FOXA2"
"GO:BP","positive regulation of epithelial cell proliferation","GO:0050679","4.551721418720792e-27","26.341824326141683","205","1691","72","21017","WNT7A,NRP1,PDPK1,EGFR,SPINK1,MYC,HRAS,PDGFB,EGF,TGFB1,TNF,ANG,ERBB2,IGF1,ITGB3,PKHD1,FGF2,HMGB1,HMOX1,BMP4,CCL5,VEGFA,PLCG1,PTN,NF1,TNFAIP3,BMP5,CDH3,IL10,GATA2,AKT1,CTNNB1,SOX11,BMPR1A,ACVRL1,STAT3,WNT5A,HTR2B,NOTCH1,CXCL12,SOX9,WNT3A,PROK1,ATP7A,BTK,EGR3,HYAL1,MAP2K5,NOG,SEMA5A,IHH,HLX,PRKD1,SHH,TWIST1,HIF1A,PTPRN,NRARP,SFRP1,OSR1,PROX1,HAS2,BAD,SIRT1,NODAL,LACRT,TCF7L2,RTN4,GHRL,GDF2,PLXNB3,IRS2"
"GO:BP","response to steroid hormone","GO:0048545","6.2190315990853596e-27","26.206277236517632","339","1691","95","21017","ACOD1,CLDN4,MSTN,PER1,BCL2L11,FOXO3,KDM1A,SLIT3,NCOR1,FOXH1,SLIT2,UFL1,EGFR,TGFB1,GNRH1,TNF,EPO,APOA2,ESR1,ANXA1,TYMS,IL6,EDN1,CRH,TH,THBS1,INHBA,PTPRC,PARP1,HSPA1A,BCL2,SPP1,TGFB3,SCGB1A1,SRC,SRD5A1,GABRB1,NR1D1,COMT,IL10,FSHR,ZFP36,HTR1B,CD38,OXTR,DNAJA1,PHB,PTGS2,SERPINF1,SREBF1,HNF4A,CASP3,NEDD4,GSK3A,SMARCA4,NR0B1,STC1,PRMT2,UCP2,DEFA3,TGFB2,DAB2,HNRNPU,GHRHR,PPARD,ZFP36L1,PPARA,EP300,REST,NR1H3,PAK1,HDAC1,NCOA2,NCOA1,ADIPOQ,PKN1,CRY1,RBBP7,AANAT,CYP1B1,SFRP1,PTPRU,ESR2,SIRT1,NODAL,PPP1R9B,PARK7,GPER1,PHB2,NKX3-1,HEYL,STK39,RNF6,PADI2,AXIN2"
"GO:BP","embryonic organ development","GO:0048568","7.164256649832585e-27","26.144828864530215","463","1691","114","21017","DLL1,DVL1,SPINT2,FZD6,FOXH1,PRDM1,SIX3,NTN1,SNAI1,HAND1,WNT11,SOD1,EGFR,PLG,ADA,PDGFB,TGFB1,TNF,COL2A1,RBP4,PDGFA,CSF2,TP53,EDN1,TH,TPO,ERCC1,RARA,TGFB3,KIT,BCR,COL11A1,BMP4,MYF5,LIF,VEGFA,PDGFRA,GJA1,HOXB8,CEBPB,ENG,BMP7,ATF4,HOXA5,KITLG,BMP5,IL10,GATA2,MSX1,HOXA7,HOXA9,AKT1,CTNNB1,FBN1,HNF1B,SOX11,BMPR1A,TGFBR2,GDNF,WNT5A,NOTCH1,SOX9,MMP14,NAGLU,WNT3A,FOXL2,TGFB2,SMAD3,PKD1,ID2,ID3,EN1,MEF2C,ZFP36L1,HYAL1,FOXF1,DLG1,STK4,STK3,NOG,TRIM28,MYO7A,PKD2,SCRIB,HES1,IHH,HLX,SHH,TWIST1,NCOA1,HIF1A,PKDCC,ARID2,VASH1,BBS7,ZFPM1,BBS5,OSR1,BLOC1S5,ZFPM2,RYR2,PROX1,BBS4,NODAL,MDFI,CITED1,CITED2,FUZ,EGLN1,SOX17,CHD7,NDRG4,SUFU,MAFB"
"GO:BP","gliogenesis","GO:0042063","7.505405914612556e-27","26.12462581485186","346","1691","96","21017","TLR4,DLL1,TP73,ZEB2,UFL1,SUN1,NTN1,IL33,SOD1,ABL1,EGFR,F2,HRAS,TGFB1,LTA,TNF,IFNG,IL1B,COL3A1,ANXA1,ERBB2,TP53,IL6,RB1,SERPINE2,LYN,FGF2,SRGAP2C,CCL3,MAPT,EGR2,DMD,CCL2,LIF,AZU1,NR1D1,PTN,NF1,DRD1,ERBB3,ADORA2A,AKT1,CTNNB1,NF2,DRD3,SOX11,PPP1CC,PPARG,STAT3,CSK,CCR2,MTOR,CDKN2C,NKX2-1,NOTCH1,P2RY1,ID4,SOX9,CX3CR1,MMP14,NAGLU,PTEN,TGFB2,CX3CL1,CDK5,ROR2,ID2,PTPN11,SOX4,LRP1,ABCC8,EIF2B5,NOG,GPR17,ILK,GPM6B,HDAC1,SCRIB,PTK2B,HES1,CDK5R1,AGER,SHH,EZH2,NTRK2,DAB2IP,METTL3,DTX1,HDAC2,CERS2,C16ORF45,RTN4,EIF2B4,STAP1,BOK,ADGRG1"
"GO:BP","negative regulation of adaptive immune response","GO:0002820","7.998983820604894e-27","26.09696518164995","61","1691","39","21017","SMAD7,IL33,IFNA2,IFNB1,C4BPA,IL4,PTPRC,CEACAM1,TRIM27,CD46,ALOX15,SPN,PPP3CB,IL7R,HLA-G,CR1,C4BPB,TNFSF4,IL4R,PTPN6,AHR,BCL6,XCL1,JAK3,IL1RL1,SLAMF1,HFE,ZC3H12A,RC3H1,IL27RA,CLEC4G,IL20RB,LILRB4,HAVCR2,FOXJ1,TNFRSF14,NDFIP1,FOXP3,SAMSN1"
"GO:BP","regulation of non-canonical NF-kappaB signal transduction","GO:1901222","9.627434663502857e-27","26.01648942003075","94","1691","48","21017","LGALS9,TLR4,DDX3X,TLR3,TNFSF14,GREM1,NOL3,PPM1B,EGFR,TNF,IL1B,EDN1,BMP7,EIF2AK2,CD27,IL12B,PHB,PPM1A,CD86,NOV,NLRP12,PRDX1,TRIM26,NMI,AGER,TRIP6,PYDC2,ZC3H12A,RC3H1,TRIM40,NLRC3,ADGRG3,HAVCR2,EDA,ADIPOR1,PHB2,CCL19,LITAF,C1QTNF3,TRIM15,IL23A,CYLD,TLR9,TERF2IP,FBXW11,PYCARD,EDAR,PTPN22"
"GO:BP","cardiac muscle tissue development","GO:0048738","9.86582988706678e-27","26.00586637719185","229","1691","76","21017","MEIS1,DLL1,SMAD7,TP73,HDAC3,GREM1,FOXH1,KCNK2,BMP10,HAND1,ABL1,TGFB1,RBP4,IGF1,EDN1,FGF2,TPM1,RARA,PRKAR1A,MYL2,PIM1,G6PD,COL11A1,BMP4,VEGFA,CREB1,PDGFRA,GJA1,ENG,BMP7,WT1,ERBB3,BMP5,PLN,MSX1,ARRB2,SLC8A1,MSX2,ACTN2,BMPR1A,MTOR,NOTCH1,GSK3A,NAGLU,CAV3,WNT3A,SIK1,TGFB2,FKBP1A,HNRNPU,NRG1,ID2,MEF2C,PPARA,AKAP6,NOG,PRKG1,KCNJ11,MAPK11,ARID2,ZFPM1,ZFPM2,RYR2,PROX1,TBX5,PRMT1,PKP2,CITED2,JPH2,EGLN1,SAV1,DLL4,CHD7,ADAMTS9,NDRG4,CTDP1"
"GO:BP","regulation of alpha-beta T cell activation","GO:0046634","1.0762743825876602e-26","25.96807699665018","115","1691","53","21017","LGALS9,AP3B1,SMAD7,SOCS5,PRDM1,CRTAM,ADA,IFNG,IL2RA,ANXA1,IL4,CD55,PTPRC,HMGB1,RARA,IRF1,HLA-E,TNFSF4,IL4R,ITPKB,ADORA2A,IL12A,IL12B,TGFBR2,BCL6,CCR2,CD86,XCL1,JAK3,ZBTB16,IHH,HLX,AGER,IRF4,SHB,SHH,HFE,ZC3H12A,RC3H1,IL23R,CLEC4G,LILRB4,NFKBID,HSPH1,TNFRSF14,NLRP3,CCL19,NDFIP1,FOXP3,IL23A,CD274,CD300A,PTPN22"
"GO:BP","response to purine-containing compound","GO:0014074","1.1735184790039887e-26","25.930510067321226","147","1691","60","21017","PDE2A,CASQ2,VGF,PER1,PAX4,KDM1A,TRPM2,ADA,IL1B,THBD,FBP1,INHBB,TYR,BRAF,EZR,KCNE1,CREB1,SRD5A1,WT1,NPR2,RYR1,ENPP1,CRHBP,IGFBP5,GSTM2,ADORA2A,ADORA1,SLC6A4,SLC8A1,PTGS2,AHR,SREBF1,PPARG,STAT1,P2RY1,STC1,RAP1A,SLC6A3,TOP2B,ZFP36L1,DMTN,PDE4D,AKAP6,PRKAA1,PKD2,PTK2B,KCNJ11,RYR3,ADIPOQ,AANAT,CYP1B1,TRPV1,PNPT1,RYR2,HDAC2,P2RX7,CITED1,INPP5K,DUOX2,DUOX1"
"GO:BP","non-canonical NF-kappaB signal transduction","GO:0038061","1.196376976938948e-26","25.922131953116963","124","1691","55","21017","LGALS9,TLR4,DDX3X,TLR3,TNFSF14,GREM1,NOL3,PPM1B,BCL10,EGFR,TNF,IL1B,EDN1,BMP7,EIF2AK2,NFKB1,NFKBIA,CD27,IL12B,AKT1,PHB,PPM1A,CD86,NOV,NLRP12,NFKB2,RELB,PRDX1,TRIM26,NMI,AGER,TRIP6,PYDC2,ZC3H12A,RC3H1,TRIM40,NLRC3,ADGRG3,HAVCR2,EDA,ADIPOR1,PHB2,CCL19,LITAF,C1QTNF3,TRIM15,IL23A,CYLD,TLR9,TERF2IP,FBXW11,PYCARD,EDAR,BTRC,PTPN22"
"GO:BP","female gamete generation","GO:0007292","1.4634875759148308e-26","25.834610960100388","167","1691","64","21017","MEIKIN,MEIOC,BMPR1B,EREG,AURKA,MSH4,FOXO3,PDE5A,REC8,BMP15,FSHB,ANG,AMH,IGF1,EDN1,ERCC1,INHBA,INHBB,WEE2,BCL2,TOP2A,SRC,NPR2,PTN,ZP3,NPPC,FSHR,NOS3,PPP2R1A,CDC25B,AKT1,TTK,CTNNB1,LEP,BRCA2,PLK1,WNT4,FOXL2,PTEN,ATM,TOB2,PTK2B,DMC1,IHH,RPS6KA2,SHB,TRIP13,MAJIN,SOHLH1,STRA8,GPR149,METTL3,HORMAD1,MEIOB,M1AP,PIWIL2,SIRT1,IMMP2L,SYCP2,MLH3,ADAMTS1,FBXO5,SPO11,DMRT1"
"GO:BP","cell-matrix adhesion","GO:0007160","1.5527392849353663e-26","25.808901459029443","236","1691","77","21017","CCL21,ITGB1BP1,NRP1,CASK,SEMA3E,CCL25,BCL2L11,GREM1,ROCK2,ABL1,COL3A1,FGA,FGB,FGG,FN1,HRG,THY1,APOD,ITGB3,SERPINE1,ITGAV,THBS1,CD63,PKHD1,BCL2,BCR,DMD,SRC,MYF5,VEGFA,CD36,VCL,NF1,EPHA1,PIK3R1,CD34,HOXA7,SDC4,CCR7,CTNNB1,NF2,ACTN2,ACVRL1,CD96,BCL6,CDKN2A,GSK3B,MMP14,DUSP3,EMP2,WNT4,PTEN,CX3CL1,SMAD3,PKD1,CDK5,PTK2,DMTN,PTPRJ,PPFIA1,ILK,ADAM15,GPM6B,PTK2B,PTPRK,TRIP6,CLASP1,PHLDB2,LDB1,SFRP1,EDA,DLC1,CIB1,CCL28,RCC2,ADAMTS9,CORO1C"
"GO:BP","regulation of canonical Wnt signaling pathway","GO:0060828","1.575189191132604e-26","25.80266727696616","253","1691","80","21017","FZD9,DDX3X,FOXO3,SNAI2,PARK2,ZEB2,FZD6,GREM1,PPM1B,ATP6AP2,TNKS,RECK,APC2,WNT11,EGFR,EGF,TGFB1,APOE,FGF2,SRC,EGR1,NFKB1,CDH3,MCC,CTNNB1,PPM1A,WNT5A,NOTCH1,SOX9,GSK3A,GSK3B,EMD,GPC3,WNT3A,PPP1CA,UBE2B,SMAD3,DAB2,SOX4,STK4,STK3,NOG,ILK,PIN1,HDAC1,SEMA5A,SHH,STK11,LRRK2,SFRP5,DAB2IP,SFRP4,JADE1,CAPRIN2,NRARP,CCAR2,SFRP1,DRAXIN,UBAC2,PTPRU,EDA,NKD1,DACT3,SFRP2,VPS35,LZTS2,FUZ,LGR4,WWTR1,TNKS2,ADNP,WNK1,SOX17,TCF7L2,CYLD,CTNNBIP1,MAD2L2,FZD1,BTRC,AXIN2"
"GO:BP","positive regulation of lymphocyte differentiation","GO:0045621","1.873584194871418e-26","25.727326785865372","134","1691","57","21017","LGALS9,AP3B1,FOXO3,SOCS5,RASGRP1,ADA,TGFB1,IFNG,IL2RA,ANXA1,CD74,IL4,PTPRC,RARA,CD46,IL7R,HLA-G,CR1,IL10,TNFSF4,IL4R,CD27,ITPKB,IL12B,AXL,TGFBR2,BCL6,CD86,MMP14,SMARCA2,SMARCA4,STAT5B,PRKDC,ZBTB16,BTK,EGR3,SOX4,GAS6,IHH,HLX,SHB,SHH,RHOH,PIK3R6,IL23R,ARID2,LILRB2,LILRB4,NFKBID,BTN2A2,INPP5D,BAD,NLRP3,CCL19,FOXP3,IL23A,CYLD"
"GO:BP","regulation of intracellular protein transport","GO:0033157","1.9654116464437836e-26","25.706546474776676","153","1691","61","21017","IPO5,RAB29,HDAC3,OAZ2,TGFB1,IFNG,IL1B,APOD,TXN,TPR,BMP4,CD36,PRKACA,NF1,SP100,PIK3R1,PTGS2,PPM1A,LEP,CDKN2A,RANGAP1,GSK3B,EMD,OAZ1,UBE2G2,PKIA,VAMP2,SUMO1,SMAD3,CDK5,PRKCD,PTPN11,EP300,HYAL2,TARDBP,TRIM28,OS9,GAS6,PRKD1,ANGPT1,SHH,ADIPOQ,ZC3H12A,YOD1,MAVS,UBAC2,SVIP,ERLEC1,DERL3,PARK7,CHP1,BARD1,DERL2,CABP1,MDFIC,RAB23,SUFU,OAZ3,PKIG,PTPN22,UBE2J1"
"GO:BP","cell surface receptor signaling pathway via JAK-STAT","GO:0007259","2.1682417808937592e-26","25.663892291205023","168","1691","64","21017","SOCS6,LEPROT,SOCS5,F2,EGF,PRL,TNF,IFNA2,IFNB1,IFNG,EPO,CSF2,IGF1,IL4,IL6,LYN,PTPRC,KIT,CCL2,CCL5,OSM,LIF,FER,IL7R,PTPN2,IL10,FGFR3,F2R,IL12A,IL12B,PPP2R1A,IL13,NF2,STAT3,LEP,CCR2,STAT1,STAT6,NOTCH1,STAT5B,JAK3,PPP2CA,HAMP,PKD1,EP300,IL24,NMI,PKD2,PTK2B,HES1,CYP1B1,IL23R,CTR9,IFNL1,CRLF3,IFNL3,IL31RA,PIBF1,HDAC2,ADIPOR1,IL21,IL23A,TNFSF18,CAMK2A"
"GO:BP","negative regulation of neuron projection development","GO:0010977","2.5182941745399736e-26","25.598893539153856","144","1691","59","21017","NRP1,RAB29,SEMA3E,SEMA7A,SLIT2,SEMA3D,SNAPIN,NTN1,SEMA4F,APOE,THY1,SPP1,PTPRG,MT3,CD38,GDI1,WNT5A,DCC,PLXNA3,WNT3,WNT3A,PTEN,STX1B,B2M,ARF6,DAB2,ARHGAP4,CDK5,SEMA3B,SEMA3F,SEMA5A,DPYSL3,HES1,LRRK2,ULK2,SPG20,NLGN1,DRAXIN,SEMA6D,HDAC2,SEMA4D,DTNBP1,CERS2,GFI1,CIB1,SEMA3C,RTN4R,SEMA4C,BCL11A,SEMA6A,SEMA4A,SEMA6C,SEMA6B,SEMA4B,RTN4,SEMA3G,SEMA4G,SEMA5B,RNF6"
"GO:BP","negative regulation of response to biotic stimulus","GO:0002832","3.046645705320063e-26","25.51617804698205","117","1691","53","21017","ACOD1,LGALS9,TRIM38,TRAFD1,PPM1B,TGFB1,INS,LTF,SERPING1,ISG15,PARP1,PIM1,CEACAM1,HLA-E,DRD2,HLA-G,PTPN2,CR1,TRIM21,TNFAIP3,PRDX2,ARRB2,AHR,PPARG,RPS19,CD96,SERPINB4,SERPINB9,NR1H2,TYRO3,C1QBP,NR1H3,NMI,TARBP2,IFI16,MICB,NLRC3,MAVS,METTL3,NLRX1,NLRC5,HAVCR2,TRAF3IP1,CACTIN,MUL1,DHX58,TRIB1,FOXP3,LACRT,SPINK5,NFKBIL1,VSIG4,IRAK3"
"GO:BP","negative regulation of ion transmembrane transporter activity","GO:0032413","3.4784045724660643e-26","25.458619906700434","53","1691","36","21017","SLN,GNB5,CASQ2,CLIC2,EPO,ADRA2A,DRD2,KCNE1,DRD4,PLN,GSTM2,SRI,ACTN2,NEDD4,SLC6A9,CAV3,SUMO1,FKBP1B,GSTO1,PRKCE,FMR1,ANK3,TRDN,CAMK2D,PKD2,KCNAB1,CBARP,KCNRG,OSR1,NEDD4L,GPR35,GOPC,TLR9,STK39,UBQLN1,CAB39"
"GO:BP","ovulation cycle process","GO:0022602","3.5981672278385634e-26","25.443918656321262","50","1691","35","21017","BMPR1B,MSTN,EREG,FOXO3,SLIT3,SLIT2,SGPL1,FSHB,ESR1,AMH,INHBA,TGFB3,SRC,PDGFRA,NPR2,ZP3,NPPC,FSHR,NOS3,LEP,CASP3,CASP2,NOTCH1,STAT5B,MAP2K6,TGFB2,NR5A1,NPY5R,PTPRN,GPR149,SIRT1,PLEKHA1,RETN,ADAMTS1,FZD4"
"GO:BP","regulation of protein catabolic process","GO:0042176","3.8473447062146625e-26","25.414838900955914","372","1691","99","21017","DVL1,AURKA,SMAD7,OGT,PARK2,SNX3,SOCS5,PSMD10,WFS1,UFL1,OAZ2,IL33,APC2,EGFR,TIMP1,INS,TNF,IFNG,IL1B,APOE,C4BPA,HMGCR,PRKCG,SERPINE2,GPX1,HSP90AB1,ADRA2A,HSPA1A,EZR,NQO1,PRKACA,C4BPB,TNFAIP3,IL10,AKT1,NOS2,PHB,RDX,SNCA,WNT5A,MAPK9,BAG6,CDKN1B,NEDD4,SOX9,GSK3A,GSK3B,RAB7A,GPC3,PLK1,OAZ1,SUMO1,RACK1,CSNK2A1,HAMP,SMAD3,DAB2,PKD1,FMR1,LRP1,TRIM32,PIN1,CUL4A,KEAP1,SHH,NFE2L2,HFE,LRRK2,DAB2IP,TRIM40,BBS7,CCAR2,COMMD1,SNX33,USP13,USP7,NKD1,RHBDF1,CDK5RAP3,NEDD4L,VPS35,TRIB1,PARK7,TIMP4,BARD1,NDFIP1,RNF41,SOX17,NDUFA13,UBQLN2,MAD2L2,PACSIN3,UBQLN1,OAZ3,SNX12,FAF1,BTRC,AXIN2,IRAK3"
"GO:BP","negative regulation of tumor necrosis factor superfamily cytokine production","GO:1903556","4.702589314459803e-26","25.327662947312152","63","1691","39","21017","LGALS9,TLR4,CIDEA,POMC,LTF,IGF1,IL4,GSTP1,RARA,TRIM27,BPI,LBP,TNFAIP3,IL10,PTPN6,AXL,ARRB2,CX3CL1,SLAMF1,GPR18,GAS6,GPNMB,TWIST1,ADIPOQ,ZC3H12A,IL27RA,NLRC3,LILRB4,HAVCR2,CACTIN,NR1H4,SYT11,FOXP3,CD274,C5AR2,NFKBIL1,GHRL,PTPN22,IRAK3"
"GO:BP","peptidyl-serine phosphorylation","GO:0018105","5.547464716679704e-26","25.255905451313176","207","1691","71","21017","AURKA,SMAD7,ROCK2,TNKS,BAG4,EGFR,TNF,IFNA2,IFNB1,IFNG,IL6,NLRP2B,BCL2,TXN,TOP1,DMD,OSM,MIF,LIF,BRAF,VEGFA,PRKACA,IL11,HRC,NOS1,AKT1,PFN2,PTGS2,SNCA,WNT5A,MTOR,MAPK8,GSK3A,GSK3B,PLK1,WNT3A,PTEN,RACK1,CSNK2A1,PRKDC,PKD1,CDK5,PRKCE,MAP3K10,PRKCD,BAX,DMTN,PDE4D,STK4,PRKAA1,PAK1,ATM,CAMK2D,DYRK1A,CDK5R1,PRKD1,ANGPT1,NTRK3,NTRK2,LRRK2,BRSK1,SFRP2,PARK7,INPP5K,WNK1,STK39,IP6K2,MAD2L2,NRXN1,CAMK2A,CAB39"
"GO:BP","neuron projection extension","GO:1990138","6.379126270010772e-26","25.19523880123155","181","1691","66","21017","DVL1,NRP1,AURKA,SEMA3E,DCLK1,PARK2,SLIT3,SEMA7A,SLIT2,SEMA3D,NTN1,SEMA4F,ABL1,APOE,FN1,EDN1,MAPT,EDN3,VEGFA,PPP3CB,VCL,SYT1,MT3,GDI1,CTNNB1,WNT5A,MAP1B,CXCL12,GSK3B,PLXNA3,WNT3,WNT3A,OSTN,ARHGAP4,CDK5,SEMA3B,SEMA3F,SEMA5A,BMPR2,STK11,RIMS1,ULK2,DRAXIN,SEMA6D,SEMA4D,MUL1,NEDD4L,SEMA3C,SYT3,RTN4R,SEMA4C,BCL11A,SYT4,SEMA6A,ADNP,SEMA4A,SEMA6C,SEMA6B,SEMA4B,RTN4,SEMA3G,SEMA4G,SEMA5B,EIF2AK4,UNC13A,RNF6"
"GO:BP","endothelial cell proliferation","GO:0001935","7.024093010203409e-26","25.153409746311713","161","1691","62","21017","KRIT1,ITGB1BP1,NRP1,PDPK1,ZEB2,PDGFB,EGF,PRL,TNF,APOA1,APOE,APOH,ANG,ITGB3,THBS1,FGF2,HMGB1,HMOX1,BMP4,CCL2,VEGFA,ENG,PLCG1,NF1,IL10,GATA2,PTPRM,CD34,IL12A,IL12B,AKT1,TIE1,ACVRL1,PPARG,STAT3,LEP,WNT5A,HTR2B,STAT1,CXCL12,MMP14,SYNJ2BP,PROK1,MEF2C,EGR3,DLG1,SEMA5A,BMPR2,PRKD1,HIF1A,VASH1,NRARP,SULF1,PROX1,SIRT1,RGCC,MMRN2,PROK2,DLL4,GHRL,GDF2,PLXNB3"
"GO:BP","epithelial to mesenchymal transition","GO:0001837","7.048831047905241e-26","25.15188289882946","166","1691","63","21017","SDCBP,SMAD7,SPRY1,SNAI2,GREM1,ROCK2,SNAI1,WNT11,TGFB1,IL1B,IGF1,IL6,EDN1,TGFB3,BMP4,ENG,BMP7,BMP5,MSX1,CTNNB1,MSX2,TGFBR2,WNT5A,MTOR,NKX2-1,NOTCH1,SOX9,GSK3B,HMGA2,EMP2,WNT4,PTEN,TGFB2,PPP2CA,SMAD3,DAB2,PTK2,NOG,TRIM28,ADAM15,TWIST1,EZH2,HIF1A,DAB2IP,CLASP1,PHLDB2,SFRP1,HDAC2,HAS2,ADIPOR1,DACT3,SFRP2,TBX5,FUZ,TRIM62,WWTR1,RGCC,HEYL,TCF7L2,RTN4,MAD2L2,FOXA2,AXIN2"
"GO:BP","negative regulation of axonogenesis","GO:0050771","7.574334871025826e-26","25.120655498076594","67","1691","40","21017","NRP1,SEMA3E,SEMA7A,SEMA3D,NTN1,SEMA4F,THY1,SPP1,MT3,GDI1,WNT5A,DCC,PLXNA3,WNT3,WNT3A,PTEN,ARHGAP4,CDK5,SEMA3B,SEMA3F,SEMA5A,ULK2,SPG20,DRAXIN,SEMA6D,SEMA4D,SEMA3C,RTN4R,SEMA4C,BCL11A,SEMA6A,SEMA4A,SEMA6C,SEMA6B,SEMA4B,RTN4,SEMA3G,SEMA4G,SEMA5B,RNF6"
"GO:BP","alpha-beta T cell differentiation","GO:0046632","8.295416428507045e-26","25.081161807582568","128","1691","55","21017","LGALS9,AP3B1,MEN1,SMAD7,SOCS5,PRDM1,ABL1,ADA,IFNG,ANXA1,IL4,IL6,HMGB1,RARA,BCL2,IRF1,BRAF,SPN,TNFSF4,IL4R,ITPKB,IL12B,PTGER4,TGFBR2,STAT3,BCL6,CD86,STAT6,MTOR,RORC,JAK3,RELB,ATP7A,ZBTB16,GPR18,IHH,HLX,IRF4,SHB,SHH,ZC3H12A,RC3H1,IL23R,ZFPM1,LILRB4,NFKBID,RSAD2,SLAMF6,NLRP3,CCL19,FOXP3,SEMA4A,IL21,IL23A,PLA2G2D"
"GO:BP","establishment of organelle localization","GO:0051656","9.463381071964245e-26","25.023953671361998","490","1691","116","21017","MEIOC,SNAP23,LGALS9,AP3B1,WASL,SDCBP,TOR1A,UNC13B,LIN7A,HDAC3,PDPK1,SYNJ1,SPRY1,PARK2,VPS4B,PEX14,BAIAP3,SUN1,RASGRP1,SNAPIN,NTN1,IFNG,IL4,RB1,LYN,PKHD1,MAPT,CHGA,KIT,LAMP1,EZR,FER,GJA1,RAB3A,CDH3,GATA2,IL4R,SDC4,CTNNB1,IL13,SNCA,ASIP,HTT,MAP1B,RAB7A,RAB27A,GPR143,PLK1,HAP1,TERF1,NAGLU,SNAP25,STXBP1,UBE2B,BLOC1S1,PKD1,CDK5,HNRNPU,CENPC,BTK,FOXF1,DLG1,ATM,MYO7A,PICALM,DCTN2,SCRIB,DCTN1,IL13RA2,ESPL1,STK11,STXBP2,HIF1A,MAJIN,LRRK2,AP1AR,PSRC1,CPLX2,BLOC1S3,BLOC1S2,UNC13D,CLASP1,MILR1,CADPS2,BBS7,NLGN1,BBS5,MREG,TERB1,UNC13C,BLOC1S5,PIBF1,NECTIN2,KAT2B,DTNBP1,BBS4,SEPT5,SYT11,VAMP8,BBS2,ARL6,RAB17,KIF13A,SYT4,BLOC1S4,RCC2,CD300A,CD84,RABGEF1,FBXW11,BLOC1S6,UNC13A,CHMP3,MYO5A,SPO11,MAD1L1"
"GO:BP","positive regulation of endocytosis","GO:0045807","9.824199726784557e-26","25.007702816870793","152","1691","60","21017","WASL,DLL1,CCL21,FCN1,TOR1A,GREM1,FCN3,SOD1,EGF,IFNG,APOA1,APOE,APOA2,IL4,SERPINE1,PTPRC,CD63,MBL2,BCR,CCL2,DRD2,VEGFA,CD36,AZU1,GATA2,FCER1G,AXL,ARRB2,SFTPD,PPARG,SNCA,WNT5A,ARRB1,PPT1,RAB27A,GPC3,F2RL1,CAV3,WNT3A,B2M,DAB2,BTK,FMR1,LRP1,PPP3CA,MERTK,PTPRJ,GAS6,ANGPT1,HFE,LRRK2,SFRP4,MAGI2,NLGN1,CD300LF,DTNBP1,NEDD4L,CCL19,STAP1,PYCARD"
"GO:BP","cellular response to peptide hormone stimulus","GO:0071375","9.851098667566234e-26","25.006515331060452","307","1691","88","21017","MSTN,LEPROT,OGT,PDPK1,TBC1D4,ROCK2,LEPROTL1,SPINK1,HRAS,TGFB1,INS,IL1B,ITGB3,EDN1,PRKCB,RB1,LYN,INHBA,FBP1,INHBB,PARP1,PRKAR1A,SRC,CEACAM1,FER,RHOQ,PRKACA,PTPN2,SRD5A1,NFKB1,ENPP1,CRHBP,PIK3R1,AKT1,FBN1,IRS1,ACTN2,SREBF1,PPARG,STAT3,LEP,HNF4A,CSK,STAT1,STAT6,MTOR,RANGAP1,MAP1B,GSK3A,GSK3B,STAT5B,JAK3,UCP2,VAMP2,PRKDC,GHRHR,PTK2,PRKCD,PTPN11,ZFP36L1,PPP3CA,PRKAA1,GRB10,PRKD1,NONO,NCOA2,NCOA1,ADIPOQ,NFE2L2,CYP1B1,PID1,MZB1,KAT2B,ADIPOR1,SIRT1,NR1H4,GPER1,INPP5K,RBM4,BRIP1,OSBPL8,PLCB1,GPR173,GHRL,HDAC5,CAMK2A,IRS2,MYO5A"
"GO:BP","regulation of binding","GO:0051098","1.0470910521943986e-25","24.98001555161032","231","1691","75","21017","SLN,ITGB1BP1,NRP1,AURKA,CLIC2,PARK2,KDM1A,PEX14,TNKS,SNAPIN,HAND1,ABL1,PDGFB,EGF,IFNG,APOE,SLPI,IGF1,JUN,RB1,HMGB1,IFIT1,RARA,TXN,BMP4,ATP2A2,PRKACA,TRIM21,IL10,SP100,PLN,AKT1,SOX11,PPARG,MAPK8,GSK3B,HMGA2,PLK1,CEBPG,TMBIM6,HDAC4,B2M,FKBP1A,SUMO1,RACK1,PPP2CA,DAB2,PLAUR,PRKCD,BAX,LRP1,STK4,STK3,NOG,ADAM15,PIN1,HES1,TWIST1,ADIPOQ,IFI16,HFE,LRRK2,ZFPM1,ZNF675,ERCC4,ACD,DPH3,PARK7,MDFI,GTPBP4,TCF7L2,CTNNBIP1,GNL3L,MAD2L2,HDAC5"
"GO:BP","cellular response to abiotic stimulus","GO:0071214","1.3462245709992769e-25","24.870882487058118","333","1691","92","21017","TLR4,PDE2A,DDX3X,GNB5,TLR3,TNFSF14,SNAI2,KDM1A,OXSR1,IL33,BCL10,WNT11,EGFR,TIMP1,MYC,HRAS,TGFB1,IL1B,EPO,CRYAB,TP53,ITGB3,ERCC1,FGF2,FBP1,PARP1,IRF1,XRCC5,KCNE1,GJA1,ENG,EGR1,ATF4,NFKB1,CAPN3,FAS,PIK3R1,GNA11,IL13,PTGS2,PTGER4,MTOR,CASP3,CASP2,MAPK8,NEDD4,SOX9,BRCA2,PTEN,RHOB,ASIC1,RELB,PRKCD,RAD51,ZFP36L1,BAX,BCL2L1,EP300,HYAL1,HYAL2,REST,FADD,ATM,PKD2,CUL4A,PTPRK,GPR68,MAPK11,STK11,CRY1,IFI16,METTL3,SFRP1,TRPV1,ERCC4,BAD,TP53INP1,SIRT1,SIPA1,SFRP2,CHP1,BARD1,RAB11FIP5,WNK3,MCOLN1,WNK1,EIF2AK4,STK39,OPN4,PYCARD,CAB39,F11R"
"GO:BP","cellular response to environmental stimulus","GO:0104004","1.3462245709992769e-25","24.870882487058118","333","1691","92","21017","TLR4,PDE2A,DDX3X,GNB5,TLR3,TNFSF14,SNAI2,KDM1A,OXSR1,IL33,BCL10,WNT11,EGFR,TIMP1,MYC,HRAS,TGFB1,IL1B,EPO,CRYAB,TP53,ITGB3,ERCC1,FGF2,FBP1,PARP1,IRF1,XRCC5,KCNE1,GJA1,ENG,EGR1,ATF4,NFKB1,CAPN3,FAS,PIK3R1,GNA11,IL13,PTGS2,PTGER4,MTOR,CASP3,CASP2,MAPK8,NEDD4,SOX9,BRCA2,PTEN,RHOB,ASIC1,RELB,PRKCD,RAD51,ZFP36L1,BAX,BCL2L1,EP300,HYAL1,HYAL2,REST,FADD,ATM,PKD2,CUL4A,PTPRK,GPR68,MAPK11,STK11,CRY1,IFI16,METTL3,SFRP1,TRPV1,ERCC4,BAD,TP53INP1,SIRT1,SIPA1,SFRP2,CHP1,BARD1,RAB11FIP5,WNK3,MCOLN1,WNK1,EIF2AK4,STK39,OPN4,PYCARD,CAB39,F11R"
"GO:BP","regulation of behavior","GO:0050795","1.4210770066282614e-25","24.847382387485922","75","1691","42","21017","AGRP,AIM2,HCRTR2,BAIAP3,GHRH,INS,APOE,CSF2,CRH,ADRB1,PARP1,NPS,CCL3,DRD2,KCNA2,CHRNB2,NR1D1,CNR1,HTR1D,HTR1B,ADORA2A,ADORA1,STAT3,OPRK1,OPRL1,HTR2B,MTOR,MTNR1B,PER3,DLG4,MEF2C,ZFHX3,NPSR1,NLGN1,HDAC2,ARRDC3,VPS35,NPAS2,RETN,EIF2AK4,GHRL,NRXN1"
"GO:BP","positive regulation of transmembrane transport","GO:0034764","1.4878709636674954e-25","24.827434731557034","210","1691","71","21017","PDPK1,ABL1,F2,INS,IFNG,CXCL10,THY1,IGF1,EDN1,ADRB2,G6PD,DMD,CCL2,EDN3,BRAF,KCNE1,CD19,PPP3CB,RHOQ,PLCG1,CAPN3,DRD1,DRD4,GAL,F2R,PIK3R1,GSTM2,NOS1,SRI,NTSR1,CASQ1,AKT1,IL13,IRS1,ACTN2,SNCA,OPRK1,CCR2,HTT,BDKRB1,XCL1,GPC3,HAP1,GSTO1,CX3CL1,ANK2,RNASEL,PTPN11,CXCL9,BAX,PPP3CA,KCNH2,ANK3,AKAP6,TRDN,PKD2,ADIPOQ,NFE2L2,NPSR1,RYR2,GPER1,P2RX7,CHP1,JPH2,WNK3,OSBPL8,LACRT,STK39,KCNE5,TCAF1,IRS2"
"GO:BP","response to hexose","GO:0009746","2.0680464809348163e-25","24.684439704365982","211","1691","71","21017","UNC13B,OGT,FOXO3,BAIAP3,TGFB1,TNF,APOA2,ICAM1,PRKCB,CRH,TH,GPX1,THBS1,ADRA2A,PPP3CB,PRKACA,PFKL,EGR1,NR1D1,SRI,PTGS2,HNF1B,SERPINF1,SREBF1,OPRK1,HNF4A,CASP3,CDKN1B,SMARCA4,PRKAA2,UCP2,SESN2,VSNL1,VAMP2,RACK1,FKBP1B,SMAD3,PRKCE,SOX4,PPARA,PPP3CA,ABCC8,PRKAA1,EIF2B5,PTK2B,GAS6,KCNJ11,KCNB1,AGER,GPR68,ADIPOQ,HIF1A,PTPRN,SARM1,PIM3,NDUFAF2,JAGN1,ACVR1C,PTPRN2,BAD,CPB2,NR1H4,GPER1,RBM4,RAB11FIP5,ENY2,TCF7L2,GHRL,EIF2B4,FOXA2,IRS2"
"GO:BP","response to transforming growth factor beta","GO:0071559","2.17590357755697e-25","24.66236035376373","268","1691","81","21017","MEN1,PDE2A,SDCBP,WNT7A,MSTN,SMAD7,OGT,PDPK1,SPRY1,ZEB2,CIDEA,LPXN,ROCK2,FOXH1,ABL1,TGFB1,FSHB,COL3A1,TP53,IL4,EDN1,JUN,THBS1,HSP90AB1,PARP1,HSPA1A,TGFB3,SRC,ENG,CDH3,PML,PBLD,ARRB2,FBN1,SOX11,PPM1A,BMPR1A,ACVRL1,TGFBR2,PPARG,STAT3,ID1,WNT5A,NKX2-1,XCL1,SOX9,CX3CR1,CAV3,WNT4,TGFB2,FKBP1A,SMAD3,DAB2,PTK2,MEF2C,ZFP36L1,PPARA,EP300,HYAL2,MAPK7,PIN1,HDAC1,LRRC32,PTPRK,STK11,ZFHX3,RBBP7,SFRP1,FAM89B,FLCN,HTRA1,HDAC2,SIRT1,NODAL,CITED1,CITED2,ING2,DCSTAMP,BRMS1,ING1,STRAP"
"GO:BP","cardiac chamber development","GO:0003205","2.2286507076722915e-25","24.65195799236201","169","1691","63","21017","PDE2A,NRP1,SMAD7,SLIT3,FOXH1,PRDM1,SLIT2,KCNK2,BMP10,HAND1,WNT11,TGFB1,RBP4,TP53,TPM1,MYL2,COL11A1,BMP4,ENG,BMP7,BMP5,NOS3,MSX2,SOX11,BMPR1A,TGFBR2,WNT5A,NOTCH1,NPY2R,GSK3A,NAGLU,CAV3,TGFB2,FKBP1A,ANK2,NRG1,MEF2C,SOX4,FOXF1,NOG,BMPR2,HES1,NPY5R,HIF1A,ZFPM1,ZFPM2,RYR2,PROX1,SFRP2,RBM15,TBX5,PKP2,CITED2,SEMA3C,EGLN1,SAV1,HEYL,DLL4,CHD7,ADAMTS1,SUFU,FZD1,ROBO1"
"GO:BP","positive regulation of peptidyl-tyrosine phosphorylation","GO:0050731","2.2730131916703596e-25","24.643398043794157","164","1691","62","21017","NRP1,GREM1,ABL1,PDGFB,EGF,TGFB1,TNF,IFNG,EPO,CSF2,PRNP,CD74,TP53,IGF1,ITGB3,IL4,IL6,LYN,PTPRC,KIT,SRC,CCL5,OSM,MIF,LIF,VEGFA,CD36,IL11,KITLG,FGFR3,HTR2A,IL12A,IL12B,IL13,LEP,MTOR,DLG4,NRG1,PTPN11,TNK2,PTPRJ,IL24,UNC119,PTK2B,HES1,ANGPT1,ADIPOQ,IL23R,IFNL1,BANK1,IL31RA,PIBF1,HDAC2,SEMA4D,TNFRSF14,SRCIN1,LACRT,ADNP,IL21,IL23A,TNFSF18,ANGPT4"
"GO:BP","regulation of protein localization to membrane","GO:1905475","2.6908684990776686e-25","24.570107525395063","185","1691","66","21017","FZD9,ITGB1BP1,OGT,PDPK1,PARK2,LYPLA1,EGFR,HRAS,TGFB1,INS,TNF,IFNG,PRNP,ERBB2,EZR,KCNE1,RHOQ,PIK3R1,GDI1,AKT1,GBP1,CSK,NUMB,MMP14,GPC3,WNT3A,ARF6,RAP1A,RACK1,DAB2,CDK5,CLTC,PRKCE,BCL2L1,LRP1,DMTN,ANK3,DLG1,PPFIA1,STX3,PICALM,SQSTM1,KCNJ11,KCNB1,CDK5R1,PPP2R5A,PKDCC,USP17L2,PID1,LRRC15,RSC1A1,TMBIM1,WNK4,PPP1R9B,GPER1,CHP1,CIB1,INPP5K,VAMP8,TMEM59,WNK3,WNK1,LZTFL1,NRXN1,ZMYND8,TCAF1"
"GO:BP","regulation of cell size","GO:0008361","3.0985988082517157e-25","24.508834650492425","196","1691","68","21017","NRP1,SEMA3E,KDM1A,SEMA7A,SEMA3D,NTN1,OXSR1,SEMA4F,ABL1,APOE,FN1,EDN1,SPP1,MAPT,VAV1,VEGFA,CREB1,IL7R,KEL,FSHR,MT3,GDI1,RDX,WNT5A,MTOR,DCC,MAP1B,CXCL12,GSK3B,PLXNA3,CAV3,WNT3,WNT3A,SLC26A5,PTEN,ARHGAP4,CDK5,ATP7A,SEMA3B,SEMA3F,SEMA5A,BMPR2,PRKD1,AMOT,ULK2,SPG20,DRAXIN,SEMA6D,SEMA4D,P2RX7,SEMA3C,WNK3,RTN4R,SEMA4C,BCL11A,SEMA6A,ADNP,SEMA4A,SEMA6C,SEMA6B,WNK1,SEMA4B,RTN4,SEMA3G,SEMA4G,SEMA5B,STK39,RNF6"
"GO:BP","regulation of cellular component size","GO:0032535","3.170402564971637e-25","24.498885589313605","375","1691","98","21017","CCL21,WNT7A,NRP1,SEMA3E,KDM1A,SEMA7A,SLIT2,SEMA3D,SNAPIN,BAG4,NTN1,OXSR1,SEMA4F,ABL1,APOE,FN1,EDN1,SPP1,MAPT,EZR,VAV1,VEGFA,ALOX15,CREB1,FER,IL7R,RAB3B,RAB5A,KEL,FSHR,MT3,CORO1A,GDI1,CCR7,PFN2,RDX,ACTN2,WNT5A,MTOR,WAS,DCC,MAP1B,CXCL12,GSK3B,PLXNA3,F2RL1,CAV3,WNT3,WNT3A,SLC26A5,PTEN,ARF6,BLOC1S1,ARHGAP4,CDK5,PRKCE,ATP7A,PRKCD,DMTN,DLG1,SEMA3B,SEMA3F,PICALM,SEMA5A,BMPR2,PTK2B,PRKD1,AMOT,BLOC1S2,ULK2,SPG20,DRAXIN,SEMA6D,SEMA4D,BBS4,P2RX7,SEMA3C,WNK3,RTN4R,SEMA4C,BCL11A,SEMA6A,ADNP,SEMA4A,SEMA6C,SEMA6B,WNK1,SEMA4B,RTN4,SEMA3G,SEMA4G,SEMA5B,STK39,EVL,PYCARD,RNF6,CHMP3,ARFGEF1"
"GO:BP","organ growth","GO:0035265","3.34038053333984e-25","24.476204055908205","165","1691","62","21017","MEIS1,DLL1,TP73,BCL2L11,KCNK2,BMP10,SOD1,ABL1,RBP4,ESR1,IGF1,EDN1,FGF2,RARA,BCL2,PRKAR1A,PIM1,G6PD,CYP19A1,WT1,NPR2,FGFR3,NPPC,SLC6A4,AKT1,MSX2,BMPR1A,TGFBR2,LEP,NOTCH1,SOX9,GSK3A,STC1,CAV3,CLDN18,PTEN,OSTN,TGFB2,NRG1,PTPN11,MEF2C,PPARA,AKAP6,STK4,STK3,NOG,PRKG1,HLX,SHH,MAPK11,ARID2,WWC2,WWC1,ZFPM2,PROX1,MAEL,TBX5,CITED2,SAV1,WWC3,NDRG4,CTDP1"
"GO:BP","biological process involved in interaction with host","GO:0051701","3.815622812222069e-25","24.418434563388004","202","1691","69","21017","LGALS9,WWP2,FCN1,TRIM38,NRP1,PLSCR1,SNX3,VPS4B,PGLYRP1,FCN3,EGFR,IFNA2,APCS,LTF,CD74,ITGB3,ICAM1,ITGAV,CD55,HSP90AB1,HMGB1,INHBB,IFIT1,HSPA1A,LAMP1,SRC,PVR,CD46,CR1,TRIM21,FBLN1,HTR2A,AXL,AKT1,PHB,CD86,TNFRSF4,RAB7A,IFITM2,TYRO3,PPARA,HYAL2,TRIM26,ILF3,SLAMF1,TRIM25,GAS6,CLEC4G,TRIM59,TPCN2,LRRC15,NECTIN2,TNFRSF14,TRIM11,PGLYRP3,PGLYRP2,VAMP8,TRIM62,TRIM8,TRIM31,TRIM5,BPIFA1,VAPA,TRIM10,ZNF639,MID2,TPCN1,CHMP3,F11R"
"GO:BP","cardiac ventricle development","GO:0003231","4.442141199033708e-25","24.352407640972917","127","1691","54","21017","PDE2A,SMAD7,SLIT3,FOXH1,PRDM1,SLIT2,KCNK2,BMP10,HAND1,WNT11,TGFB1,TPM1,MYL2,COL11A1,BMP4,ENG,NOS3,SOX11,BMPR1A,TGFBR2,WNT5A,NOTCH1,NPY2R,GSK3A,NAGLU,TGFB2,FKBP1A,NRG1,MEF2C,SOX4,FOXF1,NOG,BMPR2,HES1,NPY5R,HIF1A,ZFPM1,ZFPM2,RYR2,PROX1,SFRP2,RBM15,TBX5,PKP2,CITED2,SEMA3C,EGLN1,SAV1,HEYL,DLL4,CHD7,SUFU,FZD1,ROBO1"
"GO:BP","chromosome organization involved in meiotic cell cycle","GO:0070192","5.581588114533825e-25","24.25324221481712","66","1691","39","21017","SYCE3,MEIOC,SYCE1L,RNF212B,MSH4,SUN1,REC8,CCNE2,CCNE1,BAG6,TERF1,UBE2B,RAD51,ATM,DMC1,SYCP1,TRIP13,MAJIN,RNF212,SYCE2,HORMAD1,TEX11,SYCE1,MEIOB,TERB1,SPATA22,P3H4,RAD50,MAEL,NDC1,SYCP2,BRIP1,TEX15,TEX12,FANCD2,AGO4,CCNB1IP1,MLH3,SPO11"
"GO:BP","positive regulation of synaptic transmission","GO:0050806","6.450110498702334e-25","24.190432845277037","177","1691","64","21017","LRRTM2,BAIAP3,ABL1,EGFR,INS,TNF,APOE,HMGCR,PRNP,PRKCG,CRH,SERPINE2,NPS,CCL2,DRD2,BRAF,PTN,NF1,TACR2,SYT1,DRD1,ADORA2A,ADORA1,OXTR,ARRB2,PTGS2,SNCA,CCR2,CX3CR1,GSK3B,HAP1,SNAP25,STX1B,STXBP1,VAMP2,DLG4,ROR2,PRKCE,FMR1,ADCY1,NOG,STX3,SQSTM1,PTK2B,ITPR3,RAB3GAP1,AGER,SLC18A3,NTRK2,STX1A,SNAP47,LRRTM1,RIMS1,SYT12,NLGN1,LILRB2,DTNBP1,GPER1,LGMN,RIMS4,RETN,EIF2AK4,RIMS3,NRXN1"
"GO:BP","positive regulation of inflammatory response","GO:0050729","6.9904566703995595e-25","24.15549445187145","147","1691","58","21017","C2CD4B,TLR4,PDE2A,AIM2,TLR3,IL33,TGFB1,LTA,TNF,IFNG,IL1B,SERPINE1,IL6,CCL3,OSM,HLA-E,IDO1,ETS1,CEBPB,LBP,CNR1,ZP3,TNFSF4,NFKBIA,IL12B,CCR7,GBP1,PTGS2,PTGER4,SNCA,RPS19,WNT5A,CCR2,CASP3,PTGER3,STAT5B,NLRP6,NLRP12,CX3CL1,S100A12,IL1RL1,BTK,DHX9,HYAL2,NMI,TNIP1,NPY5R,LRRK2,NLRP3,PARK7,MGST2,VAMP8,IL21,IL23A,TLR9,STAP1,PYCARD,TNFRSF11A"
"GO:BP","positive regulation of leukocyte mediated immunity","GO:0002705","6.9904566703995595e-25","24.15549445187145","147","1691","58","21017","NCR3,SH2D1A,RASGRP1,CRTAM,TGFB1,LTA,TNF,IL1B,IL4,IL6,FCER2,CD55,PTPRC,KIT,LAMP1,HLA-E,PVR,VAV1,HLA-G,LAG3,ZP3,TNFSF4,KLRK1,IL12A,IL12B,NOS2,STAT6,MSH2,XCL1,STAT5B,F2RL1,B2M,BTK,FADD,SLAMF1,MICB,HFE,IL23R,RAET1L,RAET1G,SCIMP,MAVS,TICAM2,TICAM1,RAET1E,RSAD2,NECTIN2,SLAMF6,NLRP3,P2RX7,ULBP3,ULBP2,ULBP1,FOXP3,IL21,IL23A,MAD2L2,STAP1"
"GO:BP","negative regulation of coagulation","GO:0050819","7.767808994188305e-25","24.109701462012243","53","1691","35","21017","F2,PLG,F12,PDGFB,APOE,FGA,FGB,FGG,APOH,KLKB1,PROC,PDGFA,HRG,KRT1,SERPINB2,SERPINE1,SERPING1,EDN1,SERPINE2,THBD,PROS1,THBS1,SERPINF2,ANXA4,CEACAM1,PDGFRA,TSPAN8,NOS3,PLAUR,PRKCD,PRKG1,ADAMTS18,UBASH3B,CPB2,C1QTNF1"
"GO:BP","cellular response to transforming growth factor beta stimulus","GO:0071560","8.099468072937697e-25","24.091543502179817","261","1691","79","21017","MEN1,PDE2A,SDCBP,WNT7A,MSTN,SMAD7,OGT,PDPK1,SPRY1,ZEB2,CIDEA,LPXN,FOXH1,ABL1,TGFB1,FSHB,COL3A1,TP53,IL4,EDN1,JUN,THBS1,HSP90AB1,PARP1,HSPA1A,TGFB3,SRC,ENG,CDH3,PML,PBLD,ARRB2,FBN1,SOX11,PPM1A,BMPR1A,ACVRL1,TGFBR2,PPARG,STAT3,ID1,WNT5A,NKX2-1,XCL1,SOX9,CX3CR1,CAV3,WNT4,TGFB2,FKBP1A,SMAD3,DAB2,PTK2,MEF2C,ZFP36L1,PPARA,EP300,HYAL2,MAPK7,PIN1,HDAC1,LRRC32,PTPRK,STK11,RBBP7,SFRP1,FAM89B,FLCN,HTRA1,HDAC2,SIRT1,NODAL,CITED1,CITED2,ING2,DCSTAMP,BRMS1,ING1,STRAP"
"GO:BP","negative regulation of hemostasis","GO:1900047","8.762239159931114e-25","24.057384897195178","50","1691","34","21017","F2,PLG,F12,PDGFB,APOE,FGA,FGB,FGG,APOH,KLKB1,PROC,PDGFA,HRG,KRT1,SERPINB2,SERPINE1,SERPING1,EDN1,SERPINE2,THBD,PROS1,THBS1,SERPINF2,CEACAM1,PDGFRA,TSPAN8,NOS3,PLAUR,PRKCD,PRKG1,ADAMTS18,UBASH3B,CPB2,C1QTNF1"
"GO:BP","positive regulation of small molecule metabolic process","GO:0062013","9.144787971796257e-25","24.038826359487334","138","1691","56","21017","INS,TNF,IFNG,IL1B,APOA1,APOE,APOC2,ANXA1,CD74,IGF1,IL4,ENO1,FABP1,SRC,PRKACA,PTPN2,NR1D1,HTR2A,NOS3,NTSR1,AKT1,PTGS2,IRS1,SREBF1,PPARG,SNCA,MTOR,P2RY1,STAR,CPT1A,PRKAA2,NR1H2,WNT4,DAB2,PRKCE,PPARD,PPARA,SREBF2,PRKAA1,NR1H3,RGN,TWIST1,STK11,ADIPOQ,CRY1,HIF1A,PID1,DYRK2,KAT2B,SIRT1,NR1H4,PARK7,GPER1,P2RX7,PPARGC1A,IRS2"
"GO:BP","axon extension","GO:0048675","9.299087509244231e-25","24.03155966533238","124","1691","53","21017","DVL1,NRP1,SEMA3E,DCLK1,SLIT3,SEMA7A,SLIT2,SEMA3D,NTN1,SEMA4F,ABL1,APOE,FN1,EDN1,MAPT,EDN3,VEGFA,PPP3CB,VCL,MT3,GDI1,WNT5A,MAP1B,CXCL12,GSK3B,PLXNA3,WNT3,WNT3A,ARHGAP4,CDK5,SEMA3B,SEMA3F,SEMA5A,BMPR2,ULK2,DRAXIN,SEMA6D,SEMA4D,SEMA3C,RTN4R,SEMA4C,BCL11A,SEMA6A,ADNP,SEMA4A,SEMA6C,SEMA6B,SEMA4B,RTN4,SEMA3G,SEMA4G,SEMA5B,RNF6"
"GO:BP","T cell mediated immunity","GO:0002456","9.299087509244231e-25","24.03155966533238","124","1691","53","21017","SMAD7,IFNA2,IFNB1,IL1B,C4BPA,IL4,IL6,ICAM1,CD55,PTPRC,HMGB1,CTSH,CEACAM1,HLA-E,PVR,CD46,SPN,PPP3CB,IL7R,HLA-G,CR1,ZP3,TNFSF4,IL12A,IL12B,AHR,CCR2,WAS,XCL1,RAB27A,EMP2,B2M,FADD,SLAMF1,AGER,MICB,HFE,IL23R,RAET1L,RAET1G,CLEC4G,IL20RB,LILRB4,RAET1E,RSAD2,NECTIN2,NLRP3,P2RX7,ULBP3,ULBP2,ULBP1,FOXP3,IL23A"
"GO:BP","regulation of nucleocytoplasmic transport","GO:0046822","9.513809755650882e-25","24.021645537265194","115","1691","51","21017","IPO5,HDAC3,TGFB1,IFNG,IL1B,APOD,TXN,TPR,BMP4,CD36,PRKACA,NF1,SP100,PIK3R1,PTGS2,PPM1A,PPP1CC,LEP,CDKN2A,RANGAP1,NEDD4,GSK3B,EMD,PKIA,SUMO1,SMAD3,CDK5,PRKCD,PTPN11,DHX9,EP300,HYAL2,TARDBP,TRIM28,GAS6,PRKD1,ANGPT1,SHH,ZC3H12A,MAVS,PARK7,CHP1,BARD1,RBM4,WNK1,CABP1,MDFIC,RAB23,SUFU,PKIG,PTPN22"
"GO:BP","response to alcohol","GO:0097305","1.0588074613055332e-24","23.975183006932077","262","1691","79","21017","CCL21,MSTN,KLF4,FOXO3,SLIT3,SLIT2,SOD1,SPINK1,TGFB1,GNRH1,TNF,CAT,SOD2,TYMS,PRKCB,CRH,TH,INHBA,PTPRC,F7,FBP1,INHBB,PARP1,CCL3,RARA,G6PD,CDK4,DRD2,NQO1,CREB1,CHRNB2,CNR1,DRD4,COMT,TNFSF4,NPPC,CRHBP,CD27,HTR1B,AKT1,CCR7,CDA,CTNNA1,CTNNB1,IL13,OPRM1,PTGER4,AHR,SREBF1,TGFBR2,PPARG,OPRK1,LEP,CPT1A,PRKAA2,CLDN18,ABAT,SLC6A3,PRKCE,RAD51,BCL2L1,PPARA,ADCY1,PRKAA1,ADAM15,HNRNPD,PTK2B,PRKD1,ADIPOQ,AANAT,CYP1B1,SFRP1,HDAC2,TP53INP1,PPP1R9B,CCL19,FOXP3,STK39,TNFRSF11A"
"GO:BP","negative regulation of endocytosis","GO:0045806","1.2082849341341254e-24","23.917830639613577","67","1691","39","21017","SDCBP,PLSCR1,LRRTM2,SNX3,TGFB1,APOC1,APOC2,ITGB3,ITGAV,HMGB1,PRTN3,CSK,NR1H2,STX1B,ARF6,RACK1,DLG4,NR1H3,UNC119,PICALM,MTMR2,PRKD1,ADIPOQ,LRSAM1,LRRTM1,PROM2,SCAMP5,CD300LF,SNX33,RUBCN,ATXN2,SYT11,PACSIN1,ATG3,CD300A,UBQLN2,RABGEF1,PACSIN3,PACSIN2"
"GO:BP","regulation of mitotic cell cycle","GO:0007346","1.2403742949375179e-24","23.906447242501194","497","1691","115","21017","MEIOC,EME2,SDCBP,DDX3X,OVOL1,EREG,AURKA,RAD51B,TP73,HDAC3,KLF4,RAD51C,XRCC3,NBN,VPS4B,USP2,ABL1,EGFR,PDGFB,EGF,TGFB1,INS,TNF,IL1B,ANXA1,TP53,IGF1,EDN1,RB1,INHBA,BCL2,CDK4,TPR,BMP4,CCL2,EDN3,BMP7,IL10,PTPN6,PML,CDC25B,AKT1,TTK,CTNNB1,RDX,DRD3,BCL6,CASP2,CDKN2A,CDKN2C,MSH2,CDKN1B,DUSP3,SMARCA2,SMARCA4,BRCA2,STAT5B,PLK1,HSPA2,AIF1,CDKN2D,PRMT2,SIK1,PTEN,PKIA,PPP2CA,PRKDC,PKD1,HNRNPU,ID2,PTPN11,ZFP36L1,HYAL1,DLG1,ATM,PIN1,PKD2,CUL4A,SCRIB,HES1,ESPL1,GPNMB,SHB,TRIP13,EZH2,FBXO43,ARID2,JADE1,CDC73,PIM3,CRLF3,DCUN1D3,BRSK1,BTN2A2,RAD50,EME1,SIRT1,CDK5RAP3,MUS81,PPP1R9B,LGMN,PHB2,BARD1,NKX3-1,FANCD2,RGCC,PLCB1,CYLD,RCC2,ADAMTS1,MAD2L2,FBXO5,FBXO7,DMRT1,MAD1L1"
"GO:BP","macrophage activation","GO:0042116","1.4360692465572313e-24","23.84282461812114","107","1691","49","21017","TLR4,TLR3,IL33,TNF,IFNG,CD74,IL4,IL6,FCER2,THBS1,PTPRC,CCL3,MAPT,MIF,BPI,LBP,AZU1,NR1D1,IL10,IL4R,IL13,SNCA,CD200,WNT5A,CX3CR1,NAGLU,AIF1,CX3CL1,HAMP,IL1RL1,PRKCE,NR1H3,NMI,ATM,AGER,ZC3H12A,LRRK2,TICAM1,ADGRF5,TRPV1,IL31RA,HAVCR2,WNK4,SYT11,TLR9,STK39,CD84,STAP1,VSIG4"
"GO:BP","T cell activation involved in immune response","GO:0002286","1.475583774278568e-24","23.831036128980628","125","1691","53","21017","LGALS9,MEN1,SMAD7,SOCS5,IFNA2,IFNB1,IFNG,ANXA1,CD74,TP53,IL4,IL6,ICAM1,HMGB1,RARA,CEACAM1,CD46,SPN,TNFSF4,IL4R,IL12B,FCER1G,PTGER4,STAT3,BCL6,CD86,STAT6,MTOR,RAB27A,RORC,JAK3,F2RL1,RELB,ATP7A,HLX,IRF4,SHB,ZC3H12A,RC3H1,IL23R,IFNL1,ZFPM1,NFKBID,HAVCR2,SLAMF6,NLRP3,CCL19,FOXP3,SEMA4A,IL21,IL23A,EIF2AK4,TNFSF18"
"GO:BP","regulation of osteoblast differentiation","GO:0045667","1.730121216296015e-24","23.761923468128852","130","1691","54","21017","BMPR1B,MEN1,SNAI2,GREM1,TNF,LTF,IGF1,IL6,FGF2,BMP4,PRKACA,CEBPB,BMP7,ATF4,NPPC,IGFBP5,CTNNB1,MSX2,SOX11,BMPR1A,PPARG,NOTCH1,SOX9,GSK3B,HDAC4,WNT3,WNT4,OSTN,SMAD3,ID3,PTK2,MEF2C,PPP3CA,REST,NOG,ILK,BMPR2,PRKD1,TWIST1,FFAR4,SFRP1,RORB,SEMA4D,SFRP2,CITED1,WWTR1,FGF23,CHRD,CTNNBIP1,NOCT,FBXO5,SUFU,FZD1,AXIN2"
"GO:BP","homologous chromosome pairing at meiosis","GO:0007129","1.992662087610434e-24","23.700566342006265","54","1691","35","21017","SYCE3,MEIOC,SYCE1L,RNF212B,MSH4,SUN1,REC8,CCNE2,CCNE1,BAG6,UBE2B,DMC1,SYCP1,TRIP13,MAJIN,RNF212,SYCE2,HORMAD1,TEX11,SYCE1,MEIOB,TERB1,SPATA22,P3H4,MAEL,NDC1,SYCP2,BRIP1,TEX15,TEX12,FANCD2,AGO4,CCNB1IP1,MLH3,SPO11"
"GO:BP","regulation of T cell mediated immunity","GO:0002709","2.1819801183228782e-24","23.66114921091633","95","1691","46","21017","SMAD7,IFNA2,IFNB1,IL1B,IL4,IL6,CD55,PTPRC,HMGB1,CEACAM1,HLA-E,PVR,SPN,PPP3CB,IL7R,HLA-G,ZP3,TNFSF4,IL12A,IL12B,AHR,CCR2,WAS,XCL1,B2M,FADD,SLAMF1,AGER,MICB,HFE,IL23R,RAET1L,RAET1G,CLEC4G,IL20RB,LILRB4,RAET1E,RSAD2,NECTIN2,NLRP3,P2RX7,ULBP3,ULBP2,ULBP1,FOXP3,IL23A"
"GO:BP","interleukin-8 production","GO:0032637","2.383055222863391e-24","23.62286589357173","83","1691","43","21017","SSC5D,LGALS9,TLR4,FCN1,TLR3,KLF4,BCL10,TNF,IL1B,APOA2,ANXA1,CD74,SERPINE1,IL6,ELANE,PTPRC,HMGB1,ANXA4,HSPA1A,BPI,LBP,IL10,F2R,NOS2,STAT3,LEP,WNT5A,ARRB1,F2RL1,TIRAP,HYAL2,FADD,MAP2K5,ADIPOQ,OTUD7B,MAVS,CACTIN,PARK7,TLR9,C5AR2,GDF2,PYCARD,PTPN22"
"GO:BP","regulation of interleukin-8 production","GO:0032677","2.383055222863391e-24","23.62286589357173","83","1691","43","21017","SSC5D,LGALS9,TLR4,FCN1,TLR3,KLF4,BCL10,TNF,IL1B,APOA2,ANXA1,CD74,SERPINE1,IL6,ELANE,PTPRC,HMGB1,ANXA4,HSPA1A,BPI,LBP,IL10,F2R,NOS2,STAT3,LEP,WNT5A,ARRB1,F2RL1,TIRAP,HYAL2,FADD,MAP2K5,ADIPOQ,OTUD7B,MAVS,CACTIN,PARK7,TLR9,C5AR2,GDF2,PYCARD,PTPN22"
"GO:BP","regulation of blood pressure","GO:0008217","2.383055222863391e-24","23.62286589357173","186","1691","65","21017","DLL1,ATP6AP2,UTS2,SOD1,PDGFB,POMC,TNF,SOD2,EDN1,CRH,ADRB2,CTSG,ADRB1,SERPINF2,TPM1,CHGA,ADRB3,EDN3,DRD2,ENG,ADRA2B,NPR2,CNR1,COMT,PTGS1,FSHR,EDNRB,F2R,NOS3,NOS1,GNA11,AVPR2,ADORA1,OXTR,GCH1,NTSR1,NOS2,PTGS2,DRD3,ACVRL1,PPARG,OPRL1,LEP,BDKRB1,GSK3A,EMP2,F2RL1,HBB,CYP4F2,ABAT,SMAD3,ID2,PPARA,BMPR2,GAS6,RPS6KA2,ADIPOQ,CARTPT,TRPV1,WNK4,BBS4,SPX,WNK1,STK39,UTS2R"
"GO:BP","peptidyl-serine modification","GO:0018209","2.541509454217308e-24","23.59490827041661","219","1691","71","21017","AURKA,SMAD7,ROCK2,TNKS,BAG4,EGFR,TNF,IFNA2,IFNB1,IFNG,IL6,NLRP2B,BCL2,TXN,TOP1,DMD,OSM,MIF,LIF,BRAF,VEGFA,PRKACA,IL11,HRC,NOS1,AKT1,PFN2,PTGS2,SNCA,WNT5A,MTOR,MAPK8,GSK3A,GSK3B,PLK1,WNT3A,PTEN,RACK1,CSNK2A1,PRKDC,PKD1,CDK5,PRKCE,MAP3K10,PRKCD,BAX,DMTN,PDE4D,STK4,PRKAA1,PAK1,ATM,CAMK2D,DYRK1A,CDK5R1,PRKD1,ANGPT1,NTRK3,NTRK2,LRRK2,BRSK1,SFRP2,PARK7,INPP5K,WNK1,STK39,IP6K2,MAD2L2,NRXN1,CAMK2A,CAB39"
"GO:BP","negative regulation of tumor necrosis factor production","GO:0032720","2.664989288082711e-24","23.574304532279406","61","1691","37","21017","LGALS9,TLR4,CIDEA,POMC,IGF1,IL4,GSTP1,RARA,TRIM27,BPI,LBP,TNFAIP3,IL10,PTPN6,AXL,ARRB2,CX3CL1,SLAMF1,GPR18,GAS6,GPNMB,TWIST1,ADIPOQ,ZC3H12A,IL27RA,NLRC3,LILRB4,HAVCR2,CACTIN,NR1H4,SYT11,FOXP3,C5AR2,NFKBIL1,GHRL,PTPN22,IRAK3"
"GO:BP","regulation of response to cytokine stimulus","GO:0060759","3.1001816346955905e-24","23.50861286079955","171","1691","62","21017","TLR4,IRAK2,KLF4,PARK2,NOL3,SLIT3,SLIT2,APOA1,CD74,ISG15,IL6,EDN1,PTPRC,GSTP1,HSPA1A,NLRP2B,CCL5,PTPN2,TNFAIP3,IL1R2,PTPN6,AXL,PPARG,WNT5A,IRAK1,NR1H2,F2RL1,NLRP6,PTPN11,DHX9,TRIM32,NR1H3,FADD,MAP2K5,MAPK7,GPS2,GAS6,ANGPT1,ADIPOQ,HIF1A,PYDC2,MAVS,METTL3,NLRC5,TICAM2,PIAS4,ZNF675,CD300LF,CACTIN,PYDC1,PXDN,MUL1,NR1H4,GFI1,CYLD,IL36RN,RABGEF1,STAP1,PYCARD,PADI2,IRAK3,ROBO1"
"GO:BP","multi-organism reproductive process","GO:0044703","3.1001816346955905e-24","23.50861286079955","203","1691","68","21017","ACOD1,LGALS9,AGRP,CLDN4,CYP27B1,KALRN,PRDM1,STC2,RECK,SOD1,TIMP1,TGFB1,FSHB,PRL,IL1B,EPO,AMBP,ESR1,SEMG1,ITGB3,EDN1,CRH,SERPINE2,THBD,ADRA2A,PARP1,RARA,BCL2,SPP1,TGFB3,SCGB1A1,IDO1,LIF,VEGFA,GJA1,ADRA2B,ADCYAP1,PTN,CNR1,FBLN1,CRHBP,IGFBP5,CD38,PRDX3,OXTR,SLC6A4,AKT1,PTGS2,ACVR1B,LEP,STAT5B,ARHGDIB,STC1,EMP2,WNT4,PPARD,ATP7A,C1QBP,ABCC8,OVGP1,TRIM28,BMPR2,IHH,ACVR1C,HAVCR2,NODAL,CITED2,GHRL"
"GO:BP","positive regulation of chemokine production","GO:0032722","3.282903469736914e-24","23.48374188704737","72","1691","40","21017","LGALS9,TLR4,DDX3X,ALOX15B,TLR3,IL33,C5,TGFB1,TNF,IFNG,IL1B,CD74,IL6,HMGB1,HMOX1,MIF,EGR1,LBP,ADCYAP1,EIF2AK2,AZU1,TNFSF4,IL4R,WNT5A,AIF1,F2RL1,TIRAP,IL1RL1,TRIM32,AGER,TWIST1,ADIPOQ,HIF1A,MAVS,TICAM2,TICAM1,HAVCR2,TLR9,CD84,PYCARD"
"GO:BP","regulation of intrinsic apoptotic signaling pathway","GO:2001242","3.73286720274349e-24","23.42795745988392","182","1691","64","21017","DDX3X,BCL2L11,SNAI2,PARK2,KDM1A,NOL3,NDUFS3,WFS1,SNAI1,SOD1,MYC,INS,EPO,SOD2,CD74,TP53,LCK,ENO1,GPX1,PARP1,HSPA1A,BCL2,SRC,MIF,PTPN2,ATF4,IL10,SFPQ,MSX1,ERP29,DNAJA1,AKT1,CTNNB1,PTGS2,CXCL12,TMBIM6,CDKN2D,RACK1,PLAUR,BAX,BCL2L1,TRIM32,MAPK7,HDAC1,NONO,NFE2L2,HIF1A,LRRK2,CCAR2,PIAS4,FLCN,BAD,SIRT1,SFRP2,PARK7,NKX3-1,ING2,CYLD,NDUFA13,PYCARD,UBQLN1,BOK,FZD1,FBXO7"
"GO:BP","regulation of blood vessel endothelial cell migration","GO:0043535","4.175892522129449e-24","23.379250687603204","92","1691","45","21017","ITGB1BP1,NRP1,PDPK1,KLF4,ABL1,PLG,PDGFB,TGFB1,TNF,APOE,ANXA1,HRG,THBS1,FGF2,HMGB1,HMOX1,ETS1,VEGFA,PLCG1,NF1,GATA2,NOS3,AKT1,PTGS2,ACVRL1,PPARG,NOTCH1,MEOX2,MEF2C,MAP2K5,PRKD1,ANGPT1,NFE2L2,HIF1A,AMOT,VASH1,SIRT1,CIB1,RGCC,MMRN2,DLL4,GDF2,HDAC5,ANGPT4,STARD13"
"GO:BP","regulation of muscle system process","GO:0090257","5.1570563952932876e-24","23.287598119314488","227","1691","72","21017","SLN,MSTN,CASQ2,SMAD7,CLIC2,FOXO3,NOL3,ROCK2,PDE5A,BMP10,SOD1,ADA,IGF1,EDN1,ENO1,ADRB2,ADRA2A,TPM1,PARP1,CHGA,KIT,MYL2,G6PD,DMD,ATP2A2,PRKACA,ADRA2B,ADRA2C,TACR2,HRC,IGFBP5,F2R,PLN,GSTM2,NOS3,NOS1,ADORA1,OXTR,SRI,CHRNB4,CASQ1,CHRNA3,SLC8A1,PTGS2,PPARG,NOTCH1,GSK3A,STC1,HDAC4,CAV3,FKBP1B,GSTO1,ABAT,SMAD3,ANK2,PPARA,PPP3CA,PDE4D,ABCC8,DLG1,AKAP6,CAMK2D,PRKG1,PRKD1,ZC3H12A,RYR2,GPER1,PKP2,SPX,PROK2,GHRL,CTDP1"
"GO:BP","regulation of synaptic plasticity","GO:0048167","5.649992820304359e-24","23.247952104057408","216","1691","70","21017","VGF,LRRTM2,SYT7,PPFIA3,DGKI,ABL1,HRAS,INS,APOE,HMGCR,PRNP,PRKCG,CRH,SERPINE2,RARA,MAPT,KIT,EGR2,DRD2,BRAF,PPP3CB,ATF4,RAB3A,RAB5A,PTN,NF1,DRD1,CD38,ADORA2A,ADORA1,PTGS2,SNCA,MAP1B,CX3CR1,GSK3B,SNAP25,STXBP1,VAMP2,DLG4,CX3CL1,CDK5,MEF2C,FMR1,ADCY1,NOG,STX3,SQSTM1,PTK2B,ITPR3,KCNB1,RAB3GAP1,AGER,SLC18A3,NTRK2,SNAP47,CPLX2,LRRTM1,RIMS1,SYT12,LILRB2,UNC13C,BRSK1,JPH3,LGMN,ABHD6,SYT4,RIMS4,EIF2AK4,RIMS3,CAMK2A"
"GO:BP","mammary gland development","GO:0030879","7.013524153134332e-24","23.15406370305081","138","1691","55","21017","BCL2L11,KALRN,NTN1,EGF,TGFB1,PRL,ESR1,CSN2,GPX1,FGF2,TGFB3,CYP19A1,BMP4,SRC,VEGFA,CREB1,GJA1,CEBPB,TPH1,NFKB1,HOXA5,IGFBP5,MSX1,PML,OXTR,HOXA9,AKT1,MSX2,TGFBR2,WNT5A,STAT6,SOX9,BRCA2,STAT5B,CAV3,WNT3,WNT3A,WNT4,NRG3,SLC6A3,NRG1,ID2,GHRHR,ATP7A,BAX,FOXF1,SCRIB,NCOA1,HIF1A,PHB2,RTN4,BTRC,IRS2,ROBO1,TNFRSF11A"
"GO:BP","regulation of MAP kinase activity","GO:0043405","7.76222379061739e-24","23.11001384038637","124","1691","52","21017","TLR4,RASGRP1,EGFR,HRAS,PDGFB,EGF,TNF,IL1B,APOE,PDGFA,ERBB2,EDN1,LYN,THBS1,ELANE,ADRA2A,FGF2,GSTP1,EDN3,VEGFA,NF1,DRD4,ERP29,DNAJA1,PPARG,WNT5A,HTR2B,CAV3,S100A12,MAP3K10,PRKCD,HYAL2,PTPRJ,PAK1,MAP2K5,ADIPOQ,EZH2,NTRK3,LRRK2,PIK3R6,DAB2IP,LAX1,ZNF675,CDK5RAP3,TRIB1,CCL19,INPP5K,CD300A,PTPN22,IRAK3,ROBO1,TNFRSF11A"
"GO:BP","response to glucose","GO:0009749","8.059842884497406e-24","23.093673424083352","206","1691","68","21017","UNC13B,OGT,FOXO3,BAIAP3,TGFB1,APOA2,ICAM1,PRKCB,CRH,TH,GPX1,THBS1,ADRA2A,PPP3CB,PRKACA,PFKL,EGR1,NR1D1,SRI,HNF1B,SERPINF1,SREBF1,OPRK1,HNF4A,CASP3,CDKN1B,SMARCA4,PRKAA2,UCP2,SESN2,VSNL1,VAMP2,RACK1,FKBP1B,SMAD3,PRKCE,SOX4,PPP3CA,ABCC8,PRKAA1,EIF2B5,PTK2B,GAS6,KCNJ11,KCNB1,AGER,GPR68,ADIPOQ,HIF1A,PTPRN,SARM1,PIM3,NDUFAF2,JAGN1,ACVR1C,PTPRN2,BAD,CPB2,NR1H4,GPER1,RBM4,RAB11FIP5,ENY2,TCF7L2,GHRL,EIF2B4,FOXA2,IRS2"
"GO:BP","reciprocal meiotic recombination","GO:0007131","8.710047208304973e-24","23.05997949111739","59","1691","36","21017","SYCE3,HFM1,EME2,RNF212B,RAD51B,MSH4,RAD51C,RAD51D,REC8,TOP2A,UBE2B,TOP2B,RAD51,ATM,DMC1,SYCP1,TRIP13,MAJIN,RNF212,FANCM,TEX11,MEIOB,CNTD1,TERB1,ANKLE1,RAD50,ERCC4,EME1,MUS81,KLHDC3,BRIP1,FANCD2,CCNB1IP1,MLH3,SPO11,RAD54B"
"GO:BP","reciprocal homologous recombination","GO:0140527","8.710047208304973e-24","23.05997949111739","59","1691","36","21017","SYCE3,HFM1,EME2,RNF212B,RAD51B,MSH4,RAD51C,RAD51D,REC8,TOP2A,UBE2B,TOP2B,RAD51,ATM,DMC1,SYCP1,TRIP13,MAJIN,RNF212,FANCM,TEX11,MEIOB,CNTD1,TERB1,ANKLE1,RAD50,ERCC4,EME1,MUS81,KLHDC3,BRIP1,FANCD2,CCNB1IP1,MLH3,SPO11,RAD54B"
"GO:BP","leukocyte homeostasis","GO:0001776","1.0794271473789534e-23","22.966806663713257","111","1691","49","21017","LGALS9,TNFRSF13B,AIM2,BCL2L11,TNFSF14,BCL10,ABL1,ADA,TGFB1,IL2RA,ANXA1,CD74,IL6,LYN,HMGB1,BCL2,MIF,PPP3CB,IL7R,NF1,TNFAIP3,KITLG,F2R,FAS,ITPKB,PPP2R1A,AXL,CORO1A,AKT1,PRDX2,CCR2,CASP3,STAT5B,JAK3,PPP2CA,BTK,MEF2C,BAX,MERTK,FADD,PKN1,HIF1A,RC3H1,IL20RB,SPNS2,ZC3H8,P2RX7,TSC22D3,FOXP3"
"GO:BP","regulation of tube diameter","GO:0035296","1.129627459849447e-23","22.947064759001073","149","1691","57","21017","ITGB1BP1,ROCK2,UTS2,SOD1,ABL1,EGFR,INS,TNF,APOE,FGA,FGB,FGG,SOD2,EDN1,GPX1,ADRB2,SOD3,ADRB1,SERPINF2,ADRA2A,ADRB3,EDN3,ADRA2B,ADRA2C,DRD1,KEL,NPPC,EDNRB,F2R,HTR1D,HTR1B,HTR2A,CD38,ADORA2A,NOS3,NOS1,AVPR2,ADORA1,OXTR,GCH1,SLC6A4,SLC8A1,HTR7,PTGS2,LEP,HTR2B,P2RY1,MTNR1B,F2RL1,HBB,BMPR2,PRKG1,KCNMB4,KAT2B,GPER1,BBS2,UTS2R"
"GO:BP","blood vessel diameter maintenance","GO:0097746","1.129627459849447e-23","22.947064759001073","149","1691","57","21017","ITGB1BP1,ROCK2,UTS2,SOD1,ABL1,EGFR,INS,TNF,APOE,FGA,FGB,FGG,SOD2,EDN1,GPX1,ADRB2,SOD3,ADRB1,SERPINF2,ADRA2A,ADRB3,EDN3,ADRA2B,ADRA2C,DRD1,KEL,NPPC,EDNRB,F2R,HTR1D,HTR1B,HTR2A,CD38,ADORA2A,NOS3,NOS1,AVPR2,ADORA1,OXTR,GCH1,SLC6A4,SLC8A1,HTR7,PTGS2,LEP,HTR2B,P2RY1,MTNR1B,F2RL1,HBB,BMPR2,PRKG1,KCNMB4,KAT2B,GPER1,BBS2,UTS2R"
"GO:BP","vesicle localization","GO:0051648","1.1425829404372709e-23","22.94211226454754","224","1691","71","21017","SNAP23,AP3B1,WASL,SDCBP,TOR1A,UNC13B,LIN7A,SYN3,SYNJ1,PARK2,VPS4B,BAIAP3,RASGRP1,SNAPIN,IFNG,SYN1,RAB3A,CDH3,SDC4,CTNNB1,SNCA,ASIP,HTT,RAB7A,RAB27A,GPR143,HAP1,NAGLU,PTEN,SNAP25,STXBP1,BLOC1S1,CDK5,MYO7A,PICALM,DCTN2,SCRIB,DCTN1,STK11,LRRK2,AP1AR,BLOC1S3,BLOC1S2,CLASP1,CADPS2,BBS7,NLGN1,BBS5,MREG,UNC13C,BRSK1,BLOC1S5,SYN2,VPS33A,DTNBP1,BBS4,SEPT5,SYT11,BBS2,ARL6,RAB17,KIF13A,VPS33B,SYT4,BLOC1S4,FBXW11,BLOC1S6,NRXN1,UNC13A,MYO5A,PCLO"
"GO:BP","negative regulation of adaptive immune response based on somatic recombination of immune receptors built from immunoglobulin superfamily domains","GO:0002823","1.2022963870028389e-23","22.919988457979894","56","1691","35","21017","SMAD7,IL33,IFNA2,IFNB1,C4BPA,IL4,PTPRC,CEACAM1,CD46,SPN,PPP3CB,IL7R,HLA-G,CR1,C4BPB,TNFSF4,IL4R,PTPN6,AHR,BCL6,XCL1,JAK3,IL1RL1,SLAMF1,HFE,ZC3H12A,RC3H1,IL27RA,CLEC4G,IL20RB,LILRB4,HAVCR2,FOXJ1,NDFIP1,FOXP3"
"GO:BP","male sex differentiation","GO:0046661","1.2909135060534345e-23","22.889102855411437","175","1691","62","21017","TLR3,BCL2L11,REC8,SGPL1,FSHB,ESR1,AMH,INHA,ERCC1,INHBA,INHBB,RARA,BCL2,KIT,KCNE1,PDGFRA,FER,GJA1,SRD5A1,WT1,KITLG,BMP5,FSHR,HOXA9,CTNNA1,CTNNB1,BMPR1A,WNT5A,MSH2,NKX2-1,SOX9,MMP14,STAT5B,NR0B1,WNT4,TGFB2,ROR2,NHLH2,BAX,BCL2L1,PRDX4,NR5A1,ADAM15,SHH,NCOA1,CYP1B1,TEX11,SFRP1,ZFPM2,SFRP2,NKX3-1,CITED2,SYCP2,BRIP1,LGR4,ING2,PLEKHA1,AGO4,TLR9,BOK,DMRT1,ADGRG1"
"GO:BP","vascular process in circulatory system","GO:0003018","1.5092864346249017e-23","22.82122833134956","272","1691","79","21017","C2CD4B,PDE2A,ITGB1BP1,SLC22A2,ZEB2,ROCK2,SLIT2,UTS2,SOD1,ABL1,EGFR,TGFB1,INS,TNF,APOE,FGA,FGB,FGG,SOD2,EDN1,GPX1,ADRB2,SOD3,ADRB1,SERPINF2,ADRA2A,BCR,SRC,CEACAM1,ADRB3,EDN3,VEGFA,CD36,ADRA2B,ADRA2C,AZU1,TACR2,DRD1,KEL,NPPC,EDNRB,F2R,HTR1D,HTR1B,HTR2A,CD38,ADORA2A,NOS3,NOS1,AVPR2,ADORA1,OXTR,GCH1,SLC6A4,SLC8A1,HTR7,PTGS2,LEP,HTR2B,P2RY1,SLC6A9,MTNR1B,F2RL1,HBB,LRP1,ABCC8,PTPRJ,BMPR2,PRKG1,AGER,ANGPT1,AMOT,KCNMB4,KAT2B,ABCC2,GPER1,BBS2,CTNNBIP1,UTS2R"
"GO:BP","positive regulation of developmental growth","GO:0048639","1.5092864346249017e-23","22.82122833134956","165","1691","60","21017","DLL1,NRP1,SMAD7,FOXS1,PARK2,SEMA7A,BMP10,NTN1,GHRH,FN1,IGF1,EDN1,FGF2,BCL2,MAPT,PIM1,DRD2,EZR,VEGFA,CREB1,WT1,CAPN3,SYT1,ZP3,GDI1,AKT1,BMPR1A,LEP,NOTCH1,MAP1B,CXCL12,STAT5B,WNT3,WNT3A,SLC6A3,NRG1,GHRHR,PPARD,MEF2C,AKAP6,SEMA5A,BMPR2,HLX,RIMS1,ZFPM2,PROX1,SEMA4D,MUL1,NEDD4L,BBS4,TBX5,SYT3,BBS2,BCL11A,SYT4,ADNP,PLCB1,CHD7,GHRL,UNC13A"
"GO:BP","female pregnancy","GO:0007565","1.6406839152643163e-23","22.78497507956779","181","1691","63","21017","ACOD1,LGALS9,AGRP,CLDN4,CYP27B1,PRDM1,STC2,RECK,SOD1,TIMP1,TGFB1,FSHB,PRL,IL1B,EPO,AMBP,ESR1,ITGB3,CRH,THBD,ADRA2A,PARP1,RARA,BCL2,SPP1,TGFB3,SCGB1A1,IDO1,LIF,VEGFA,GJA1,ADRA2B,ADCYAP1,PTN,CNR1,FBLN1,CRHBP,IGFBP5,CD38,PRDX3,OXTR,AKT1,PTGS2,ACVR1B,LEP,STAT5B,ARHGDIB,STC1,EMP2,WNT4,PPARD,ATP7A,C1QBP,ABCC8,OVGP1,TRIM28,BMPR2,IHH,ACVR1C,HAVCR2,NODAL,CITED2,GHRL"
"GO:BP","positive regulation of chemotaxis","GO:0050921","1.6494031591860707e-23","22.7826731779457","145","1691","56","21017","LGALS9,CCL21,NRP1,MSTN,TNFSF14,CXCL13,SLIT2,OXSR1,PDGFB,TGFB1,CXCL10,CD74,IL4,SERPINE1,IL6,EDN1,THBS1,F7,FGF2,HMGB1,CCL3,CCL4,CCL5,EDN3,VEGFA,PDGFRA,LBP,AZU1,PTN,IL12A,CCR7,WNT5A,CCR2,XCL1,CXCL12,CX3CR1,AIF1,F2RL1,TIRAP,SMAD3,PTK2,C1QBP,STX3,SLAMF1,SEMA5A,BMPR2,PTK2B,GAS6,AGER,PRKD1,NTRK3,LGMN,CCL19,WNK1,IL23A,STK39"
"GO:BP","regulation of tube size","GO:0035150","1.6621272789914778e-23","22.77933572276179","150","1691","57","21017","ITGB1BP1,ROCK2,UTS2,SOD1,ABL1,EGFR,INS,TNF,APOE,FGA,FGB,FGG,SOD2,EDN1,GPX1,ADRB2,SOD3,ADRB1,SERPINF2,ADRA2A,ADRB3,EDN3,ADRA2B,ADRA2C,DRD1,KEL,NPPC,EDNRB,F2R,HTR1D,HTR1B,HTR2A,CD38,ADORA2A,NOS3,NOS1,AVPR2,ADORA1,OXTR,GCH1,SLC6A4,SLC8A1,HTR7,PTGS2,LEP,HTR2B,P2RY1,MTNR1B,F2RL1,HBB,BMPR2,PRKG1,KCNMB4,KAT2B,GPER1,BBS2,UTS2R"
"GO:BP","homologous recombination","GO:0035825","1.8005690503339383e-23","22.744590219139138","67","1691","38","21017","SYCE3,HFM1,EME2,RNF212B,RAD51B,MSH4,RAD51C,NBN,RAD51D,REC8,TOP2A,UBE2B,TOP2B,RAD51,ATM,DMC1,SYCP1,TRIP13,MAJIN,RNF212,FANCM,TEX11,MEIOB,CNTD1,TERB1,ANKLE1,RAD50,ERCC4,EME1,MUS81,BARD1,KLHDC3,BRIP1,FANCD2,CCNB1IP1,MLH3,SPO11,RAD54B"
"GO:BP","regulation of endothelial cell proliferation","GO:0001936","2.2819895712471837e-23","22.641686344650562","136","1691","54","21017","KRIT1,NRP1,PDPK1,PDGFB,EGF,PRL,TNF,APOE,APOH,ANG,ITGB3,THBS1,FGF2,HMGB1,HMOX1,BMP4,CCL2,VEGFA,ENG,PLCG1,NF1,IL10,GATA2,PTPRM,IL12A,IL12B,AKT1,TIE1,ACVRL1,PPARG,STAT3,LEP,WNT5A,HTR2B,STAT1,CXCL12,SYNJ2BP,PROK1,MEF2C,EGR3,SEMA5A,PRKD1,HIF1A,VASH1,NRARP,SULF1,PROX1,SIRT1,RGCC,MMRN2,DLL4,GHRL,GDF2,PLXNB3"
"GO:BP","platelet activation","GO:0030168","2.2819895712471837e-23","22.641686344650562","136","1691","54","21017","STXBP3,TLR4,PLSCR1,FZD6,DGKI,F2,PDGFB,COL3A1,APOE,FGA,FGB,FGG,PF4,PDGFA,HRG,ITGB3,IL6,LCK,SERPINE2,THBD,LYN,CTSG,ADRA2A,SRC,CEACAM1,VAV1,PDGFRA,ADRA2B,VCL,ADRA2C,F2R,PTPN6,NOS3,FCER1G,AXL,SLC6A4,P2RY1,WNT3A,RAP2B,STXBP1,HBB,PRKCD,TYRO3,MERTK,ILK,PRKG1,BLOC1S3,ADAMTS18,UBASH3B,TSPAN32,C1QTNF1,VPS33B,BLOC1S4,F11R"
"GO:BP","learning or memory","GO:0007611","2.4498485086431325e-23","22.61086077028628","280","1691","80","21017","FZD9,SYNJ1,KALRN,PARK2,DGKI,ARL6IP5,KCNK2,ABL1,EGFR,APOE,HMGCR,PRNP,PRKCG,CRH,TH,NPS,MAPT,KIT,THRA,EGR2,SRC,DRD2,BRAF,CREB1,PPP3CB,CHRNB2,PTN,NF1,TACR2,CNR1,DRD1,COMT,CRHBP,HTR2A,OXTR,NTSR1,SLC6A4,PTGS2,DRD3,SERPINF1,OPRK1,OPRL1,CASP3,HTT,CX3CR1,PPT1,PTEN,SNAP25,B2M,ASIC1,DLG4,CDK5,EN1,MEF2C,ADCY1,ABCC8,EP300,NOG,PICALM,ITPR3,AGER,NTRK2,HIF1A,CRTC1,LILRB2,BRSK1,JPH3,KAT2B,BTBD9,PPP1R9B,LGMN,SYT11,SYT4,ADNP,PLCB1,EIF2AK4,NRXN2,NRXN1,NDRG4,NRXN3"
"GO:BP","positive regulation of monoatomic ion transmembrane transport","GO:0034767","2.4498485086431325e-23","22.61086077028628","151","1691","57","21017","PDPK1,ABL1,F2,IFNG,CXCL10,THY1,EDN1,ADRB2,G6PD,DMD,CCL2,EDN3,KCNE1,CD19,PPP3CB,PLCG1,CAPN3,DRD1,DRD4,GAL,F2R,GSTM2,NOS1,SRI,NTSR1,CASQ1,IL13,ACTN2,SNCA,OPRK1,CCR2,HTT,BDKRB1,XCL1,HAP1,GSTO1,CX3CL1,ANK2,CXCL9,BAX,PPP3CA,KCNH2,ANK3,AKAP6,TRDN,PKD2,NPSR1,RYR2,GPER1,P2RX7,CHP1,JPH2,WNK3,LACRT,STK39,KCNE5,TCAF1"
"GO:BP","regulation of fibroblast proliferation","GO:0048145","2.5117439177190896e-23","22.60002464072733","91","1691","44","21017","EREG,ABL1,EGFR,MYC,HRAS,PDGFB,TGFB1,LTA,FN1,ESR1,PDGFA,SOD2,CD74,TP53,IGF1,ITGB3,GSTP1,CDK4,MIF,LIF,PDGFRA,NF1,FBLN1,PML,CTNNB1,IL13,PPARG,WNT5A,EMD,BAX,DHX9,TRIM32,GAS6,PARP10,DAB2IP,CDC73,NLRC3,SFRP1,ING5,TP53INP1,PAWR,LZTS2,CD300A,DACH1"
"GO:BP","response to ketone","GO:1901654","2.5162090710567223e-23","22.599253276329332","221","1691","70","21017","ACOD1,CCL21,CLDN4,MSTN,KLF4,FOXO3,SLIT3,ROCK2,SLIT2,EGFR,TGFB1,EPO,TYMS,EDN1,CRH,TH,THBS1,INHBA,PTPRC,F7,FBP1,PARP1,SPP1,TGFB3,CDK4,SRC,NQO1,CREB1,SRD5A1,GABRB1,ABCB4,COMT,TNFSF4,CD38,OXTR,HOXA9,AKT1,CCR7,CDA,PTGER4,AHR,SERPINF1,SREBF1,PPARG,PRKAA2,UCP2,TGFB2,PRKCE,BCL2L1,ADCY1,PRKAA1,NR1H3,ADAM15,HNRNPD,GAS6,KCNJ11,PRKD1,NCOA2,NCOA1,AANAT,CYP1B1,SFRP1,SIRT1,PPP1R9B,PARK7,CCL19,NKX3-1,FOXP3,STK39,AXIN2"
"GO:BP","cognition","GO:0050890","2.6202130901092473e-23","22.581663388033153","324","1691","87","21017","FZD9,SYNJ1,KALRN,PARK2,DGKI,ARL6IP5,KCNK2,ABL1,EGFR,INS,TNF,APOE,HMGCR,PRNP,PRKCG,CRH,TH,NPS,MAPT,KIT,THRA,EGR2,SRC,DRD2,BRAF,CREB1,PPP3CB,CHRNB2,PTN,NF1,TACR2,CNR1,DRD1,COMT,CRHBP,HTR2A,ADORA1,OXTR,NTSR1,SLC6A4,PTGS2,DRD3,SERPINF1,OPRK1,OPRL1,CASP3,HTT,CX3CR1,PPT1,PTEN,SNAP25,B2M,ASIC1,DLG4,CDK5,SLC6A3,EN1,MEF2C,ADCY1,ABCC8,EP300,NOG,PICALM,ITPR3,AGER,NTRK2,HIF1A,CRTC1,LILRB2,BRSK1,JPH3,KAT2B,BTBD9,BBS4,PPP1R9B,LGMN,SYT11,SYT4,ADNP,PLCB1,CHD7,EIF2AK4,NRXN2,NRXN1,NDRG4,NRXN3,HRH3"
"GO:BP","stem cell development","GO:0048864","2.70166335227103e-23","22.568368768326476","87","1691","43","21017","WNT7A,NRP1,SEMA3E,SNAI2,SEMA7A,SEMA3D,SEMA4F,FN1,EDN1,PTPRC,FGF2,BCL2,BMP4,EDN3,BMP7,KITLG,EDNRB,BMPR1A,GDNF,HTR2B,SOX9,NRG1,SEMA3B,SEMA3F,SEMA5A,HES1,SHH,TWIST1,HIF1A,SEMA6D,SEMA4D,CITED2,SEMA3C,SEMA4C,SEMA6A,SEMA4A,SEMA6C,SEMA6B,SEMA4B,SEMA3G,SEMA4G,SEMA5B,CORO1C"
"GO:BP","dopamine transport","GO:0015872","2.811906628719405e-23","22.550999104457755","57","1691","35","21017","TOR1A,SLC22A2,SYT7,PARK2,SNCG,PRKCB,DRD2,KCNA2,CHRNB2,RAB3B,CNR1,SYT1,DRD1,DRD4,COMT,HTR1B,HTR2A,DRD3,SNCA,GDNF,OPRK1,CXCL12,ABAT,SLC6A3,SYT6,SYT10,SYT9,SYT12,SYT8,DTNBP1,PARK7,SYT3,SYT15,SYT11,SYT4"
"GO:BP","myeloid cell homeostasis","GO:0002262","3.6222342896182646e-23","22.4410234625262","178","1691","62","21017","BCL2L11,FOXO3,UFL1,SOD1,EPO,ANXA1,INHA,SLC25A5,ISG15,IL6,RB1,LYN,INHBA,HMGB1,HMOX1,HSPA1A,KIT,THRA,G6PD,BMP4,ETS1,VEGFA,PTPN2,HOXA5,NF1,KITLG,GATA2,ZFP36,ITPKB,AXL,ACVR1B,HSPA9,RPS19,STAT3,BCL6,CCR2,STAT1,CASP3,STAT5B,CEBPG,B2M,PRKDC,HAMP,ID2,BTK,PRDX1,ZFP36L1,BAX,DMTN,MERTK,HIF1A,LDB1,ZFPM1,ADGRF5,INPP5D,CDK5RAP3,PRMT1,CITED2,FOXP3,TRIM10,KLF13,MAFB"
"GO:BP","regulation of osteoclast differentiation","GO:0045670","4.458700583485747e-23","22.350791690984316","72","1691","39","21017","TLR4,TNFRSF11B,TLR3,LILRB3,MITF,FSTL3,FSHB,TNF,IFNG,LTF,IL4,CCL3,IAPP,CREB1,CEBPB,NF1,FSHR,PIK3R1,IL12B,CTNNB1,FBN1,MTOR,CLDN18,PPP3CA,KLF10,TOB2,GPR68,CARTPT,IL23R,SFRP1,TMEM178A,LILRB4,ZNF675,UBASH3B,INPP5D,IL23A,GPR55,MAFB,TNFRSF11A"
"GO:BP","regulation of axonogenesis","GO:0050770","5.0609881981259314e-23","22.295764675434693","158","1691","58","21017","WNT7A,NRP1,SEMA3E,SEMA7A,SLIT2,SEMA3D,NTN1,SEMA4F,FN1,THY1,SPP1,MAPT,BRAF,VEGFA,KEL,MT3,GDI1,WNT5A,DCC,MAP1B,CXCL12,GSK3B,PLXNA3,WNT3,WNT3A,PTEN,ARHGAP4,CDK5,PAK1,SEMA3B,SEMA3F,SEMA5A,BMPR2,STK11,NTRK2,ULK2,SPG20,DRAXIN,SEMA6D,BRSK1,SEMA4D,SEMA3C,RTN4R,SEMA4C,BCL11A,SEMA6A,ADNP,SEMA4A,SEMA6C,SEMA6B,SEMA4B,RTN4,SEMA3G,SEMA4G,SEMA5B,PLXNB3,RNF6,ROBO1"
"GO:BP","multi-multicellular organism process","GO:0044706","5.072520100438555e-23","22.294776223349864","212","1691","68","21017","ACOD1,LGALS9,AGRP,CLDN4,CYP27B1,KALRN,PRDM1,STC2,RECK,SOD1,TIMP1,TGFB1,FSHB,PRL,IL1B,EPO,AMBP,ESR1,SEMG1,ITGB3,EDN1,CRH,SERPINE2,THBD,ADRA2A,PARP1,RARA,BCL2,SPP1,TGFB3,SCGB1A1,IDO1,LIF,VEGFA,GJA1,ADRA2B,ADCYAP1,PTN,CNR1,FBLN1,CRHBP,IGFBP5,CD38,PRDX3,OXTR,SLC6A4,AKT1,PTGS2,ACVR1B,LEP,STAT5B,ARHGDIB,STC1,EMP2,WNT4,PPARD,ATP7A,C1QBP,ABCC8,OVGP1,TRIM28,BMPR2,IHH,ACVR1C,HAVCR2,NODAL,CITED2,GHRL"
"GO:BP","cellular response to hypoxia","GO:0071456","5.341438744124191e-23","22.272341747751465","143","1691","55","21017","MSTN,SUV39H1,FOXO3,NOL3,ROCK2,STC2,KCNK2,MYC,TGFB1,TP53,EDN1,ENO1,FABP1,INHBA,HMOX1,BCL2,SRC,DRD2,VEGFA,BMP7,ATF4,MT3,PTGS2,PPARG,MTOR,CDKN1B,NOTCH1,IRAK1,STC1,TMBIM6,PRKCE,PPARD,ATP7A,ZFP36L1,PRKAA1,NONO,TWIST1,NFE2L2,HIF1A,SFRP1,BAD,SIRT1,ERO1A,PHB2,NKX3-1,CITED2,BRIP1,EGLN1,RGCC,SUV39H2,RTN4,UBQLN1,ANGPT4,RWDD3,SIRT4"
"GO:BP","positive regulation of T cell differentiation","GO:0045582","5.420197536104414e-23","22.265984885550758","119","1691","50","21017","LGALS9,AP3B1,FOXO3,SOCS5,RASGRP1,ADA,TGFB1,IFNG,IL2RA,ANXA1,CD74,IL4,PTPRC,RARA,CD46,IL7R,HLA-G,CR1,TNFSF4,IL4R,CD27,ITPKB,IL12B,TGFBR2,BCL6,CD86,SMARCA2,SMARCA4,STAT5B,ZBTB16,EGR3,SOX4,IHH,HLX,SHB,SHH,RHOH,PIK3R6,IL23R,ARID2,LILRB2,LILRB4,NFKBID,BTN2A2,BAD,NLRP3,CCL19,FOXP3,IL23A,CYLD"
"GO:BP","positive regulation of calcium ion transport","GO:0051928","5.420197536104414e-23","22.265984885550758","119","1691","50","21017","CASK,PDPK1,HCRT,WFS1,ABL1,F2,PDGFB,CXCL10,THY1,CRH,CCL3,G6PD,CCL4,CCL2,CCL5,CD19,PPP3CB,PLCG1,CAPN3,DRD1,F2R,GSTM2,SRI,NTSR1,CASQ1,IL13,SNCA,HTT,BDKRB1,XCL1,CXCL12,STC1,HAP1,GSTO1,CX3CL1,ANK2,CXCL9,BAX,PPP3CA,AKAP6,TRDN,PKD2,NPSR1,RYR2,GPER1,P2RX7,JPH2,WNK3,LACRT,CAMK2A"
"GO:BP","positive regulation of lipid metabolic process","GO:0045834","6.240033596747488e-23","22.204813072041492","124","1691","51","21017","OGT,F2,FSHB,INS,TNF,IFNG,IL1B,APOA1,APOE,APOA2,APOC2,ANXA1,CD74,FABP1,MAPT,CREB1,NR1D1,HTR2A,HTR2C,ADORA1,AKT1,PTGS2,IRS1,SREBF1,PPARG,HTR2B,MTOR,STAR,CPT1A,NR1H2,WNT4,RAB38,DAB2,PRKCE,PPARD,PRKCD,PPARA,SREBF2,PRKAA1,NR1H3,RGN,TWIST1,ADIPOQ,ADGRF5,KAT2B,NR1H4,CHP1,ABHD6,PPARGC1A,IRS2,SIRT4"
"GO:BP","protein localization to cell periphery","GO:1990778","7.163848666253684e-23","22.144853597042037","361","1691","92","21017","ITGB1BP1,LIN7A,RAB29,OGT,PDPK1,ROCK2,LYPLA1,PSMD10,ARL6IP5,BAG4,EGFR,HRAS,TGFB1,INS,TNF,IFNG,PRNP,ERBB2,EZR,RHOQ,RAB3A,RAB3B,PIK3R1,AKT1,GBP1,RDX,ACTN2,SNCA,CSK,P2RY1,NUMB,MMP14,RAB7A,PLK1,EMP2,CAV3,WNT3A,RAB38,SNAP25,STX1B,STXBP1,ARF6,RAP1A,VAMP2,RACK1,DLG4,DAB2,CDK5,CLTC,ANK2,PRKCE,BCL2L1,LRP1,ANK3,DLG1,PPFIA1,STX3,PICALM,SQSTM1,SCRIB,GAS6,KCNJ11,KCNB1,PPP2R5A,VAMP3,ADIPOQ,PKDCC,SNAP47,RHBDF2,PID1,LRRC15,RSC1A1,TMBIM1,WNK4,VPS35,PPP1R9B,GPER1,CIB1,PKP2,INPP5K,VAMP8,BBS2,TMEM59,PACSIN1,WNK3,KIF13A,WNK1,LZTFL1,NRXN1,NRXN3,MYO5A,F11R"
"GO:BP","positive regulation of tumor necrosis factor superfamily cytokine production","GO:1903557","7.420323783454065e-23","22.129577144006756","106","1691","47","21017","LGALS9,TLR4,TLR3,RASGRP1,IL33,BCL10,TGFB1,IFNG,PF4,IL6,THBS1,PTPRC,HMGB1,CCL3,HLA-E,MIF,SPN,CD36,LBP,AZU1,PIK3R1,IL12B,STAT3,LEP,WNT5A,CCR2,CD86,TIRAP,PTPN11,BTK,DHX9,ABCC8,PTPRJ,FADD,AGER,TWIST1,LRRK2,MAVS,TICAM1,HAVCR2,HDAC2,CCL19,IL23A,TLR9,CD84,PYCARD,LY96"
"GO:BP","negative regulation of protein kinase activity","GO:0006469","7.85062652767654e-23","22.10509568253438","149","1691","56","21017","MEN1,IPO5,ITGB1BP1,PDPK1,SOCS5,ABL1,IFNG,IL1B,APOE,THY1,RB1,LYN,PTPRC,GSTP1,PRKAR1A,CEACAM1,TRIM27,NF1,EPHA1,DNAJA1,AKT1,SLC8A1,PPARG,SNCA,CDKN2A,CDKN1B,DUSP3,PLK1,CAV3,PTEN,PKIA,ADARB1,PRKCD,HYAL2,PTPRJ,TARBP2,ADIPOQ,DAB2IP,LAX1,LILRB4,ZNF675,PYDC1,SIRT1,CDK5RAP3,TRIB1,PARK7,CHP1,INPP5K,SRCIN1,WWTR1,CD300A,CORO1C,PYCARD,PKIG,PTPN22,IRAK3"
"GO:BP","regulation of leukocyte apoptotic process","GO:2000106","8.55142356144796e-23","22.06796158194799","89","1691","43","21017","LGALS9,CCL21,BCL2L11,BCL10,ADA,ANXA1,CD74,TP53,LYN,BCL2,BMP4,CCL5,MIF,IDO1,IL7R,NF1,KITLG,IL10,CD27,ITPKB,AXL,CCR7,BCL6,WNT5A,CDKN2A,CXCL12,RORC,JAK3,BTK,MEF2C,BAX,BCL2L1,MERTK,FADD,GAS6,HIF1A,ZC3H8,SIRT1,P2RX7,TSC22D3,CCL19,CD274,IRS2"
"GO:BP","negative regulation of viral genome replication","GO:0045071","9.136248900885452e-23","22.039232077354725","55","1691","34","21017","PLSCR1,TNF,IFNB1,LTF,SLPI,ISG15,IFIT1,CCL5,EIF2AK2,MX1,APOBEC3A,HMGA2,IFITM2,RNASEL,BST2,ILF3,TRIM28,TNIP1,OASL,IFI16,APOBEC3H,ZC3HAV1,MAVS,APOBEC3F,IFNL3,RSAD2,PROX1,APOBEC3D,ISG20,FAM111A,SRPK1,INPP5K,APOBEC3G,APOBEC3C"
"GO:BP","regulation of viral genome replication","GO:0045069","9.207841634067388e-23","22.035842158757294","85","1691","42","21017","DDX3X,TRIM38,PLSCR1,TNF,IFNB1,LTF,SLPI,ISG15,IFIT1,BCL2,TOP2A,CCL5,EIF2AK2,MX1,APOBEC3A,NOTCH1,HMGA2,ADARB1,IFITM2,TOP2B,RNASEL,BST2,ILF3,TRIM28,TNIP1,TARBP2,OASL,IFI16,APOBEC3H,ZC3HAV1,MAVS,APOBEC3F,IFNL3,RSAD2,PROX1,APOBEC3D,ISG20,FAM111A,SRPK1,INPP5K,APOBEC3G,APOBEC3C"
"GO:BP","muscle contraction","GO:0006936","1.0205209163772016e-22","21.9911780896504","343","1691","89","21017","APBB1,CASQ2,SMAD7,CLIC2,ROCK2,PDE5A,BMP10,UTS2,SOD1,ADA,TNF,CRYAB,EDN1,ENO1,ADRB2,ADRA2A,GNAO1,TPM1,CHGA,KIT,MYL2,DMD,EDN3,DRD2,KCNE1,ATP2A2,GJA1,PRKACA,CHRNB2,ADRA2B,ADRA2C,TACR2,DRD1,RYR1,HRC,EDNRB,F2R,PLN,GSTM2,HTR1D,HTR2A,CD38,NOS1,ADORA1,OXTR,SRI,CHRNB4,CASQ1,CHRNA3,SLC8A1,HTR7,PTGS2,GDNF,HTR2B,MTOR,PTGER3,EMD,MAP2K6,STC1,HDAC4,CAV3,FGF12,FKBP1B,GSTO1,ABAT,ANK2,PDE4D,KCNH2,DLG1,TRDN,CAMK2D,PRKG1,PRKD1,RYR3,ZC3H12A,SULF1,TRPV1,TPCN2,RYR2,APBB2,JSRP1,NEDD4L,GPER1,PKP2,SPX,BBS2,PROK2,GHRL,KCNE5"
"GO:BP","cellular response to decreased oxygen levels","GO:0036294","1.148633662410826e-22","21.939818460225283","150","1691","56","21017","MSTN,SUV39H1,FOXO3,NOL3,ROCK2,STC2,KCNK2,MYC,TGFB1,TP53,EDN1,ENO1,FABP1,INHBA,HMOX1,BCL2,SRC,DRD2,VEGFA,BMP7,ATF4,MT3,AKT1,PTGS2,PPARG,MTOR,CDKN1B,NOTCH1,IRAK1,STC1,TMBIM6,PRKCE,PPARD,ATP7A,ZFP36L1,PRKAA1,NONO,TWIST1,NFE2L2,HIF1A,SFRP1,BAD,SIRT1,ERO1A,PHB2,NKX3-1,CITED2,BRIP1,EGLN1,RGCC,SUV39H2,RTN4,UBQLN1,ANGPT4,RWDD3,SIRT4"
"GO:BP","regulation of protein localization to cell periphery","GO:1904375","1.1583731494802323e-22","21.936151517762706","140","1691","54","21017","OGT,PDPK1,LYPLA1,EGFR,HRAS,TGFB1,INS,TNF,IFNG,PRNP,EZR,RHOQ,PIK3R1,AKT1,GBP1,SNCA,CSK,NUMB,MMP14,PLK1,WNT3A,RAB38,ARF6,RAP1A,RACK1,DAB2,CDK5,CLTC,PRKCE,BCL2L1,LRP1,DLG1,PPFIA1,STX3,PICALM,SQSTM1,KCNJ11,PPP2R5A,PKDCC,PID1,LRRC15,RSC1A1,TMBIM1,WNK4,VPS35,PPP1R9B,GPER1,CIB1,VAMP8,TMEM59,WNK3,WNK1,LZTFL1,NRXN1"
"GO:BP","negative regulation of organelle organization","GO:0010639","1.2331663846099296e-22","21.90897832239622","357","1691","91","21017","FZD9,XRCC3,PARK2,TBC1D4,NBN,NOL3,PSMD10,SLIT2,TRIM37,TNKS,APC2,TP53,IGF1,SLC25A5,GPX1,HNRNPC,ERCC1,HNRNPA1,TACSTD2,PARP1,HSPA1A,MAPT,TOP2A,TPR,BMP4,SRC,LIF,BMP7,PIK3R1,PML,CORO1A,AKT1,TTK,PFN2,RDX,PPARG,SNCA,MTOR,WAS,MAP1B,RAB7A,PLK1,TERF1,CAV3,HNRNPU,PRKCD,BCL2L1,DMTN,TRIM32,PPFIA1,ATM,DYRK1A,ESPL1,RPS6KA2,TERF2,TRIP13,FBXO43,LRRK2,CLASP1,PHLDB2,SMG6,HORMAD1,SLC35F6,LILRB2,FLCN,KAT2B,RAD50,ERCC4,MUL1,ACD,C16ORF45,ANKRD27,DLC1,BBS4,CIB1,CORO1B,TINF2,INPP5K,TCHP,TNKS2,PIF1,GNL3L,TERF2IP,RTEL1,MAD2L2,FBXO5,BOK,DMRT1,F11R,ARFGEF1,MAD1L1"
"GO:BP","positive regulation of cell projection organization","GO:0031346","1.2331663846099296e-22","21.90897832239622","357","1691","91","21017","APBB1,WASL,CCL21,DVL1,NRP1,MSTN,KALRN,KDM1A,SNX3,SEMA7A,SLIT2,NTN1,ABL1,HRAS,INS,EPO,APOE,FN1,LYN,TGFB3,MAPT,KIT,DMD,SRC,BRAF,VEGFA,RHOQ,BMP7,PTN,CNR1,BMP5,PIK3R1,GDI1,CCR7,SERPINF1,WNT5A,MTOR,HTT,MAP1B,CXCL12,GSK3B,PLXNA3,HAP1,F2RL1,WNT3,WNT3A,ARF6,RAP1A,FKBP1B,DLG4,CX3CL1,ROR2,ATP7A,FMR1,EP300,SEMA5A,BMPR2,DPYSL3,PTK2B,PRKD1,STK11,EZH2,NFE2L2,NTRK3,NTRK2,DAB2IP,CAPRIN2,SETX,MAGI2,PROM2,NLGN1,KAT2B,SEMA4D,ANKRD27,BBS4,P2RX7,CCL19,CORO1B,FUZ,PACSIN1,BCL11A,ADNP,NRXN1,PLXNB3,NDRG4,ZMYND8,FZD4,CORO1C,FZD1,STK24,ROBO1"
"GO:BP","response to light stimulus","GO:0009416","1.5341630040512055e-22","21.814128494364198","319","1691","85","21017","AGRP,MEN1,BHLHE40,GNB5,PER1,KDM1A,USP2,EGFR,TIMP1,MYC,HMGCR,CAT,TP53,TH,GPX1,ERCC1,ELANE,PARP1,NPS,BCL2,NR2F6,KIT,DRD2,TYR,BRAF,KCNE1,CHRNB2,ATF4,NF1,DRD1,COMT,PIK3R1,IL12A,IL12B,PML,GNA11,AKT1,DRD3,PPP1CC,CASP3,MSH2,MAPK8,NEDD4,BRCA2,MSH6,MAPK10,CDKN2D,PER3,SIK1,PPP1CA,UBE2B,CDK5,ID2,PRKCD,BAX,ABCC8,EP300,HYAL1,HYAL2,TRIM32,PRKAA1,NOG,UNC119,CUL4A,PTPRK,MAPK11,STK11,RPE65,CRY1,AANAT,HIF1A,CRTC1,METTL3,DCUN1D3,CCAR2,BRSK1,ERCC4,TP53INP1,SIRT1,RBM4B,RBM4,SEMA5B,EIF2AK4,OPN4,NDRG4"
"GO:BP","leukocyte apoptotic process","GO:0071887","1.803042413452425e-22","21.743994057131342","117","1691","49","21017","LGALS9,CCL21,BCL2L11,BCL10,ADA,IL2RA,ANXA1,CD74,TP53,IL6,LYN,BCL2,BMP4,CCL5,MIF,IDO1,IL7R,NF1,KITLG,IL10,FAS,CD27,ITPKB,AXL,AKT1,CCR7,BCL6,WNT5A,CASP3,CDKN2A,CXCL12,RORC,JAK3,BTK,MEF2C,BAX,BCL2L1,MERTK,FADD,GAS6,PKN1,HIF1A,ZC3H8,SIRT1,P2RX7,TSC22D3,CCL19,CD274,IRS2"
"GO:BP","natural killer cell activation","GO:0030101","2.242385200818049e-22","21.649289781473364","95","1691","44","21017","KLRF2,NCR3,PGLYRP1,PRDM1,TUSC2,NCR1,RASGRP1,IFNA2,IFNB1,PTPRC,LAMP1,HLA-E,KLRK1,IL12A,IL12B,AXL,CORO1A,LEP,BAG6,RAB27A,STAT5B,EMP2,TYRO3,PRDX1,MERTK,SLAMF1,GAS6,NFIL3,IL23R,BLOC1S3,UNC13D,TICAM2,TICAM1,HAVCR2,PIBF1,PGLYRP3,PGLYRP2,ULBP3,ULBP2,ULBP1,IL23A,SLAMF7,BLOC1S6,PTPN22"
"GO:BP","viral genome replication","GO:0019079","2.28079632369622e-22","21.641913495716018","127","1691","51","21017","DDX3X,TRIM38,PLSCR1,PARK2,CCNK,TNF,IFNB1,LTF,SLPI,ISG15,IFIT1,BCL2,TOP2A,CCL2,CCL5,EIF2AK2,MX1,APOBEC3A,PHB,NOTCH1,HMGA2,ADARB1,IFITM2,TOP2B,RNASEL,FMR1,BST2,ILF3,TRIM28,GAS6,TNIP1,TARBP2,OASL,IFI16,ZC3H12A,APOBEC3H,ZC3HAV1,MAVS,APOBEC3F,IFNL3,RSAD2,PROX1,APOBEC3D,ISG20,FAM111A,SRPK1,INPP5K,APOBEC3G,APOBEC3C,VAPA,EIF2AK4"
"GO:BP","regulation of extent of cell growth","GO:0061387","2.4122286734069926e-22","21.61758152452052","113","1691","48","21017","NRP1,SEMA3E,SEMA7A,SEMA3D,NTN1,SEMA4F,ABL1,APOE,FN1,SPP1,MAPT,VEGFA,MT3,GDI1,WNT5A,DCC,MAP1B,CXCL12,GSK3B,PLXNA3,WNT3,WNT3A,ARHGAP4,CDK5,SEMA3B,SEMA3F,SEMA5A,BMPR2,ULK2,SPG20,DRAXIN,SEMA6D,SEMA4D,SEMA3C,RTN4R,SEMA4C,BCL11A,SEMA6A,ADNP,SEMA4A,SEMA6C,SEMA6B,SEMA4B,RTN4,SEMA3G,SEMA4G,SEMA5B,RNF6"
"GO:BP","regulation of miRNA metabolic process","GO:2000628","2.6009361276856653e-22","21.584870312830756","91","1691","43","21017","KLF4,FOXO3,NCOR1,EGFR,MYC,HRAS,PDGFB,TGFB1,PRL,TNF,ESR1,TP53,JUN,FGF2,RARA,BMP4,ETS1,VEGFA,EGR1,WT1,NFKB1,IL10,GATA2,BMPR1A,SREBF1,PPARG,STAT3,SOX9,SMARCA4,NR1H2,HDAC4,TGFB2,SMAD3,PPARD,PPARA,SREBF2,REST,TWIST1,HIF1A,ZC3H12A,RC3H1,LILRB4,PNPT1"
"GO:BP","T cell differentiation involved in immune response","GO:0002292","2.921938241013946e-22","21.534328967686562","87","1691","42","21017","LGALS9,MEN1,SMAD7,SOCS5,IFNG,ANXA1,IL4,IL6,HMGB1,RARA,CD46,SPN,TNFSF4,IL4R,IL12B,FCER1G,PTGER4,STAT3,BCL6,CD86,STAT6,MTOR,RORC,JAK3,RELB,ATP7A,HLX,IRF4,SHB,ZC3H12A,RC3H1,IL23R,IFNL1,ZFPM1,NFKBID,SLAMF6,NLRP3,CCL19,FOXP3,SEMA4A,IL21,IL23A"
"GO:BP","regulation of epithelial to mesenchymal transition","GO:0010717","3.120043186313034e-22","21.505839394620136","100","1691","45","21017","SDCBP,SMAD7,SPRY1,GREM1,SNAI1,TGFB1,IL1B,IL6,TGFB3,BMP4,ENG,BMP7,BMP5,CTNNB1,TGFBR2,MTOR,NKX2-1,NOTCH1,EMP2,PTEN,TGFB2,PPP2CA,SMAD3,DAB2,PTK2,NOG,TWIST1,EZH2,DAB2IP,CLASP1,PHLDB2,SFRP1,HDAC2,ADIPOR1,DACT3,SFRP2,TBX5,FUZ,TRIM62,WWTR1,RGCC,TCF7L2,MAD2L2,FOXA2,AXIN2"
"GO:BP","regulation of axon extension","GO:0030516","3.795953867236103e-22","21.4206790742549","96","1691","44","21017","NRP1,SEMA3E,SEMA7A,SEMA3D,NTN1,SEMA4F,ABL1,APOE,FN1,MAPT,VEGFA,MT3,GDI1,WNT5A,MAP1B,CXCL12,GSK3B,PLXNA3,WNT3,WNT3A,ARHGAP4,CDK5,SEMA3B,SEMA3F,SEMA5A,BMPR2,DRAXIN,SEMA6D,SEMA4D,SEMA3C,RTN4R,SEMA4C,BCL11A,SEMA6A,ADNP,SEMA4A,SEMA6C,SEMA6B,SEMA4B,RTN4,SEMA3G,SEMA4G,SEMA5B,RNF6"
"GO:BP","locomotory behavior","GO:0007626","4.933296213052871e-22","21.306862807134223","214","1691","67","21017","MEIS1,KALRN,PARK2,HPGDS,NCOR1,USP2,SNCG,SOD1,APOE,SOD2,CRH,TH,DMD,DRD2,IDO1,PPP3CB,HOXB8,CHRNB2,EGR1,TRH,DRD1,DRD4,FSHR,HTR2C,ADORA2A,CHRNB4,NTSR1,ARRB2,CHRNA3,DRD3,SNCA,GDNF,OPRK1,OPRL1,MTOR,NKX2-1,CXCL12,ARCN1,NPY2R,PPT1,NAGLU,SLURP1,PTEN,SNAP25,FGF12,DLG4,ABAT,SLC6A3,PRKCE,ID2,ATP7A,EN1,NCOA2,ZFHX3,NMS,LRRK2,LRRTM1,CIART,ARRDC3,BTBD9,VPS35,CRBN,GAD1,PARK7,CHD7,FZD4,FOXA2"
"GO:BP","anatomical structure maturation","GO:0071695","5.416266999253078e-22","21.266299934898214","274","1691","77","21017","CCL21,EREG,AURKA,FOXO3,KDM1A,GREM1,ATP6AP2,TUSC2,BAIAP3,REC8,SIX3,RECK,SPINK1,TGFB1,EPO,FGG,LTF,ANG,SEMG1,TYMS,IGF1,EDN1,RB1,WEE2,BCL2,G6PD,KCNE1,VEGFA,GJA1,PRKACA,NPR2,HOXA5,NF1,RYR1,CDH3,GAL,FGFR3,NPPC,GATA2,EDNRB,PPP2R1A,CDC25B,AXL,CTNNB1,MSX2,ACVRL1,PPARG,LEP,WNT5A,ARCN1,CX3CR1,BRCA2,TGFB2,CX3CL1,SEMG2,GHRHR,ZBTB16,BTK,PTK2B,HES1,DMC1,IHH,KCNB1,CDK5R1,RPS6KA2,SHB,TRIP13,HIF1A,PTPRN,LRRK2,SEMA4D,FOXJ1,CCL19,BCL11A,IL21,SPINK5,FBXO5"
"GO:BP","regulation of protein stability","GO:0031647","5.8754196385643325e-22","21.23096110944696","325","1691","85","21017","DVL1,AURKA,SMAD7,HDAC3,PARK2,USP2,WFS1,TRIM37,BAG4,CRYAA,CRYAB,APOA1,APOA2,PRNP,CD74,TP53,IGF1,HSP90AB1,CTSH,HSPA1A,BCL2,LAMP1,PIM1,SRC,CREB1,TRIM21,NR1D1,CAPN3,MT3,PIK3R1,MSX1,PML,PFN2,PHB,NF2,SREBF1,SNCA,MTOR,CASP3,CDKN2A,HTT,BAG6,PLK1,PER3,PTEN,STXBP1,UBE2B,SUMO1,CSNK2A1,PRKDC,SMAD3,ANK2,PRKCD,SOX4,EP300,STK4,TARDBP,STK3,PIN1,LRRK2,CDC73,SIAH3,CCAR2,USP13,USP7,MUL1,SIRT1,NEDD4L,VPS35,PARK7,PHB2,CHP1,GTPBP4,SAV1,SOX17,RTN4,HPS4,GNL3L,CDKN2AIP,PPARGC1A,IP6K2,FBXW11,PYCARD,BTRC,FBXO7"
"GO:BP","antigen receptor-mediated signaling pathway","GO:0050851","5.904193701631021e-22","21.228839402850067","192","1691","63","21017","RAB29,LPXN,SH2D1A,BCL10,ABL1,ADA,HRAS,PRNP,THY1,PRKCB,LCK,LYN,PTPRC,BCL2,CEACAM1,BRAF,EZR,CD19,PTPN2,PLCG1,NFKB1,NFKBIA,CD38,PTPN6,CCR7,GBP1,MNDA,CSK,DUSP3,UBASH3A,BTK,MEF2C,BAX,PDE4D,PTPRJ,EIF2B5,GPS2,SHB,STK11,ZC3H12A,RC3H1,TRAT1,VTCN1,LAX1,GCSAM,BANK1,LILRB4,NFKBID,BTN2A2,NECTIN2,INPP5D,PAWR,FOXP3,WNK1,SLA2,PLEKHA1,CYLD,PHPT1,CD300A,EIF2B4,STAP1,PLCL2,PTPN22"
"GO:BP","regulation of lipid localization","GO:1905952","6.789200902385166e-22","21.168181339726505","160","1691","57","21017","PARK2,CIDEA,EGF,POMC,TNF,IL1B,APOA1,APOE,APOA2,APOC1,APOC2,ITGB3,IL6,EDN1,ITGAV,CRH,THBS1,NMB,SPP1,CYP19A1,MIF,CD36,PTPN2,NFKB1,ABCB4,GAL,NFKBIA,NTSR1,AKT1,PPARG,LEP,MAP2K6,NR1H2,CYP4F2,DAB2,PPARD,PRKCD,PTPN11,PPARA,LRP1,SREBF2,PLA2R1,NR1H3,GPS2,SHH,ADIPOQ,CRY1,ZC3H12A,SIRT1,P2RX7,NKX3-1,C1QTNF1,OSBPL8,RETN,GHRL,IRS2,TNFRSF11A"
"GO:BP","regulation of cytokine-mediated signaling pathway","GO:0001959","6.789200902385166e-22","21.168181339726505","160","1691","57","21017","IRAK2,PARK2,NOL3,SLIT3,SLIT2,APOA1,CD74,ISG15,IL6,EDN1,PTPRC,GSTP1,HSPA1A,NLRP2B,CCL5,PTPN2,TNFAIP3,IL1R2,PTPN6,AXL,PPARG,WNT5A,IRAK1,NR1H2,F2RL1,NLRP6,PTPN11,TRIM32,NR1H3,FADD,GPS2,GAS6,ANGPT1,ADIPOQ,HIF1A,PYDC2,MAVS,METTL3,NLRC5,TICAM2,PIAS4,ZNF675,CD300LF,CACTIN,PYDC1,PXDN,MUL1,NR1H4,GFI1,CYLD,IL36RN,RABGEF1,STAP1,PYCARD,PADI2,IRAK3,ROBO1"
"GO:BP","negative regulation of phosphatidylinositol 3-kinase/protein kinase B signal transduction","GO:0051898","6.944202407938002e-22","21.158377628936194","54","1691","33","21017","MSTN,AIM2,PHLPP1,SERPINE2,PKHD1,DRD2,HLA-G,PPP2R1A,ARRB2,DRD3,PTEN,RACK1,PPP2CA,PPARA,HYAL2,PTPRJ,DLG1,TWIST1,SFRP5,DAB2IP,NLRC3,MAGI2,LEMD2,BANK1,FLCN,BTN2A2,RUBCN,MUL1,SIRT1,GPER1,CIB1,INPP5K,PLEKHA1"
"GO:BP","regulation of protein-containing complex assembly","GO:0043254","7.180070726652016e-22","21.143871277757224","420","1691","99","21017","TLR4,DDX3X,CCL21,UNC13B,BCL2L11,CXCL13,SLIT2,BAG4,ABL1,TGFB1,TNF,IFNG,CRYAB,APOE,CSF2,HRG,TP53,ISG15,RB1,HMGB1,HSPA1A,MAPT,THRA,IAPP,SRC,VEGFA,ALOX15,FER,CD36,EIF2AK2,CORO1A,CCR7,PFN2,RDX,PTGER4,ARL2,SNCA,MTOR,MAPK8,MAPK9,CDKN1B,MAP1B,SOX9,GSK3B,TERF1,NAPA,NR1H2,CAV3,TIRAP,STX1B,STXBP1,ARF6,SUMO1,RACK1,PPP2CA,PRKCE,NRG1,PRKCD,PTPN11,BTK,BAX,DMTN,EP300,DLG1,PAK1,ATM,DYRK1A,DCTN1,PTK2B,HES1,CDK5R1,PRKD1,STX1A,PYDC2,DAB2IP,PSRC1,NLRC3,MAVS,CLASP1,TICAM1,STXBP6,SVIP,TRAF3IP1,VPS33A,TRIM11,ANKRD27,VPS35,BBS4,CRBN,PARK7,TRIM31,BCL11A,CTNNBIP1,GNL3L,EVL,PYCARD,FAF1,PTPN22,ARFGEF1"
"GO:BP","positive regulation of lymphocyte mediated immunity","GO:0002708","7.503219286028838e-22","21.12475236085083","125","1691","50","21017","NCR3,SH2D1A,RASGRP1,CRTAM,TGFB1,LTA,TNF,IL1B,IL4,IL6,FCER2,CD55,PTPRC,LAMP1,HLA-E,PVR,VAV1,HLA-G,LAG3,ZP3,TNFSF4,KLRK1,IL12A,IL12B,STAT6,MSH2,XCL1,STAT5B,B2M,BTK,FADD,SLAMF1,MICB,HFE,IL23R,RAET1L,RAET1G,RAET1E,RSAD2,NECTIN2,SLAMF6,NLRP3,P2RX7,ULBP3,ULBP2,ULBP1,FOXP3,IL21,IL23A,MAD2L2"
"GO:BP","endocrine process","GO:0050886","7.612152415007608e-22","21.118492524597567","93","1691","43","21017","RAB11FIP3,ATP6AP2,POMC,IL1B,INHA,EDN1,CRH,CTSG,INHBA,SERPINF2,INHBB,SPP1,CYP19A1,EDN3,GJA1,TACR2,COMT,GAL,CRHBP,EDNRB,F2R,NOS3,AVPR2,OXTR,PPARG,OPRK1,LEP,F2RL1,FOXL2,DAB2,PTPN11,RPS6KA2,CRY1,RAB11FIP1,WNK4,NKX3-1,RAB11FIP5,C1QTNF1,C1QTNF3,NPVF,RETN,GHRL,FZD4"
"GO:BP","fibroblast proliferation","GO:0048144","8.057353830746564e-22","21.093807564323352","111","1691","47","21017","EREG,ABL1,EGFR,MYC,HRAS,PDGFB,TGFB1,LTA,COL3A1,FN1,ESR1,PDGFA,SOD2,CD74,TP53,IGF1,ITGB3,GPX1,GSTP1,CDK4,MIF,LIF,PDGFRA,NF1,FBLN1,PML,CTNNB1,IL13,PPARG,WNT5A,EMD,PRDX1,BAX,DHX9,TRIM32,GAS6,PARP10,DAB2IP,CDC73,NLRC3,SFRP1,ING5,TP53INP1,PAWR,LZTS2,CD300A,DACH1"
"GO:BP","positive regulation of canonical NF-kappaB signal transduction","GO:0043123","8.1322672813447435e-22","21.089788355943302","210","1691","66","21017","LGALS9,TLR4,CCL21,TRIM38,TLR3,TSPAN6,PARK2,CCDC22,TRIM13,BCL10,ABL1,TGFB1,PRL,TNF,IL1B,LTF,CD74,EDN1,PRKCB,HMOX1,PARP1,VEGFA,CD36,GJA1,TRIM21,EDNRB,F2R,CCR7,PPM1A,HTR2B,CX3CR1,IRAK1,F2RL1,TIRAP,FKBP1A,CX3CL1,S100A12,PRKCE,BST2,TRIM32,FADD,ILK,TRIM25,PRKD1,ADIPOQ,DAB2IP,ZC3HAV1,MAVS,TICAM2,TICAM1,EDA,MUL1,PELI1,CCL19,LITAF,NDFIP1,TRIM62,TRIM8,TRIM5,TLR9,NDFIP2,TERF2IP,VAPA,MID2,FBXW11,EDAR"
"GO:BP","positive regulation of cation transmembrane transport","GO:1904064","8.191440045933773e-22","21.086639743047048","135","1691","52","21017","PDPK1,ABL1,F2,IFNG,CXCL10,THY1,EDN1,G6PD,DMD,EDN3,KCNE1,CD19,PPP3CB,PLCG1,CAPN3,DRD1,DRD4,GAL,F2R,GSTM2,NOS1,SRI,NTSR1,CASQ1,IL13,ACTN2,SNCA,OPRK1,HTT,BDKRB1,XCL1,HAP1,GSTO1,CX3CL1,ANK2,CXCL9,BAX,PPP3CA,KCNH2,ANK3,AKAP6,TRDN,PKD2,NPSR1,RYR2,GPER1,P2RX7,CHP1,JPH2,WNK3,LACRT,KCNE5"
"GO:BP","positive regulation of T cell proliferation","GO:0042102","8.401795946537664e-22","21.07562787033062","102","1691","45","21017","LGALS9,IL1B,EPO,IL2RA,ANXA1,IGF1,IL4,IL6,CD55,PTPRC,HMGB1,CCL5,HLA-E,CD46,SPN,KITLG,ZP3,TNFSF4,IL12B,CORO1A,TGFBR2,LEP,CCR2,CD86,XCL1,STAT5B,AIF1,PPP3CA,ZP4,FADD,SLAMF1,HES1,AGER,SHH,IL23R,VTCN1,LILRB2,HAVCR2,CCL19,FOXP3,IL21,IL23A,CD274,PYCARD,PTPN22"
"GO:BP","positive regulation of tumor necrosis factor production","GO:0032760","8.401795946537664e-22","21.07562787033062","102","1691","45","21017","LGALS9,TLR4,TLR3,RASGRP1,IL33,TGFB1,IFNG,PF4,IL6,THBS1,PTPRC,HMGB1,CCL3,HLA-E,MIF,SPN,CD36,LBP,AZU1,PIK3R1,IL12B,STAT3,LEP,WNT5A,CCR2,TIRAP,PTPN11,BTK,DHX9,ABCC8,PTPRJ,FADD,AGER,TWIST1,LRRK2,MAVS,TICAM1,HAVCR2,HDAC2,CCL19,IL23A,TLR9,CD84,PYCARD,LY96"
"GO:BP","regulation of antigen receptor-mediated signaling pathway","GO:0050854","8.582966314924247e-22","21.06636259192238","65","1691","36","21017","RAB29,LPXN,SH2D1A,BCL10,ADA,PRNP,THY1,PRKCB,LCK,LYN,PTPRC,CEACAM1,EZR,CD19,PTPN2,PTPN6,CCR7,GBP1,DUSP3,UBASH3A,PTPRJ,GPS2,RC3H1,TRAT1,GCSAM,LILRB4,BTN2A2,NECTIN2,PAWR,SLA2,CYLD,PHPT1,CD300A,STAP1,PLCL2,PTPN22"
"GO:BP","tissue homeostasis","GO:0001894","9.470849936478378e-22","21.023611044633572","264","1691","75","21017","TLR4,TNFRSF11B,ZEB2,SOD1,EGFR,FSHB,COL2A1,COL3A1,RBP4,ITGB3,IL6,RB1,ADRB2,BCL2,SPP1,IAPP,DMD,SRC,VEGFA,GJA1,VCL,NF1,TNFAIP3,CDH3,GATA2,FSHR,F2R,CD34,CD38,NOS3,PBLD,CORO1A,CTNNB1,PTGS2,CSK,CCR2,NOTCH1,SOX9,RAB7A,NAGLU,CLDN18,HAMP,PTPN11,BAX,ABCC8,TRIM32,PTK2B,IHH,ANGPT1,STK11,RPE65,CARTPT,NXNL2,IL20RB,LDB1,TP53INP2,ZNF675,UBASH3B,INPP5D,APBB2,NXNL1,BBS4,P2RX7,BARD1,BBS2,WNK3,WWTR1,LACRT,DCSTAMP,TLR9,STK39,GPR55,STRAP,F11R,TNFRSF11A"
"GO:BP","anatomical structure homeostasis","GO:0060249","9.470849936478378e-22","21.023611044633572","264","1691","75","21017","TLR4,TNFRSF11B,ZEB2,SOD1,EGFR,FSHB,COL2A1,COL3A1,RBP4,ITGB3,IL6,RB1,ADRB2,BCL2,SPP1,IAPP,DMD,SRC,VEGFA,GJA1,VCL,NF1,TNFAIP3,CDH3,GATA2,FSHR,F2R,CD34,CD38,NOS3,PBLD,CORO1A,CTNNB1,PTGS2,CSK,CCR2,NOTCH1,SOX9,RAB7A,NAGLU,CLDN18,HAMP,PTPN11,BAX,ABCC8,TRIM32,PTK2B,IHH,ANGPT1,STK11,RPE65,CARTPT,NXNL2,IL20RB,LDB1,TP53INP2,ZNF675,UBASH3B,INPP5D,APBB2,NXNL1,BBS4,P2RX7,BARD1,BBS2,WNK3,WWTR1,LACRT,DCSTAMP,TLR9,STK39,GPR55,STRAP,F11R,TNFRSF11A"
"GO:BP","negative regulation of neuron apoptotic process","GO:0043524","9.52201041246175e-22","21.021271347953693","161","1691","57","21017","FZD9,NRP1,SEMA3E,XRCC2,PARK2,WFS1,SOD1,HRAS,APOE,SOD2,PRKCG,BCL2,TGFB3,CCL2,BRAF,CEBPB,ATF4,ERBB3,IL10,NPPC,F2R,MT3,ADORA2A,AXL,CORO1A,CTNNB1,SNCA,GDNF,MSH2,CX3CR1,MTNR1B,PPT1,UCP2,STXBP1,CX3CL1,EN1,MEF2C,TYRO3,BAX,BCL2L1,PTK2B,NONO,ANGPT1,NTRK2,HIF1A,IL27RA,DRAXIN,SIRT1,PARK7,LGMN,CITED1,ADNP,DNAJC5,PPARGC1A,BOK,FZD1,FBXO7"
"GO:BP","negative regulation of extrinsic apoptotic signaling pathway","GO:2001237","1.0439061930550721e-21","20.981338525920886","98","1691","44","21017","DDX3X,NRP1,SNAI2,NOL3,TNF,IL1B,COL2A1,FGA,FGB,FGG,PF4,CSF2,IGF1,IL4,SERPINE1,ICAM1,ITGAV,GPX1,THBS1,GSTP1,HMOX1,HSPA1A,BCL2,BMP4,SRC,TNFAIP3,BMP5,NOS3,AKT1,PRDX2,CTNNA1,GDNF,HTT,GSK3B,CX3CL1,NRG1,BCL2L1,MAP2K5,MAPK7,PEA15,TMBIM1,SFRP2,PARK7,TCF7L2"
"GO:BP","positive regulation of cell killing","GO:0031343","1.0809687715103559e-21","20.966186852352546","73","1691","38","21017","NCR3,SH2D1A,RASGRP1,CRTAM,IFNG,FCER2,PTPRC,LAMP1,HLA-E,PVR,VAV1,HLA-G,LAG3,KLRK1,IL12A,IL12B,NOS2,MAPK8,XCL1,STAT5B,F2RL1,B2M,FADD,MICB,HFE,IL23R,RAET1L,RAET1G,RAET1E,NECTIN2,SLAMF6,P2RX7,ULBP3,ULBP2,ULBP1,IL21,IL23A,STAP1"
"GO:BP","regulation of tissue remodeling","GO:0034103","1.1011145614200214e-21","20.9581674941034","77","1691","39","21017","TNFRSF11B,SYT7,GREM1,ROCK2,EGFR,TGFB1,FSHB,HRG,TP53,ITGB3,IL6,SPP1,IAPP,BCR,SRC,CEACAM1,GJA1,NF1,TNFAIP3,FSHR,CD38,IL12B,PPARG,LEP,CSK,CLDN18,HAMP,PPP3CA,GPNMB,CARTPT,SFRP1,UBASH3B,INPP5D,TMBIM1,P2RX7,DCSTAMP,IL21,IL23A,TNFRSF11A"
"GO:BP","regulation of blood circulation","GO:1903522","1.2817319965871665e-21","20.892202774014546","253","1691","73","21017","CASQ2,SMAD7,CLIC2,PDE5A,BMP10,ABL1,EGFR,ADA,TNF,FGA,FGB,FGG,EDN1,TH,ADRB1,ADRA2A,TPM1,CHGA,THRA,MYL2,DMD,SRC,EDN3,DRD2,KCNE1,ATP2A2,GJA1,PRKACA,ADRA2B,ADRA2C,HRC,EDNRB,F2R,PLN,GSTM2,HTR2A,CD38,NOS3,NOS1,AVPR2,ADORA1,OXTR,SRI,GCH1,SLC8A1,PTGS2,SREBF1,LEP,MTNR1B,GSK3A,STC1,HDAC4,CAV3,TGFB2,FKBP1B,GSTO1,ANK2,PDE4D,KCNH2,DLG1,TRDN,CAMK2D,BMPR2,AGER,ZC3H12A,KCNMB4,TRPV1,RYR2,TBX5,PKP2,SPX,GHRL,KCNE5"
"GO:BP","cytoplasmic pattern recognition receptor signaling pathway","GO:0002753","1.347451586318843e-21","20.87048682997966","162","1691","57","21017","TLR4,IPO5,DDX3X,TLR3,TSPAN6,TNF,HMGB1,PARP1,HSPA1A,SRC,CD36,EIF2AK2,TNFAIP3,NFKBIA,AKT1,PHB,MAPK8,IRAK1,F2RL1,TIRAP,NLRP6,PPP2CA,PRKDC,BTK,C1QBP,TRIM25,PRKD1,TARBP2,OASL,TKFC,PYDC2,USP17L2,SCIMP,NLRC3,ZC3HAV1,MAVS,NLRX1,TAX1BP1,TICAM1,HAVCR2,RSAD2,SEC14L1,RAB7B,DHX58,TRIM11,PELI1,NLRP3,NR1H4,ERBIN,PHB2,TRIM31,TRIM15,RTN4,TLR9,PYCARD,UBQLN1,PTPN22"
"GO:BP","forebrain development","GO:0030900","1.473724498677712e-21","20.831583696861653","417","1691","98","21017","UNCX,WNT7A,NRP1,SEMA3E,DCLK1,KDM1A,SEMA7A,SLIT2,SUN1,SIX3,EGFR,GHRH,COL3A1,CRH,TH,INHBA,FGF2,INHBB,SRGAP2C,RARA,DMD,BMP4,SRC,DRD2,CREB1,KCNA2,CHRNB2,SRD5A1,NF1,DRD1,GATA2,MSX1,AVPR2,AXL,OXTR,CTNNB1,NF2,BMPR1A,WNT5A,CASP3,NKX2-1,NOTCH1,ID4,CXCL12,NUMB,GSK3B,PLXNA3,NR0B1,HAP1,WNT3A,WNT4,NRG3,PTEN,B2M,CDK5,SLC6A3,ID2,NHLH2,GHRHR,TOP2B,ATP7A,TYRO3,BAX,EIF2B5,NOG,HDAC1,SEMA5A,PRKG1,HES1,RAB3GAP1,CDK5R1,SHH,NCOA1,EZH2,NTRK2,HIF1A,LRRK2,SZT2,DAB2IP,METTL3,DRAXIN,PROX1,C16ORF45,DLC1,BBS4,PPP1R9B,BBS2,RTN4R,SEMA6B,SLC32A1,PLCB1,RTN4,DUOX2,CHD7,CORO1C,ATF5,ADGRG1,ROBO1"
"GO:BP","negative regulation of lymphocyte mediated immunity","GO:0002707","1.5593423427191083e-21","20.807058528023425","55","1691","33","21017","LGALS9,SMAD7,TGFB1,IFNA2,IFNB1,C4BPA,PTPRC,CEACAM1,HLA-E,CD46,SPN,PPP3CB,IL7R,HLA-G,CR1,C4BPB,PTPN6,ARRB2,AHR,CD96,BCL6,XCL1,SERPINB4,SERPINB9,SLAMF1,HFE,CLEC4G,IL20RB,LILRB4,HAVCR2,FOXJ1,NDFIP1,FOXP3"
"GO:BP","CD4-positive, alpha-beta T cell activation","GO:0035710","1.5907716383106749e-21","20.7983921606047","122","1691","49","21017","LGALS9,MEN1,SMAD7,SOCS5,IFNG,IL2RA,ANXA1,IL4,IL6,CD55,HMGB1,RARA,BRAF,SPN,TNFSF4,IL4R,IL12B,PTGER4,TGFBR2,STAT3,BCL6,CD86,STAT6,MTOR,XCL1,RORC,JAK3,RELB,ATP7A,HLX,AGER,IRF4,SHB,ZC3H12A,RC3H1,IL23R,ZFPM1,NFKBID,RSAD2,SLAMF6,NLRP3,CCL19,NDFIP1,FOXP3,SEMA4A,IL21,IL23A,CD274,PLA2G2D"
"GO:BP","response to interleukin-1","GO:0070555","1.7624795910438505e-21","20.75387590330017","132","1691","51","21017","ACOD1,LGALS9,CCL21,CCL25,IRAK2,IL1B,EPO,FGB,FGG,ANXA1,IL6,EDN1,INHBB,CCL3,SRC,CCL4,CCL2,CCL5,EGR1,NFKB1,NR1D1,NFKBIA,IL1R2,CD38,GBP1,SNCA,XCL1,SOX9,CAMP,IRAK1,HDAC4,CX3CL1,HYAL1,HYAL2,HES1,MAPK11,HIF1A,ZC3H12A,RC3H1,DAB2IP,SFRP1,ZNF675,CACTIN,HAS2,CCL19,NKX3-1,CITED1,PLCB1,PYCARD,IRAK3,TNFRSF11A"
"GO:BP","CD4-positive, alpha-beta T cell differentiation involved in immune response","GO:0002294","2.0111518105802305e-21","20.696555145709144","78","1691","39","21017","LGALS9,MEN1,SMAD7,SOCS5,IFNG,ANXA1,IL4,IL6,HMGB1,RARA,SPN,TNFSF4,IL4R,IL12B,PTGER4,STAT3,BCL6,CD86,STAT6,MTOR,RORC,JAK3,RELB,ATP7A,HLX,IRF4,SHB,ZC3H12A,RC3H1,IL23R,ZFPM1,NFKBID,SLAMF6,NLRP3,CCL19,FOXP3,SEMA4A,IL21,IL23A"
"GO:BP","positive regulation of mononuclear cell migration","GO:0071677","2.1184949333666714e-21","20.673972570328807","95","1691","43","21017","LGALS9,CCL21,MSTN,TNFSF14,CXCL13,OXSR1,ABL1,TGFB1,TNF,CXCL10,ITGB3,IL4,SERPINE1,THBS1,HMGB1,CCL3,CCL4,CCL5,SPN,IL12A,CORO1A,CCR7,WNT5A,CCR2,XCL1,CXCL12,CX3CR1,MMP14,AIF1,CX3CL1,PTK2,C1QBP,FADD,SLAMF1,PTK2B,GAS6,AGER,TNFRSF14,LGMN,WNK1,RTN4,STK39,PYCARD"
"GO:BP","epithelial cell migration","GO:0010631","2.1184949333666714e-21","20.673972570328807","95","1691","43","21017","SNAI2,ZEB2,SNAI1,IFNG,IL4,KRT16,CTSH,TACSTD2,KIT,SRC,PLCG1,KITLG,PTPRG,MCC,CORO1A,PFN2,TGFBR2,WNT5A,MTOR,SOX9,PTEN,TGFB2,ARF6,PRKCE,PPARD,PTK2,PTPN11,HYAL1,BMPR2,PTPRR,PKN1,HIF1A,DAB2IP,CLASP1,PROX1,HAS2,ADIPOR1,MARVELD3,PTPN23,RTN4,EVL,CORO1C,IRS2"
"GO:BP","positive regulation of protein secretion","GO:0050714","2.4384761905688955e-21","20.612881480529673","148","1691","54","21017","TLR4,APBB1,UNC13B,BAIAP3,EGFR,F2,TGFB1,INS,FGA,FGB,FGG,RBP4,ANG,IGF1,PRKCB,CRH,TGFB3,PRKAR1A,PPP3CB,PRKACA,TRH,CD38,ADORA2A,GNA11,SRI,IL13,PPARG,NR1H2,F2RL1,SNAP25,TGFB2,ARF6,VSNL1,ABAT,PRKCE,SOX4,ABCC8,TARDBP,DOC2B,ITPR1,GPR68,HIF1A,BAD,SYTL4,VPS35,NR1H4,GPER1,P2RX7,C1QTNF3,PTPN23,PLCB1,TCF7L2,GHRL,IRS2"
"GO:BP","vesicle organization","GO:0016050","2.4835302670604513e-21","20.6049305428412","365","1691","90","21017","SNAP23,AP3B1,WASL,SDCBP,UNC13B,RAB29,SYNJ1,SYT7,PARK2,ZEB2,TBC1D4,SNX3,VPS4B,STX11,ATP6AP2,BAIAP3,SNAPIN,APOE,ANXA1,SERPINE2,SRGN,BCL2,KCNE1,CREB1,RAB3A,SYT1,F2R,PLN,CD34,CORO1A,SDC4,STX2,SNCA,PMEL,ASIP,RAB7A,RAB27A,GPR143,RAB38,SNAP25,STX1B,STXBP1,VAMP2,DLG4,BLOC1S1,STX3,SLAMF1,MYO7A,PICALM,SQSTM1,RAB32,DOC2A,DOC2B,VAMP3,GRIK5,STX1A,PTPRN,SNAP47,CPLX2,BLOC1S3,BLOC1S2,SYT9,STX19,UNC13C,STXBP6,BLOC1S5,SNX33,NECTIN2,HPS3,RAB7B,VPS33A,DTNBP1,ANKRD27,P2RX7,LYST,SYT11,VAMP8,AP1M1,KIF13A,VPS33B,SYT4,HPS4,BLOC1S4,VAPA,FBXO5,BLOC1S6,CORO1C,UNC13A,HPS5,CHMP3"
"GO:BP","cartilage development","GO:0051216","2.534738597929385e-21","20.596066821865335","214","1691","66","21017","UNCX,BMPR1B,WNT7A,SMAD7,SNAI2,GREM1,BMP10,SNAI1,HAND1,WNT11,TIMP1,TGFB1,COL2A1,COL3A1,TYMS,EDN1,RB1,MGP,FGF4,FGF2,RARA,FGF6,THRA,COL11A1,BMP4,MYF5,BMP1,BMP7,NPR2,HOXA5,BMP5,FGFR3,NPPC,MSX1,CTNNB1,MSX2,BMPR1A,ACVRL1,TGFBR2,LEP,WNT5A,SOX9,NOV,STC1,HMGA2,SMAD3,PKD1,ATP7A,ZBTB16,PTPN11,MEF2C,HYAL1,HYAL2,NOG,BMPR2,IHH,HIF1A,PKDCC,BMP8A,SULF1,OSR1,SFRP2,BBS2,GHRL,GDF2,AXIN2"
"GO:BP","cellular response to carbohydrate stimulus","GO:0071322","2.669062407663492e-21","20.573641271477754","164","1691","57","21017","UNC13B,OGT,FOXO3,BAIAP3,TGFB1,ICAM1,PRKCB,CRH,TH,GPX1,ADRA2A,FBP1,PPP3CB,PRKACA,NR1D1,SRI,SERPINF1,OPRK1,LEP,SMARCA4,MAP2K6,PRKAA2,UCP2,VSNL1,RACK1,FKBP1B,SMAD3,PRKCE,SOX4,ZFP36L1,PPARA,PPP3CA,ABCC8,PRKAA1,GAS6,KCNJ11,KCNB1,AGER,RPS6KA2,GPR68,HIF1A,PTPRN,PIM3,NDUFAF2,JAGN1,PTPRN2,BAD,CPB2,NR1H4,GPER1,RBM4,RAB11FIP5,ENY2,PLCB1,GHRL,FOXA2,IRS2"
"GO:BP","regulation of DNA metabolic process","GO:0051052","2.93921013285463e-21","20.531769363816142","492","1691","108","21017","EREG,HCRT,KDM1A,CIDEA,NBN,KCNK2,TNKS,ABL1,EGFR,MYC,PDGFB,TGFB1,TNF,TP53,IL4,PRKCG,IL6,HNRNPC,ERCC1,PTPRC,FGF2,HMGB1,HNRNPA1,PARP1,SRC,XRCC5,VEGFA,IL7R,MSH3,IL10,TNFSF4,NPPC,PML,PPP2R1A,GCH1,AKT1,CTNNB1,ACVRL1,BCL6,STAT6,WAS,CDKN2A,MSH2,CDKN1B,SMARCA2,SMARCA4,MSH6,HMGA2,CEBPG,TERF1,UBE2B,PPP2CA,PRKDC,HNRNPU,ID3,TOP2B,PRKCD,RAD51,BAX,DHX9,TRIM28,ATM,CUL4A,HNRNPD,PTK2B,RGN,TERF2,TWIST1,ADIPOQ,CYP1B1,ARID2,JADE1,IL27RA,SMG6,PIAS4,ANKLE1,FLCN,ING5,KAT2B,RAD50,ERCC4,USP7,ACD,SIRT1,BARD1,NPAS2,TINF2,NDFIP1,TEX15,GTPBP4,FOXP3,TSPYL2,TNKS2,RGCC,PIF1,ENY2,GNL3L,TERF2IP,RTEL1,PPARGC1A,DACH1,MAD2L2,GDF2,FBXO5,ING4,FAF1,TIMELESS,AXIN2"
"GO:BP","pattern specification process","GO:0007389","3.1765764132115072e-21","20.498040693158263","478","1691","106","21017","UNCX,BMPR1B,MEIS1,DLL1,WNT7A,BHLHE40,DVL1,NRP1,AURKA,XRCC2,SPRY1,GREM1,FOXH1,ATP6AP2,SIX3,SNAI1,APC2,HAND1,WNT11,TP53,EDN1,FGF2,EGR2,BMP4,MYF5,BMP1,GJA1,HOXB8,ENG,BMP7,WT1,HOXA5,BMP5,MSX1,HOXA7,HOXA9,CTNNB1,MSX2,HNF1B,BMPR1A,ACVRL1,TGFBR2,GDNF,WNT5A,NBL1,NKX2-1,NOTCH1,MEOX2,GPC3,STC1,WNT3,WNT3A,NRG3,PRKDC,SMAD3,ZBTB16,EN1,MEF2C,EP300,FOXF1,NOG,SEMA3F,ATM,PKD2,BMPR2,HES1,IHH,SHH,HIF1A,CAPRIN2,NRARP,LDB1,BBS7,BBS5,SFRP1,LFNG,OSR1,SHROOM3,FOXJ1,NKD1,ACD,SFRP2,BBS4,NODAL,TBX5,MDFI,NKX3-1,CITED2,SEMA3C,FUZ,HES7,BHLHE41,ARL6,CHRD,SOX17,HEYL,DLL4,CTNNBIP1,NDRG4,SUFU,FOXA2,AXIN2,MAFB,ADGRG1,TLL2,ROBO1"
"GO:BP","response to temperature stimulus","GO:0009266","3.295959737168787e-21","20.482018102203146","170","1691","58","21017","VGF,CIDEA,TRPA1,TRPM2,SOD1,CRYAA,CRYAB,CXCL10,IGF1,ADRB2,LYN,THBS1,HSP90AB1,ADRB1,HMOX1,HSPA1A,NR2F6,MAPT,THRA,TPR,ADRB3,PRKACA,NF1,COMT,NFKBIA,HTR1B,HTR2A,NOS3,NOS1,ADORA1,NTSR1,CASQ1,DNAJA1,AKT1,PTGS2,HTR2B,MTOR,CXCL12,GSK3B,IRAK1,HSPA2,UCP2,SUMO1,EP300,PRKAA1,EIF2B5,ATM,RBBP7,MICB,TRPV1,HDAC2,TP53INP1,SIRT1,ERO1A,PLAC8,EIF2AK4,OPN4,EIF2B4"
"GO:BP","alpha-beta T cell differentiation involved in immune response","GO:0002293","3.623933272178626e-21","20.440819807626408","79","1691","39","21017","LGALS9,MEN1,SMAD7,SOCS5,IFNG,ANXA1,IL4,IL6,HMGB1,RARA,SPN,TNFSF4,IL4R,IL12B,PTGER4,STAT3,BCL6,CD86,STAT6,MTOR,RORC,JAK3,RELB,ATP7A,HLX,IRF4,SHB,ZC3H12A,RC3H1,IL23R,ZFPM1,NFKBID,SLAMF6,NLRP3,CCL19,FOXP3,SEMA4A,IL21,IL23A"
"GO:BP","alpha-beta T cell activation involved in immune response","GO:0002287","3.623933272178626e-21","20.440819807626408","79","1691","39","21017","LGALS9,MEN1,SMAD7,SOCS5,IFNG,ANXA1,IL4,IL6,HMGB1,RARA,SPN,TNFSF4,IL4R,IL12B,PTGER4,STAT3,BCL6,CD86,STAT6,MTOR,RORC,JAK3,RELB,ATP7A,HLX,IRF4,SHB,ZC3H12A,RC3H1,IL23R,ZFPM1,NFKBID,SLAMF6,NLRP3,CCL19,FOXP3,SEMA4A,IL21,IL23A"
"GO:BP","interleukin-1 production","GO:0032612","4.166935798327294e-21","20.380183190842693","110","1691","46","21017","LGALS9,TLR4,AIM2,TNF,IFNG,APOA1,ANXA1,IGF1,IL6,GSTP1,HMGB1,CCL3,CEACAM1,CD36,EGR1,AZU1,TNFAIP3,IL10,F2R,IL1R2,PML,ARRB2,CCR7,STAT3,WNT5A,CX3CR1,F2RL1,NLRP12,CX3CL1,SMAD3,GAS6,AGER,IFI16,PYDC2,ZC3H12A,FFAR4,LILRB4,HAVCR2,PYDC1,HDAC2,NLRP3,NR1H4,P2RX7,CCL19,GHRL,PYCARD"
"GO:BP","regulation of protein localization to plasma membrane","GO:1903076","4.166935798327294e-21","20.380183190842693","110","1691","46","21017","PDPK1,LYPLA1,EGFR,TGFB1,INS,TNF,IFNG,PRNP,EZR,RHOQ,PIK3R1,AKT1,GBP1,CSK,NUMB,MMP14,WNT3A,ARF6,RACK1,DAB2,CDK5,CLTC,PRKCE,BCL2L1,LRP1,DLG1,PPFIA1,STX3,PICALM,SQSTM1,KCNJ11,PPP2R5A,PKDCC,PID1,LRRC15,RSC1A1,TMBIM1,WNK4,PPP1R9B,GPER1,CIB1,VAMP8,TMEM59,WNK3,WNK1,NRXN1"
"GO:BP","regulation of interleukin-1 production","GO:0032652","4.166935798327294e-21","20.380183190842693","110","1691","46","21017","LGALS9,TLR4,AIM2,TNF,IFNG,APOA1,ANXA1,IGF1,IL6,GSTP1,HMGB1,CCL3,CEACAM1,CD36,EGR1,AZU1,TNFAIP3,IL10,F2R,IL1R2,PML,ARRB2,CCR7,STAT3,WNT5A,CX3CR1,F2RL1,NLRP12,CX3CL1,SMAD3,GAS6,AGER,IFI16,PYDC2,ZC3H12A,FFAR4,LILRB4,HAVCR2,PYDC1,HDAC2,NLRP3,NR1H4,P2RX7,CCL19,GHRL,PYCARD"
"GO:BP","regulation of post-translational protein modification","GO:1901873","4.7374815323242184e-21","20.324452469989637","246","1691","71","21017","DDX3X,SMAD7,OGT,HDAC3,PARK2,KDM1A,PSMD10,WFS1,UFL1,BCL10,ABL1,PRKCG,ISG15,HSP90AB1,HSPA1A,EGR1,TRIM21,CAPN3,TNFAIP3,DNAJA1,AKT1,ARRB2,CTNNB1,CDKN2A,MAPK9,ARRB1,GSK3A,GSK3B,PLK1,HDAC4,PTEN,UBE2B,CDK5,PRKCE,SOX4,GPS1,GPS2,NMI,SQSTM1,TNIP1,ANGPT1,CRY1,HIF1A,PARP10,ZC3H12A,LRRK2,NXN,TICAM1,DCUN1D3,FANCM,PIAS4,SVBP,COMMD1,FLCN,MUL1,ARRDC3,PELI1,CDK5RAP3,PARK7,CHP1,NDFIP1,GTPBP4,WNK1,NDFIP2,GNL3L,MAD2L2,FBXO5,UBQLN1,BTRC,PTPN22,RWDD3"
"GO:BP","positive regulation of proteolysis","GO:0045862","4.7870279498711986e-21","20.319934036808966","234","1691","69","21017","CLDN4,DVL1,AIM2,AURKA,SMAD7,OGT,PARK2,CCDC22,ROCK2,SOCS5,PSMD10,WFS1,IL33,F12,EGF,TNF,IFNG,IL1B,APOE,KLKB1,SEMG1,ENO1,LYN,ADRA2A,CTSH,HSPA1A,SRC,CR1,CAPN3,AKT1,STAT3,MAPK9,BAG6,GSK3A,GSK3B,MMP14,PLK1,CAV3,PTEN,SUMO1,RACK1,DAB2,SEMG2,PTK2,FMR1,TRIM32,FADD,PICALM,KEAP1,PTK2B,AGER,RGN,NFE2L2,IFI16,LRRK2,DAB2IP,BBS7,SNX33,HDAC2,BAD,USP13,TRIB1,LGMN,NDUFA13,FBXW11,PACSIN3,PYCARD,BTRC,AXIN2"
"GO:BP","B cell proliferation","GO:0042100","5.575113205581645e-21","20.253746309614282","106","1691","45","21017","TLR4,TNFRSF13B,RASGRP1,ABL1,ADA,IFNA2,IFNB1,CD74,IL4,LYN,PTPRC,BCL2,MIF,CD19,IL7R,CHRNB2,IL10,CD38,IL13,AHR,BCL6,MNDA,CASP3,CDKN2A,TNFRSF4,WNT3A,TIRAP,PRKCD,BTK,MEF2C,BAX,ATM,SHB,PKN1,RC3H1,TICAM1,MZB1,INPP5D,PELI1,PAWR,IL21,TLR9,CD300A,PLCL2,IRS2"
"GO:BP","negative regulation of response to cytokine stimulus","GO:0060761","5.841578006338264e-21","20.233469819518955","84","1691","40","21017","KLF4,NOL3,SLIT3,SLIT2,APOA1,ISG15,IL6,PTPRC,GSTP1,NLRP2B,CCL5,PTPN2,IL1R2,PPARG,NR1H2,F2RL1,NR1H3,MAP2K5,MAPK7,GPS2,GAS6,ADIPOQ,PYDC2,MAVS,METTL3,NLRC5,PIAS4,ZNF675,CACTIN,PYDC1,PXDN,MUL1,NR1H4,CYLD,IL36RN,RABGEF1,STAP1,PADI2,IRAK3,ROBO1"
"GO:BP","exocytic process","GO:0140029","6.4660127894882344e-21","20.189363440708274","80","1691","39","21017","SNAP23,STXBP3,UNC13B,SNPH,SYNJ1,PPFIA3,STX11,SNAPIN,LYN,RAB3A,RAB3B,SYT1,STX2,SNCA,NAPA,SNAP25,STX1B,STXBP1,BTK,STX3,SCRIB,DOC2A,DOC2B,KCNB1,STXBP2,VAMP3,GRIK5,STX1A,SNAP47,CPLX2,SYT9,NLGN1,STX19,UNC13C,SEPT5,VAMP8,SYTL2,BLOC1S6,UNC13A"
"GO:BP","regulation of miRNA transcription","GO:1902893","6.848785069455622e-21","20.164386462730686","76","1691","38","21017","KLF4,FOXO3,NCOR1,EGFR,MYC,PDGFB,TGFB1,PRL,TNF,ESR1,TP53,JUN,FGF2,RARA,BMP4,ETS1,VEGFA,EGR1,WT1,IL10,GATA2,BMPR1A,SREBF1,PPARG,STAT3,SOX9,SMARCA4,NR1H2,HDAC4,TGFB2,SMAD3,PPARD,PPARA,SREBF2,REST,TWIST1,HIF1A,LILRB4"
"GO:BP","male gonad development","GO:0008584","7.172889597466333e-21","20.144305853617393","151","1691","54","21017","TLR3,BCL2L11,REC8,SGPL1,FSHB,ESR1,AMH,INHA,ERCC1,INHBA,INHBB,RARA,BCL2,KIT,KCNE1,PDGFRA,FER,GJA1,SRD5A1,WT1,KITLG,FSHR,HOXA9,CTNNA1,WNT5A,MSH2,NKX2-1,SOX9,MMP14,NR0B1,WNT4,TGFB2,NHLH2,BAX,BCL2L1,PRDX4,NR5A1,ADAM15,NCOA1,CYP1B1,TEX11,SFRP1,ZFPM2,SFRP2,NKX3-1,CITED2,BRIP1,ING2,PLEKHA1,AGO4,TLR9,BOK,DMRT1,ADGRG1"
"GO:BP","cellular response to oxygen levels","GO:0071453","7.285896200891609e-21","20.137517020261427","167","1691","57","21017","MSTN,SUV39H1,FOXO3,NOL3,ROCK2,STC2,KCNK2,MYC,TGFB1,TP53,EDN1,ENO1,FABP1,INHBA,HMOX1,BCL2,SRC,DRD2,VEGFA,BMP7,ATF4,FAS,MT3,AKT1,PTGS2,PPARG,MTOR,CDKN1B,NOTCH1,IRAK1,STC1,TMBIM6,PRKCE,PPARD,ATP7A,ZFP36L1,PRKAA1,NONO,TWIST1,NFE2L2,HIF1A,SFRP1,BAD,SIRT1,ERO1A,PHB2,NKX3-1,CITED2,BRIP1,EGLN1,RGCC,SUV39H2,RTN4,UBQLN1,ANGPT4,RWDD3,SIRT4"
"GO:BP","response to mechanical stimulus","GO:0009612","7.730970766080424e-21","20.11176596896898","218","1691","66","21017","TLR4,PDE2A,TLR3,TNFSF14,TRPA1,SUN1,KCNK2,IL33,BCL10,WNT11,EGFR,TGFB1,TNF,IL1B,CXCL10,ITGB3,MPO,EDN1,SERPINE2,THBS1,FGF2,KIT,IRF1,DMD,COL11A1,SRC,DRD2,ENG,NFKB1,PTN,FAS,NFKBIA,HTR2A,SLC8A1,CTNNB1,IL13,PTGS2,PTGER4,PPARG,STAT1,CASP2,HTT,MAPK8,BDKRB1,MAP1B,P2RY1,CXCL12,SOX9,MMP14,CAV3,SLC26A5,PKD1,PTK2,FADD,PKD2,PTK2B,IHH,RYR2,BAD,P2RX7,CITED2,RETN,NRXN2,NRXN1,F11R,TNFRSF11A"
"GO:BP","positive regulation of production of molecular mediator of immune response","GO:0002702","8.375603234399352e-21","20.076983904059908","136","1691","51","21017","TLR4,TLR3,SEMA7A,IL33,BCL10,TGFB1,IL1B,RBP4,CD74,IL4,IL6,CD55,PTPRC,KIT,HLA-E,MIF,CD36,HLA-G,IL10,TNFSF4,IL4R,IL13,PHB,WNT5A,CD86,STAT6,MSH2,TNFRSF4,XCL1,F2RL1,B2M,BTK,SLAMF1,RAET1G,SCIMP,MAVS,TICAM2,TICAM1,MZB1,RSAD2,TNFRSF14,SIRT1,NLRP3,P2RX7,PHB2,IL21,RTN4,TLR9,MAD2L2,PYCARD,PTPN22"
"GO:BP","epithelium migration","GO:0090132","9.409801676698259e-21","20.026419529773936","98","1691","43","21017","SNAI2,ZEB2,SNAI1,IFNG,IL4,KRT16,CTSH,TACSTD2,KIT,SRC,PLCG1,KITLG,PTPRG,MCC,CORO1A,PFN2,TGFBR2,WNT5A,MTOR,SOX9,PTEN,TGFB2,ARF6,PRKCE,PPARD,PTK2,PTPN11,HYAL1,BMPR2,PTPRR,PKN1,HIF1A,DAB2IP,CLASP1,PROX1,HAS2,ADIPOR1,MARVELD3,PTPN23,RTN4,EVL,CORO1C,IRS2"
"GO:BP","development of primary male sexual characteristics","GO:0046546","1.0206230149064325e-20","19.99113464261346","152","1691","54","21017","TLR3,BCL2L11,REC8,SGPL1,FSHB,ESR1,AMH,INHA,ERCC1,INHBA,INHBB,RARA,BCL2,KIT,KCNE1,PDGFRA,FER,GJA1,SRD5A1,WT1,KITLG,FSHR,HOXA9,CTNNA1,WNT5A,MSH2,NKX2-1,SOX9,MMP14,NR0B1,WNT4,TGFB2,NHLH2,BAX,BCL2L1,PRDX4,NR5A1,ADAM15,NCOA1,CYP1B1,TEX11,SFRP1,ZFPM2,SFRP2,NKX3-1,CITED2,BRIP1,ING2,PLEKHA1,AGO4,TLR9,BOK,DMRT1,ADGRG1"
"GO:BP","neural crest cell development","GO:0014032","1.1404144558656723e-20","19.942937286221486","81","1691","39","21017","NRP1,SEMA3E,SNAI2,SEMA7A,SEMA3D,SEMA4F,FN1,EDN1,BMP4,EDN3,BMP7,KITLG,EDNRB,BMPR1A,GDNF,HTR2B,SOX9,NRG1,SEMA3B,SEMA3F,SEMA5A,HES1,SHH,TWIST1,HIF1A,SEMA6D,SEMA4D,CITED2,SEMA3C,SEMA4C,SEMA6A,SEMA4A,SEMA6C,SEMA6B,SEMA4B,SEMA3G,SEMA4G,SEMA5B,CORO1C"
"GO:BP","positive regulation of apoptotic signaling pathway","GO:2001235","1.2266184381884063e-20","19.911290511405173","137","1691","51","21017","TLR4,BMPR1B,BCL2L11,BCL10,SOD1,MYC,TNF,IFNB1,TP53,LCK,THBS1,INHBA,PTPRC,INHBB,CTSH,PTPN2,NF1,SFPQ,FAS,MSX1,ADORA2A,PML,PPP2R1A,CTNNA1,WNT5A,CASP2,MAPK9,PPP1CA,RACK1,PRKCD,BAX,HYAL2,STK4,FADD,STK3,PEA15,DAB2IP,PIAS4,SFRP1,FLCN,ING5,BAD,SIRT1,PARK7,GPER1,NKX3-1,CYLD,PYCARD,BOK,FAF1,MAGED1"
"GO:BP","lymphocyte homeostasis","GO:0002260","1.2340399570974248e-20","19.908670778012677","77","1691","38","21017","LGALS9,TNFRSF13B,AIM2,BCL2L11,TNFSF14,BCL10,ABL1,ADA,TGFB1,IL2RA,CD74,LYN,BCL2,MIF,PPP3CB,IL7R,TNFAIP3,FAS,PPP2R1A,CORO1A,AKT1,PRDX2,CASP3,STAT5B,JAK3,PPP2CA,MEF2C,BAX,FADD,PKN1,HIF1A,RC3H1,IL20RB,SPNS2,ZC3H8,P2RX7,TSC22D3,FOXP3"
"GO:BP","miRNA transcription","GO:0061614","1.2340399570974248e-20","19.908670778012677","77","1691","38","21017","KLF4,FOXO3,NCOR1,EGFR,MYC,PDGFB,TGFB1,PRL,TNF,ESR1,TP53,JUN,FGF2,RARA,BMP4,ETS1,VEGFA,EGR1,WT1,IL10,GATA2,BMPR1A,SREBF1,PPARG,STAT3,SOX9,SMARCA4,NR1H2,HDAC4,TGFB2,SMAD3,PPARD,PPARA,SREBF2,REST,TWIST1,HIF1A,LILRB4"
"GO:BP","regulation of fat cell differentiation","GO:0045598","1.2459780683240213e-20","19.904489602050592","132","1691","50","21017","SNAI2,TGFB1,INS,TNF,SOD2,IL6,PIM1,CREB1,CEBPB,TPH1,BMP7,NR1D1,ENPP1,GATA2,ZFP36,HTR2A,HTR2C,AKT1,PTGS2,MSX2,PPARG,LEP,WNT5A,ID4,RORC,WNT3A,SMAD3,HNRNPU,ID2,PPARD,ZBTB16,ZFP36L1,STK4,STK3,GPS2,HES1,CCDC85B,ADIPOQ,ZC3H12A,FFAR4,SFRP1,FLCN,ZFPM2,SIRT1,SFRP2,GPER1,WWTR1,SAV1,NOCT,AXIN2"
"GO:BP","protein localization to plasma membrane","GO:0072659","1.3223888958434037e-20","19.878640806210793","294","1691","78","21017","ITGB1BP1,PDPK1,ROCK2,LYPLA1,PSMD10,ARL6IP5,BAG4,EGFR,TGFB1,INS,TNF,IFNG,PRNP,EZR,RHOQ,RAB3A,RAB3B,PIK3R1,AKT1,GBP1,RDX,ACTN2,CSK,P2RY1,NUMB,MMP14,RAB7A,EMP2,CAV3,WNT3A,STXBP1,ARF6,RAP1A,VAMP2,RACK1,DAB2,CDK5,CLTC,ANK2,PRKCE,BCL2L1,LRP1,ANK3,DLG1,PPFIA1,STX3,PICALM,SQSTM1,SCRIB,GAS6,KCNJ11,KCNB1,PPP2R5A,VAMP3,ADIPOQ,PKDCC,RHBDF2,PID1,LRRC15,RSC1A1,TMBIM1,WNK4,VPS35,PPP1R9B,GPER1,CIB1,PKP2,INPP5K,VAMP8,BBS2,TMEM59,PACSIN1,WNK3,KIF13A,WNK1,NRXN1,MYO5A,F11R"
"GO:BP","neural crest cell migration","GO:0001755","1.5798003701197148e-20","19.801397788762642","58","1691","33","21017","NRP1,SEMA3E,SEMA7A,SEMA3D,SEMA4F,FN1,EDN1,BMP4,EDN3,BMP7,KITLG,EDNRB,GDNF,HTR2B,SEMA3B,SEMA3F,SEMA5A,SHH,TWIST1,HIF1A,SEMA6D,SEMA4D,SEMA3C,SEMA4C,SEMA6A,SEMA4A,SEMA6C,SEMA6B,SEMA4B,SEMA3G,SEMA4G,SEMA5B,CORO1C"
"GO:BP","tissue migration","GO:0090130","1.8608686772974623e-20","19.730284274229486","104","1691","44","21017","SNAI2,ZEB2,SNAI1,IFNG,IL4,KRT16,CTSH,TACSTD2,KIT,SRC,PLCG1,KITLG,PTPRG,MCC,CORO1A,PFN2,TGFBR2,WNT5A,MTOR,SOX9,PTEN,TGFB2,ARF6,PRKCE,PPARD,PTK2,PTPN11,HYAL1,FOXF1,BMPR2,PTPRR,PKN1,HIF1A,DAB2IP,CLASP1,PROX1,HAS2,ADIPOR1,MARVELD3,PTPN23,RTN4,EVL,CORO1C,IRS2"
"GO:BP","positive regulation of leukocyte chemotaxis","GO:0002690","1.9450738737814244e-20","19.711063899548368","95","1691","42","21017","LGALS9,CCL21,MSTN,TNFSF14,CXCL13,OXSR1,CXCL10,CD74,IL4,SERPINE1,IL6,EDN1,THBS1,F7,HMGB1,CCL3,CCL4,CCL5,EDN3,VEGFA,LBP,PTN,IL12A,CCR7,WNT5A,CCR2,XCL1,CXCL12,CX3CR1,AIF1,F2RL1,TIRAP,PTK2,C1QBP,SLAMF1,PTK2B,GAS6,LGMN,CCL19,WNK1,IL23A,STK39"
"GO:BP","negative regulation of intrinsic apoptotic signaling pathway","GO:2001243","2.1643713040061157e-20","19.664668232729852","109","1691","45","21017","DDX3X,SNAI2,PARK2,KDM1A,NOL3,NDUFS3,WFS1,SNAI1,INS,EPO,SOD2,CD74,ENO1,GPX1,HSPA1A,BCL2,SRC,MIF,ATF4,IL10,DNAJA1,AKT1,CTNNB1,PTGS2,CXCL12,TMBIM6,CDKN2D,RACK1,PLAUR,BCL2L1,TRIM32,MAPK7,HDAC1,NONO,NFE2L2,HIF1A,LRRK2,CCAR2,SIRT1,SFRP2,PARK7,ING2,NDUFA13,FZD1,FBXO7"
"GO:BP","positive regulation of leukocyte mediated cytotoxicity","GO:0001912","2.2272165087343322e-20","19.65223756294882","66","1691","35","21017","NCR3,SH2D1A,RASGRP1,CRTAM,PTPRC,LAMP1,HLA-E,PVR,VAV1,HLA-G,LAG3,KLRK1,IL12A,IL12B,NOS2,XCL1,STAT5B,F2RL1,B2M,FADD,MICB,HFE,IL23R,RAET1L,RAET1G,RAET1E,NECTIN2,SLAMF6,P2RX7,ULBP3,ULBP2,ULBP1,IL21,IL23A,STAP1"
"GO:BP","regulation of B cell proliferation","GO:0030888","2.2272165087343322e-20","19.65223756294882","66","1691","35","21017","TLR4,TNFRSF13B,ADA,CD74,IL4,LYN,PTPRC,BCL2,MIF,CHRNB2,IL10,CD38,IL13,AHR,BCL6,MNDA,CASP3,CDKN2A,TNFRSF4,WNT3A,TIRAP,BTK,MEF2C,ATM,PKN1,RC3H1,TICAM1,MZB1,INPP5D,PELI1,PAWR,IL21,TLR9,CD300A,IRS2"
"GO:BP","myeloid leukocyte mediated immunity","GO:0002444","2.4107071040983344e-20","19.617855552294056","114","1691","46","21017","SNAP23,LGALS9,STXBP3,PDPK1,TUSC2,RASGRP1,F2,IL4,IL6,LYN,ELANE,CTSG,CCL3,CHGA,KIT,BCR,HLA-E,FER,AZU1,GATA2,IL4R,IL13,CCR2,CX3CR1,SERPINB9,F2RL1,NLRP6,STXBP1,VAMP2,BTK,FOXF1,IL13RA2,STXBP2,CPLX2,UNC13D,MAVS,MILR1,TICAM2,TICAM1,JAGN1,VAMP8,TREM1,CD300A,CD84,RABGEF1,STAP1"
"GO:BP","myeloid cell activation involved in immune response","GO:0002275","2.4487821474127824e-20","19.61104984957716","100","1691","43","21017","SNAP23,LGALS9,STXBP3,PDPK1,RASGRP1,IL33,TNF,IFNG,IL4,LYN,CCL3,CHGA,KIT,BCR,FER,LBP,GATA2,IL4R,PTPN6,FCER1G,IL13,CCR2,CX3CR1,F2RL1,STXBP1,VAMP2,PRKCE,BTK,FOXF1,NMI,SLAMF1,IL13RA2,STXBP2,CPLX2,UNC13D,MILR1,TICAM1,HAVCR2,VAMP8,CD300A,CD84,RABGEF1,PYCARD"
"GO:BP","response to insulin","GO:0032868","2.4564514637677307e-20","19.609691812528993","265","1691","73","21017","STXBP3,AGRP,MSTN,VGF,OGT,PDPK1,TBC1D4,HRAS,INS,IL1B,CAT,PRKCB,RB1,LYN,FBP1,INHBB,PARP1,EGR2,SRC,CEACAM1,FER,RHOQ,PTPN2,EGR1,SRD5A1,IL10,ENPP1,GAL,PIK3R1,AKT1,IRS1,SREBF1,PPARG,OPRK1,LEP,STAT1,MTOR,GSK3A,GSK3B,UCP2,SESN2,VAMP2,PRKDC,GHRHR,PRKCD,PTPN11,ZFP36L1,PPARA,ABCC8,PRKAA1,GRB10,NCOA2,NCOA1,ADIPOQ,CRY1,AANAT,HADH,PID1,ACVR1C,MZB1,KAT2B,ADIPOR1,SIRT1,NR1H4,CITED1,INPP5K,RBM4,OSBPL8,RETN,HDAC5,IRS2,MYO5A,TNFRSF11A"
"GO:BP","gland morphogenesis","GO:0022612","2.724634223170927e-20","19.56469179266109","129","1691","49","21017","NRP1,SNAI2,NTN1,EGFR,TGFB1,TNF,ESR1,PDGFA,IL6,BCL2,TGFB3,BMP4,SRC,CEACAM1,CEBPB,BMP7,NFKB1,PTN,TNFAIP3,IGFBP5,PML,MSX2,TGFBR2,WNT5A,STAT6,NOTCH1,ID4,SOX9,CAV3,WNT3A,WNT4,NRG3,TGFB2,BAX,NOG,SCRIB,SHH,SULF1,SFRP1,PROX1,EDA,CPB2,PHB2,NKX3-1,SEMA3C,RTN4,DUOX2,EDAR,BTRC"
"GO:BP","regulation of cell junction assembly","GO:1901888","2.849779756196441e-20","19.545188702926446","211","1691","64","21017","WNT7A,ITGB1BP1,NRP1,OGT,LRRTM2,SNAI2,GREM1,ROCK2,NTN1,SNAI1,ABL1,TNF,IL1B,HRG,THY1,APOD,THBS1,SRC,VEGFA,PRKACA,CHRNB2,VCL,OXTR,SDC4,CTNNB1,ACVRL1,SNCA,WNT5A,MMP14,DUSP3,WNT3A,WNT4,PTEN,SNAP25,ARF6,RAP1A,SMAD3,PTK2,MEF2C,DMTN,PTPRJ,GPM6B,PTK2B,NTRK2,CLASP1,PHLDB2,LDB1,LRRTM1,NLGN1,SFRP1,SEMA4D,DLC1,VPS35,TBX5,RAB17,ADNP,SEMA4A,RCC2,GHRL,GDF2,NRXN1,CORO1C,FZD1,F11R"
"GO:BP","regulation of protein modification by small protein conjugation or removal","GO:1903320","2.919654431475057e-20","19.534668548340882","241","1691","69","21017","DDX3X,SMAD7,OGT,HDAC3,PARK2,KDM1A,PSMD10,WFS1,UFL1,BCL10,ABL1,PRKCG,ISG15,HSP90AB1,HSPA1A,EGR1,TRIM21,CAPN3,TNFAIP3,DNAJA1,AKT1,ARRB2,CTNNB1,CDKN2A,MAPK9,ARRB1,GSK3A,GSK3B,PLK1,HDAC4,PTEN,CDK5,PRKCE,SOX4,GPS1,GPS2,NMI,SQSTM1,TNIP1,ANGPT1,CRY1,HIF1A,PARP10,ZC3H12A,LRRK2,NXN,TICAM1,DCUN1D3,FANCM,PIAS4,SVBP,COMMD1,MUL1,ARRDC3,PELI1,CDK5RAP3,PARK7,CHP1,NDFIP1,GTPBP4,WNK1,NDFIP2,GNL3L,MAD2L2,FBXO5,UBQLN1,BTRC,PTPN22,RWDD3"
"GO:BP","regulation of lipid biosynthetic process","GO:0046890","3.0953587284089007e-20","19.509289012317375","177","1691","58","21017","OGT,CYP27B1,SNAI2,SNAI1,SOD1,PDGFB,FSHB,INS,TNF,IFNG,IL1B,APOE,APOC1,APOC2,ANXA1,PDGFA,CD74,CEACAM1,CREB1,EGR1,NFKB1,NR1D1,BMP5,HTR2A,HTR2C,AKT1,PTGS2,SREBF1,LEP,HTR2B,MTOR,STAR,NR0B1,NR1H2,WNT4,SIK1,RAB38,DAB2,PRKCD,PPARA,SREBF2,REST,PRKAA1,NR1H3,NR5A1,PRKG1,RGN,ADGRF5,PIBF1,PROX1,KAT2B,SIRT1,NR1H4,GPER1,CHP1,GFI1,ABHD6,SIRT4"
"GO:BP","immune system development","GO:0002520","3.409484919744136e-20","19.467311226112848","200","1691","62","21017","ACOD1,LGALS9,BCL2L11,PHLPP1,NBN,SOD1,ABL1,ADA,TGFB1,LTA,IL2RA,TP53,IL4,LYN,ERCC1,PTPRC,HMGB1,BCL2,HLA-E,TYR,IDO1,BRAF,IL7R,HLA-G,MSH3,TNFAIP3,IL10,TNFSF4,PRDX2,CTNNB1,TGFBR2,BCL6,STAT6,MSH2,RORC,STAT5B,MSH6,PRKDC,SMAD3,NFKB2,FADD,ATM,HES1,SHH,PKN1,RC3H1,IL27RA,SPNS2,LILRB2,LILRB4,HAVCR2,FOXJ1,RBM15,CITED2,NDFIP1,FOXP3,CD274,MAD2L2,MAFB,IRAK3,MAD1L1,TNFRSF11A"
"GO:BP","cell junction assembly","GO:0034329","3.4711634923360096e-20","19.459524930509748","449","1691","100","21017","SDCBP,WNT7A,CLDN4,DVL1,ITGB1BP1,NRP1,RAB29,SMAD7,OGT,LRRTM2,SNAI2,GREM1,ROCK2,NTN1,SNAI1,WNT11,ABL1,TNF,IL1B,FN1,HRG,THY1,APOD,ITGB3,THBS1,SRGAP2C,BCL2,MAPT,BCR,SRC,DRD2,VEGFA,FER,GJA1,PRKACA,CHRNB2,VCL,DRD1,CDH3,OXTR,SDC4,CTNNA1,CTNNB1,ACTN2,ARL2,ACVRL1,SNCA,WNT5A,MAP1B,MMP14,DUSP3,WNT3A,WNT4,CLDN18,NRG3,PTEN,SNAP25,ARF6,RAP1A,SMAD3,CDK5,ANK2,PTK2,MEF2C,DMTN,PTPRJ,DLG1,GPM6B,PTK2B,PTPRK,TRIP6,NTRK2,AMOT,CLASP1,PHLDB2,LDB1,LRRTM1,NLGN1,SFRP1,FLCN,SEMA4D,MARVELD3,DLC1,VPS35,NR1H4,TBX5,PKP2,RAB17,ADNP,SEMA4A,RCC2,NRXN2,GHRL,GDF2,NRXN1,CORO1C,FZD1,NRXN3,F11R,PCLO"
"GO:BP","positive regulation of protein serine/threonine kinase activity","GO:0071902","3.476828588747749e-20","19.458816719956953","145","1691","52","21017","TLR4,DDX3X,PSMD10,RASGRP1,EGFR,HRAS,PDGFB,EGF,TNF,IFNG,IL1B,LTF,PDGFA,ERBB2,EDN1,ADRB2,THBS1,HSP90AB1,ELANE,ADRA2A,FGF2,SRC,EDN3,VEGFA,DRD4,ERP29,AKT1,SNCA,WNT5A,HTR2B,HMGA2,PPP2CA,S100A12,MAP3K10,PAK1,MAP2K5,ADIPOQ,EZH2,NTRK3,LRRK2,PIK3R6,DAB2IP,PSRC1,PROX1,SIRT1,CCL19,CIB1,RGCC,NRXN1,CAB39,ROBO1,TNFRSF11A"
"GO:BP","positive regulation of nervous system development","GO:0051962","3.547580072132931e-20","19.450067793335453","292","1691","77","21017","WNT7A,NRP1,TP73,LRRTM2,XRCC2,KALRN,KDM1A,SEMA7A,SLIT2,UFL1,NTN1,IL33,EGFR,TGFB1,LTA,TNF,IFNG,IL1B,FN1,IL6,SERPINE2,LYN,FGF2,MAPT,KIT,EGR2,XRCC5,DRD2,LIF,BRAF,VEGFA,PTN,OXTR,GDI1,CTNNB1,OPRM1,SOX11,PPP1CC,SERPINF1,PPARG,MTOR,NOTCH1,MAP1B,ID4,CXCL12,CX3CR1,NUMB,PLXNA3,HAP1,WNT3,WNT3A,CX3CL1,ID2,TRIM32,HDAC1,SEMA5A,BMPR2,HES1,SHH,STK11,NTRK2,HIF1A,CAPRIN2,LRRTM1,NLGN1,HDAC2,SEMA4D,ANKRD27,GPER1,BCL11A,ADNP,SEMA4A,GHRL,NRXN1,PLXNB3,FZD4,ROBO1"
"GO:BP","transforming growth factor beta receptor signaling pathway","GO:0007179","3.593018819715306e-20","19.444540508017422","206","1691","63","21017","MEN1,SDCBP,MSTN,SMAD7,OGT,PDPK1,SPRY1,ZEB2,CIDEA,LPXN,FOXH1,TGFB1,FSHB,COL3A1,TP53,JUN,THBS1,HSP90AB1,PARP1,HSPA1A,TGFB3,SRC,ENG,CDH3,PML,PBLD,ARRB2,FBN1,SOX11,PPM1A,BMPR1A,ACVRL1,TGFBR2,PPARG,STAT3,ID1,NKX2-1,CAV3,TGFB2,FKBP1A,SMAD3,DAB2,PTK2,PPARA,EP300,PIN1,HDAC1,LRRC32,PTPRK,STK11,RBBP7,FAM89B,FLCN,HTRA1,HDAC2,SIRT1,NODAL,CITED1,CITED2,ING2,BRMS1,ING1,STRAP"
"GO:BP","axonogenesis","GO:0007409","3.8082670500184284e-20","19.419272604856133","464","1691","102","21017","APBB1,BMPR1B,WNT7A,DVL1,NRP1,SEMA3E,DCLK1,KALRN,SLIT3,SEMA7A,SLIT2,SEMA3D,NTN1,SEMA4F,ABL1,APOE,FN1,THY1,ERBB2,EDN1,BCL2,SPP1,MAPT,KIT,EGR2,EDN3,DRD2,BRAF,VEGFA,CREB1,PPP3CB,CHRNB2,BMP7,VCL,RAB3A,NPR2,KEL,MT3,PTPRM,GDI1,GDNF,WNT5A,DCC,NKX2-1,NOTCH1,MAP1B,CXCL12,NUMB,GSK3B,PLXNA3,WNT3,WNT3A,PTEN,SNAP25,STXBP1,ADARB1,ARHGAP4,CDK5,TOP2B,PTK2,PTPN11,ADCY1,ANK3,PAK1,SEMA3B,NOG,SEMA3F,PICALM,SEMA5A,BMPR2,PRKG1,CDK5R1,SHH,STK11,NTRK2,SZT2,ULK2,SPG20,DRAXIN,SEMA6D,BRSK1,SEMA4D,APBB2,SEMA3C,RTN4R,SEMA4C,BCL11A,SEMA6A,ADNP,SEMA4A,SEMA6C,SEMA6B,SEMA4B,RTN4,SEMA3G,SEMA4G,SEMA5B,NRXN1,PLXNB3,RNF6,NRXN3,ROBO1"
"GO:BP","defense response to bacterium","GO:0042742","4.67939930166256e-20","19.329809894087674","326","1691","82","21017","SSC5D,TLR4,VGF,TLR3,CXCL13,PGLYRP1,TUSC2,F2,HP,LTA,TNF,IL1B,FGA,FGB,LTF,ANG,SLPI,SEMG1,SERPINE1,ISG15,MPO,IL6,ELANE,CTSG,CHGA,MBL2,DEFA4,HLA-E,HTN1,SPN,CD36,IL7R,BPI,CEBPB,LBP,NFKB1,AZU1,LPO,IL10,KLRK1,IL12A,IL12B,FCER1G,GBP1,NOS2,SFTPD,RPS19,CAMP,F2RL1,TIRAP,NLRP6,DEFA3,S100A12,HAMP,DCD,DEFA6,SEMG2,IRF8,PRKCD,PRKD1,IL23R,IL27RA,MAVS,HAVCR2,TNFRSF14,PGLYRP3,NLRP3,PGLYRP2,NR1H4,P2RX7,LYST,SYT11,LACRT,MMRN2,BPIFA1,TREM1,IL23A,SPINK5,TLR9,PLAC8,PYCARD,SLC30A1"
"GO:BP","CD4-positive, alpha-beta T cell differentiation","GO:0043367","5.0866320478399074e-20","19.293569676831456","97","1691","42","21017","LGALS9,MEN1,SMAD7,SOCS5,IFNG,ANXA1,IL4,IL6,HMGB1,RARA,BRAF,SPN,TNFSF4,IL4R,IL12B,PTGER4,STAT3,BCL6,CD86,STAT6,MTOR,RORC,JAK3,RELB,ATP7A,HLX,IRF4,SHB,ZC3H12A,RC3H1,IL23R,ZFPM1,NFKBID,RSAD2,SLAMF6,NLRP3,CCL19,FOXP3,SEMA4A,IL21,IL23A,PLA2G2D"
"GO:BP","positive regulation of neurogenesis","GO:0050769","6.177209877109744e-20","19.20920764280636","244","1691","69","21017","NRP1,TP73,XRCC2,KALRN,KDM1A,SEMA7A,SLIT2,UFL1,NTN1,IL33,EGFR,TGFB1,LTA,TNF,IFNG,IL1B,FN1,IL6,SERPINE2,LYN,FGF2,MAPT,KIT,EGR2,XRCC5,DRD2,LIF,BRAF,VEGFA,PTN,GDI1,CTNNB1,OPRM1,SOX11,PPP1CC,SERPINF1,PPARG,MTOR,NOTCH1,MAP1B,ID4,CXCL12,CX3CR1,NUMB,PLXNA3,HAP1,WNT3,WNT3A,CX3CL1,ID2,TRIM32,HDAC1,SEMA5A,BMPR2,HES1,SHH,STK11,NTRK2,HIF1A,CAPRIN2,HDAC2,SEMA4D,ANKRD27,GPER1,BCL11A,ADNP,PLXNB3,FZD4,ROBO1"
"GO:BP","regulation of actin filament-based process","GO:0032970","6.432371247777641e-20","19.191628897995862","375","1691","89","21017","CCL21,ITGB1BP1,NRP1,PARK2,ZEB2,ROCK2,TRPM2,SLIT2,BMP10,BAG4,WNT11,ABL1,HRAS,TGFB1,APOA1,PDGFA,HRG,ITGB3,EDN1,SERPINF2,TPM1,TACSTD2,TGFB3,TRIM27,BRAF,ALOX15,PDGFRA,FER,ATP2A2,RHOQ,EPHA1,PLN,PIK3R1,ADORA1,SRI,CORO1A,SDC4,CCR7,PFN2,NF2,RDX,PTGER4,ACTN2,MTOR,WAS,CXCL12,STC1,F2RL1,CAV3,WNT4,ARF6,CX3CL1,SMAD3,ANK2,PRKCE,PRKCD,LRP1,DMTN,PDE4D,BST2,DLG1,PPFIA1,PAK1,GPM6B,CAMK2D,IQGAP2,SEMA5A,PTK2B,CDK5R1,PRKD1,AMOT,AP1AR,CLASP1,PHLDB2,SFRP1,RYR2,PROX1,DLC1,BBS4,PKP2,CORO1B,INPP5K,RGCC,BCAS3,EVL,MAGEL2,PYCARD,F11R,ARFGEF1"
"GO:BP","mesenchymal cell migration","GO:0090497","6.612694276360017e-20","19.179621555499413","60","1691","33","21017","NRP1,SEMA3E,SEMA7A,SEMA3D,SEMA4F,FN1,EDN1,BMP4,EDN3,BMP7,KITLG,EDNRB,GDNF,HTR2B,SEMA3B,SEMA3F,SEMA5A,SHH,TWIST1,HIF1A,SEMA6D,SEMA4D,SEMA3C,SEMA4C,SEMA6A,SEMA4A,SEMA6C,SEMA6B,SEMA4B,SEMA3G,SEMA4G,SEMA5B,CORO1C"
"GO:BP","miRNA metabolic process","GO:0010586","7.125399648107786e-20","19.147190772007118","107","1691","44","21017","KLF4,FOXO3,NCOR1,EGFR,MYC,HRAS,PDGFB,TGFB1,PRL,TNF,ESR1,TP53,JUN,FGF2,RARA,BMP4,ETS1,VEGFA,EGR1,WT1,NFKB1,IL10,GATA2,BMPR1A,SREBF1,PPARG,STAT3,SOX9,SMARCA4,NR1H2,HDAC4,TGFB2,SMAD3,PPARD,PPARA,SREBF2,REST,TWIST1,HIF1A,ZC3H12A,RC3H1,LILRB4,PNPT1,AGO4"
"GO:BP","positive regulation of type II interferon production","GO:0032729","7.47893294179128e-20","19.12616036076514","76","1691","37","21017","LGALS9,TLR4,TLR3,RASGRP1,CRTAM,ABL1,HRAS,LTA,TNF,IL1B,ISG15,TRIM27,ZP3,TNFSF4,KLRK1,IL12A,IL12B,WNT5A,CCR2,CEBPG,F2RL1,IRF8,PDE4D,FADD,SLAMF1,SCRIB,IL23R,IL27RA,IFNL1,ZFPM1,HAVCR2,SLAMF6,IL21,IL23A,TLR9,PYCARD,PTPN22"
"GO:BP","T-helper cell differentiation","GO:0042093","7.47893294179128e-20","19.12616036076514","76","1691","37","21017","MEN1,SMAD7,SOCS5,ANXA1,IL4,IL6,HMGB1,RARA,SPN,TNFSF4,IL4R,IL12B,PTGER4,STAT3,BCL6,CD86,STAT6,MTOR,RORC,JAK3,RELB,ATP7A,HLX,IRF4,SHB,ZC3H12A,RC3H1,IL23R,ZFPM1,NFKBID,SLAMF6,NLRP3,CCL19,FOXP3,SEMA4A,IL21,IL23A"
"GO:BP","positive regulation of cytosolic calcium ion concentration","GO:0007204","8.092440974276238e-20","19.09192045962877","169","1691","56","21017","CACNA1A,HCRT,CXCL13,ABL1,SPINK1,EPO,ESR1,EDN1,ITGAV,CD55,NMB,HMGB1,BCL2,CD36,ADCYAP1,GATA2,EDNRB,F2R,HTR2A,CD38,NOS1,PML,OXTR,CCR7,SLC8A1,OPRM1,PTGER4,CCR2,PTGER3,BDKRB1,P2RY1,CX3CR1,TMBIM6,F2RL1,CAV3,FKBP1B,DLG4,PKD1,BAX,PKD2,PRKG1,PTK2B,ITPR3,FFAR4,TRPV1,JPH3,RYR2,GPER1,P2RX7,JPH2,C1QTNF1,PROK2,GPR35,CCL28,C5AR2,GHRL"
"GO:BP","response to alkaloid","GO:0043279","8.151651141403248e-20","19.08875441469906","98","1691","42","21017","CASQ2,PRKCG,CRH,TH,DRD2,NQO1,CHRNB2,CNR1,DRD1,RYR1,DRD4,COMT,CRHBP,GSTM2,HTR1B,HTR2A,ADORA2A,OXTR,SLC8A1,OPRM1,DRD3,PPARG,OPRK1,CASP3,CPT1A,ABAT,CDK5,SLC6A3,PRKCE,EN1,RAD51,BCL2L1,PRKAA1,FADD,PTK2B,HES1,RYR3,TRPV1,RYR2,HDAC2,PPP1R9B,HDAC5"
"GO:BP","regionalization","GO:0003002","1.0504030325736581e-19","18.978644033083746","434","1691","97","21017","BMPR1B,DLL1,WNT7A,BHLHE40,DVL1,NRP1,AURKA,XRCC2,SPRY1,GREM1,FOXH1,ATP6AP2,SIX3,SNAI1,HAND1,WNT11,TP53,EDN1,FGF2,EGR2,BMP4,MYF5,BMP1,GJA1,HOXB8,ENG,WT1,HOXA5,MSX1,HOXA7,HOXA9,CTNNB1,MSX2,HNF1B,BMPR1A,ACVRL1,TGFBR2,GDNF,WNT5A,NBL1,NKX2-1,NOTCH1,MEOX2,GPC3,WNT3,WNT3A,PRKDC,SMAD3,ZBTB16,EN1,MEF2C,EP300,FOXF1,NOG,SEMA3F,ATM,PKD2,BMPR2,HES1,IHH,SHH,HIF1A,CAPRIN2,NRARP,LDB1,BBS7,BBS5,SFRP1,LFNG,OSR1,FOXJ1,NKD1,ACD,SFRP2,BBS4,NODAL,MDFI,NKX3-1,CITED2,SEMA3C,FUZ,HES7,BHLHE41,ARL6,CHRD,SOX17,HEYL,DLL4,CTNNBIP1,NDRG4,SUFU,FOXA2,AXIN2,MAFB,ADGRG1,TLL2,ROBO1"
"GO:BP","neural crest cell differentiation","GO:0014033","1.0582358108121957e-19","18.975417545983913","94","1691","41","21017","NRP1,SEMA3E,SNAI2,SEMA7A,SEMA3D,SEMA4F,FN1,EDN1,BMP4,EDN3,BMP7,KITLG,EDNRB,BMPR1A,GDNF,HTR2B,SOX9,NRG1,MEF2C,SEMA3B,SEMA3F,SEMA5A,HES1,SHH,TWIST1,HIF1A,SFRP1,SEMA6D,SEMA4D,CITED2,SEMA3C,SEMA4C,SEMA6A,SEMA4A,SEMA6C,SEMA6B,SEMA4B,SEMA3G,SEMA4G,SEMA5B,CORO1C"
"GO:BP","regulation of natural killer cell mediated immunity","GO:0002715","1.2406331886951188e-19","18.906356605023095","50","1691","30","21017","LGALS9,NCR3,SH2D1A,NCR1,RASGRP1,CRTAM,TGFB1,LAMP1,CEACAM1,HLA-E,PVR,VAV1,HLA-G,LAG3,KLRK1,IL12A,IL12B,ARRB2,CD96,LEP,SERPINB4,SERPINB9,STAT5B,PIK3R6,RAET1G,RAET1E,HAVCR2,NECTIN2,SLAMF6,IL21"
"GO:BP","negative regulation of smooth muscle cell proliferation","GO:0048662","1.2406331886951188e-19","18.906356605023095","50","1691","30","21017","KLF4,IFNG,APOE,ANG,SOD2,APOD,TPM1,HMOX1,TGFB3,BMP4,IGFBP3,TNFAIP3,IL10,IGFBP5,IL12A,IL12B,NOS3,PPARG,CDKN1B,AIF1,PTEN,MEF2C,BMPR2,PRKG1,ADIPOQ,TRIB1,GPER1,CTNNBIP1,PPARGC1A,NDRG4"
"GO:BP","regulation of autophagy","GO:0010506","1.2729684390303864e-19","18.895182363765716","358","1691","86","21017","TRIM38,FOXO3,PARK2,TRIM13,UFL1,ABL1,IFNB1,IFNG,TP53,IL4,SLC25A5,ADRB2,DCN,HMGB1,HMOX1,BCL2,MAPT,TRIM27,PRKACA,TRIM21,IL10,AKT1,SREBF1,SNCA,STAT3,LEP,MTOR,CASP3,HTT,MAPK8,NEDD4,GSK3A,GSK3B,PRKAA2,SESN2,NLRP6,CSNK2A1,CDK5,BCL2L1,EP300,SREBF2,TRIM32,PRKAA1,ATM,SQSTM1,KEAP1,ITPR1,RAB3GAP1,CDK5R1,PRKD1,STK11,HIF1A,IFI16,ZC3H12A,LRRK2,LRSAM1,TICAM1,ULK2,FLCN,SVIP,TPCN2,RUBCN,ERCC4,BAD,USP13,TP53INP1,SIRT1,VPS35,PARK7,TMEM59,TRIM8,TRIM5,LACRT,WNK1,RNF41,TLR9,SH3BP4,UBQLN2,MID2,TPCN1,PYCARD,UBQLN1,BOK,PTPN22,FBXO7,SESN1"
"GO:BP","positive regulation of reproductive process","GO:2000243","1.340505029960571e-19","18.87273155208019","90","1691","40","21017","SYCE3,MEIOC,OVOL1,AURKA,PDE5A,INHBA,INHBB,SRC,VEGFA,WT1,NPR2,TACR2,ZP3,EDNRB,MSX1,CDC25B,OXTR,CTNNB1,MSX2,ACVR1B,WNT5A,P2RY1,SOX9,WNT4,UBE2B,C1QBP,BAX,ZP4,NR5A1,SHH,STRA8,LFNG,PIWIL2,ZFPM2,HDAC2,CIB1,CITED2,RETN,PLCB1,DMRT1"
"GO:BP","establishment of vesicle localization","GO:0051650","1.3780892768383128e-19","18.86072264659217","205","1691","62","21017","SNAP23,AP3B1,WASL,SDCBP,TOR1A,UNC13B,LIN7A,SYNJ1,PARK2,VPS4B,BAIAP3,RASGRP1,SNAPIN,IFNG,RAB3A,CDH3,SDC4,CTNNB1,SNCA,ASIP,HTT,RAB7A,RAB27A,GPR143,HAP1,NAGLU,SNAP25,STXBP1,BLOC1S1,CDK5,MYO7A,PICALM,DCTN2,SCRIB,DCTN1,STK11,LRRK2,AP1AR,BLOC1S3,BLOC1S2,CLASP1,CADPS2,BBS7,NLGN1,BBS5,MREG,UNC13C,BLOC1S5,DTNBP1,BBS4,SEPT5,SYT11,BBS2,ARL6,RAB17,KIF13A,SYT4,BLOC1S4,FBXW11,BLOC1S6,UNC13A,MYO5A"
"GO:BP","extrinsic apoptotic signaling pathway in absence of ligand","GO:0097192","1.4796470475520848e-19","18.82984186810589","69","1691","35","21017","BCL2L11,FOXO3,SNAI2,TNF,IL1B,COL2A1,PF4,CSF2,IL4,ITGAV,INHBA,HSPA1A,BCL2,NF1,KITLG,ERBB3,FAS,PPP2R1A,AKT1,PRDX2,CTNNA1,GDNF,CASP2,GSK3A,GSK3B,PPP1CA,CX3CL1,NRG1,BAX,BCL2L1,FADD,MAP2K5,MAPK7,BAD,BOK"
"GO:BP","cardiac septum morphogenesis","GO:0060411","1.4796470475520848e-19","18.82984186810589","69","1691","35","21017","NRP1,SMAD7,SLIT3,SLIT2,HAND1,WNT11,TP53,BMP4,ENG,BMP7,BMP5,NOS3,MSX2,SOX11,BMPR1A,TGFBR2,NOTCH1,TGFB2,SOX4,NOG,BMPR2,HES1,ZFPM1,ZFPM2,PROX1,RBM15,TBX5,CITED2,SEMA3C,EGLN1,SAV1,HEYL,CHD7,FZD1,ROBO1"
"GO:BP","regulation of macrophage activation","GO:0043030","2.2455498360330336e-19","18.648677302091368","58","1691","32","21017","TLR4,IL33,CD74,IL4,IL6,THBS1,PTPRC,CCL3,MIF,BPI,LBP,NR1D1,IL10,IL4R,IL13,SNCA,CD200,WNT5A,CX3CL1,HAMP,IL1RL1,NR1H3,ATM,ZC3H12A,LRRK2,ADGRF5,IL31RA,HAVCR2,SYT11,CD84,STAP1,VSIG4"
"GO:BP","symbiont entry into host cell","GO:0046718","2.4341949746281403e-19","18.61364463850784","156","1691","53","21017","LGALS9,WWP2,FCN1,TRIM38,NRP1,PLSCR1,SNX3,FCN3,EGFR,IFNA2,APCS,CD74,ITGB3,ICAM1,ITGAV,CD55,HMGB1,HSPA1A,LAMP1,PVR,CD46,CR1,TRIM21,HTR2A,AXL,PHB,CD86,TNFRSF4,IFITM2,TYRO3,HYAL2,TRIM26,ILF3,SLAMF1,TRIM25,GAS6,CLEC4G,TRIM59,TPCN2,LRRC15,NECTIN2,TNFRSF14,TRIM11,VAMP8,TRIM62,TRIM8,TRIM31,TRIM5,TRIM10,ZNF639,MID2,TPCN1,F11R"
"GO:BP","negative regulation of cell cycle process","GO:0010948","2.5079428837824656e-19","18.60068235840773","301","1691","77","21017","EME2,APBB1,OVOL1,KLF4,XRCC3,NBN,UFL1,TRIM37,TNKS,TP53,RB1,LYN,INHBA,BCL2,TPR,BMP4,CCL2,LIF,HLA-G,BMP7,PML,TTK,BCL6,CASP2,MSH2,CDKN1B,BRCA2,PLK1,TERF1,CDKN2D,PRMT2,PTEN,PRKDC,PTPN11,RAD51,ZFP36L1,DLG1,ATM,PKD2,CUL4A,ESPL1,GPNMB,RPS6KA2,TERF2,TRIP13,EZH2,CRY1,FBXO43,DAB2IP,JADE1,CDC73,HORMAD1,CRLF3,DCUN1D3,CCAR2,BRSK1,BTN2A2,PROX1,KAT2B,APBB2,RAD50,EME1,CDK5RAP3,MUS81,GPER1,BARD1,BRIP1,FANCD2,RGCC,EIF2AK4,MAD2L2,FBXO5,TIMELESS,ATF5,FBXO7,DMRT1,MAD1L1"
"GO:BP","regulation of interleukin-12 production","GO:0032655","2.5736724604708794e-19","18.589446724588345","62","1691","33","21017","LGALS9,TLR4,TLR3,IFNG,THBS1,HMGB1,IRF1,IDO1,CD36,HLA-G,NFKB1,IL10,TNFSF4,IL12B,ARRB2,CCR7,LEP,JAK3,TIRAP,IRF8,C1QBP,SLAMF1,AGER,MAPK11,TIGIT,IL23R,SCIMP,PIBF1,CCL19,IL23A,PLCB1,TLR9,IRAK3"
"GO:BP","interleukin-12 production","GO:0032615","2.5736724604708794e-19","18.589446724588345","62","1691","33","21017","LGALS9,TLR4,TLR3,IFNG,THBS1,HMGB1,IRF1,IDO1,CD36,HLA-G,NFKB1,IL10,TNFSF4,IL12B,ARRB2,CCR7,LEP,JAK3,TIRAP,IRF8,C1QBP,SLAMF1,AGER,MAPK11,TIGIT,IL23R,SCIMP,PIBF1,CCL19,IL23A,PLCB1,TLR9,IRAK3"
"GO:BP","regulation of lipid transport","GO:0032368","2.731203883086681e-19","18.563645878771112","130","1691","48","21017","PARK2,EGF,POMC,IL1B,APOA1,APOE,APOA2,APOC1,APOC2,ITGB3,EDN1,ITGAV,CRH,THBS1,NMB,SPP1,CYP19A1,MIF,NFKB1,ABCB4,GAL,NFKBIA,NTSR1,AKT1,PPARG,MAP2K6,NR1H2,CYP4F2,DAB2,PRKCD,PTPN11,PPARA,LRP1,SREBF2,PLA2R1,NR1H3,GPS2,SHH,ADIPOQ,CRY1,SIRT1,P2RX7,NKX3-1,C1QTNF1,RETN,GHRL,IRS2,TNFRSF11A"
"GO:BP","regulation of carbohydrate biosynthetic process","GO:0043255","2.731203883086681e-19","18.563645878771112","96","1691","41","21017","OGT,PDGFB,EGF,TGFB1,INS,IGF1,FBP1,PRKACA,PTPN2,NFKB1,ENPP1,NTSR1,AKT1,IRS1,SNCA,LEP,P2RY1,GSK3A,GSK3B,SIK1,SESN2,PPP1CA,CLTC,PPARA,EP300,GRB10,PRKG1,STK11,ADIPOQ,CRY1,DYRK2,HAS2,KAT2B,USP7,SIRT1,GPER1,INPP5K,C1QTNF3,TCF7L2,PPARGC1A,IRS2"
"GO:BP","negative regulation of innate immune response","GO:0045824","2.7476078967005243e-19","18.561045244119548","87","1691","39","21017","ACOD1,LGALS9,TRAFD1,TGFB1,INS,SERPING1,ISG15,PARP1,PIM1,CEACAM1,HLA-E,DRD2,HLA-G,PTPN2,CR1,TRIM21,TNFAIP3,ARRB2,PPARG,RPS19,CD96,SERPINB4,SERPINB9,NR1H2,TYRO3,NR1H3,NMI,IFI16,NLRC3,MAVS,METTL3,NLRX1,NLRC5,HAVCR2,CACTIN,MUL1,DHX58,VSIG4,IRAK3"
"GO:BP","biological process involved in interaction with symbiont","GO:0051702","2.8144569991470807e-19","18.55060538234782","120","1691","46","21017","APOL1,RAB29,PARK2,ROCK2,TUSC2,CCNK,F2,PLG,APOE,APCS,FN1,PF4,LTF,HRG,JUN,GPX1,ELANE,CTSG,CCL3,MBL2,CCL4,CCL5,AZU1,RAB5A,PHB,CX3CR1,CAMP,SMARCA4,HMGA2,F2RL1,NLRP6,DCD,FMR1,EP300,REST,TARDBP,HDAC1,ZC3H12A,APOBEC3H,INPP5K,TREM1,VAPA,EIF2AK4,ZNF639,POU2F3,CTDP1"
"GO:BP","regulation of cell cycle phase transition","GO:1901987","2.9857077186234545e-19","18.52495270913675","433","1691","96","21017","EME2,APBB1,DDX3X,OVOL1,AURKA,RAD51B,KLF4,RAD51C,XRCC3,NBN,VPS4B,UFL1,SIX3,EGFR,TGFB1,ANXA1,TP53,RB1,LYN,INHBA,BCL2,CDK4,TPR,CCL2,PTPN6,PML,CDC25B,AKT1,TTK,RDX,CASP2,CDKN2A,CDKN2C,MSH2,CDKN1B,SMARCA2,SMARCA4,BRCA2,PLK1,HSPA2,AIF1,CDKN2D,PRMT2,PTEN,PKIA,PPP2CA,PRKDC,PKD1,ID2,PTPN11,RAD51,ZFP36L1,HYAL1,DLG1,ATM,PKD2,CUL4A,ESPL1,GPNMB,TRIP13,EZH2,CRY1,ARID2,JADE1,CDC73,USP17L2,HORMAD1,CRLF3,DCUN1D3,CCAR2,PAF1,BRSK1,BTN2A2,PROX1,APBB2,RAD50,EME1,CDK5RAP3,MUS81,PPP1R9B,PHB2,BARD1,BRIP1,FANCD2,RGCC,PLCB1,RCC2,EIF2AK4,ADAMTS1,MAD2L2,FBXO5,ING4,TIMELESS,ATF5,FBXO7,MAD1L1"
"GO:BP","positive regulation of protein catabolic process","GO:0045732","3.1494195043898886e-19","18.501769487249348","214","1691","63","21017","DVL1,AURKA,SMAD7,PARK2,SOCS5,PSMD10,WFS1,OAZ2,IL33,APC2,TNF,IFNG,IL1B,APOE,C4BPA,ADRA2A,HSPA1A,EZR,C4BPB,TNFAIP3,AKT1,RDX,WNT5A,MAPK9,BAG6,CDKN1B,NEDD4,SOX9,GSK3A,GSK3B,RAB7A,GPC3,PLK1,OAZ1,SUMO1,RACK1,CSNK2A1,HAMP,DAB2,FMR1,LRP1,TRIM32,CUL4A,KEAP1,NFE2L2,LRRK2,DAB2IP,BBS7,SNX33,USP13,NKD1,NEDD4L,VPS35,TRIB1,BARD1,NDFIP1,RNF41,SOX17,NDUFA13,PACSIN3,OAZ3,FAF1,AXIN2"
"GO:BP","positive regulation of vasculature development","GO:1904018","3.34853105261016e-19","18.475145669278284","168","1691","55","21017","DLL1,NRP1,TLR3,PDPK1,KLF4,GREM1,ABL1,TGFB1,IL1B,ITGB3,SERPINE1,PRKCB,THBS1,FGF2,HMOX1,CTSH,ETS1,HTN1,VEGFA,ENG,PLCG1,EPHA1,IL10,GATA2,CD34,NOS3,TIE1,ACVRL1,TGFBR2,STAT3,WNT5A,CXCL12,CX3CR1,CAMP,HMGA2,EMP2,RHOB,HYAL1,SEMA5A,PTK2B,PRKD1,TWIST1,NFE2L2,HIF1A,CYP1B1,ZC3H12A,PIK3R6,SIRT1,SFRP2,NODAL,WNK1,RTN4,GHRL,GDF2,ANGPT4"
"GO:BP","JNK cascade","GO:0007254","3.7948094416897183e-19","18.420810027542014","174","1691","56","21017","TLR4,MEN1,SDCBP,CCL21,WNT7A,HDAC3,TLR3,PER1,PARK2,PHLPP1,NCOR1,RASGRP1,EGFR,HRAS,TNF,IL1B,AMBP,SERPINF2,GSTP1,HMGB1,NFKB1,CD27,DNAJA1,CCR7,PTGER4,WNT5A,MAPK8,MAPK9,DUSP3,IRAK1,MAPK10,F2RL1,TIRAP,FGF12,SMAD3,MAP3K10,GPS1,STK3,GPS2,SLAMF1,PTK2B,AGER,LRRK2,DAB2IP,ZNF675,MARVELD3,TRIB1,CCL19,PRMT1,PLCB1,CYLD,TLR9,MDFIC,PYCARD,EDAR,PTPN22"
"GO:BP","response to organophosphorus","GO:0046683","3.9434718430913566e-19","18.40412125574672","131","1691","48","21017","PDE2A,VGF,PER1,PAX4,KDM1A,IL1B,TYMS,THBD,FBP1,INHBB,TYR,BRAF,EZR,KCNE1,SRD5A1,WT1,NPR2,ENPP1,CRHBP,IGFBP5,SLC6A4,PTGS2,AHR,SREBF1,STAT1,P2RY1,STC1,RAP1A,SLC6A3,TOP2B,ZFP36L1,DMTN,PDE4D,AKAP6,PKD2,PTK2B,KCNJ11,RYR3,ADIPOQ,AANAT,CYP1B1,TRPV1,PNPT1,P2RX7,CITED1,INPP5K,DUOX2,DUOX1"
"GO:BP","positive regulation of exocytosis","GO:0045921","3.9434718430913566e-19","18.40412125574672","79","1691","37","21017","RAB27B,SDCBP,SYT7,VPS4B,IFNG,FGA,FGB,FGG,IL4,LAMP1,RAB3A,RAB5A,SYT1,ZP3,GATA2,IL4R,SDC4,IL13,SNCA,RAB7A,RAB27A,F2RL1,STXBP1,VSNL1,CDK5,DOC2B,KCNB1,STX1A,SYT10,UNC13D,CLASP1,CADPS2,NLGN1,SCAMP5,SYTL4,VAMP8,SYT4"
"GO:BP","symbiont entry into host","GO:0044409","3.9589000865040974e-19","18.402425458699295","163","1691","54","21017","LGALS9,WWP2,FCN1,TRIM38,NRP1,PLSCR1,SNX3,FCN3,EGFR,IFNA2,APCS,CD74,ITGB3,ICAM1,ITGAV,CD55,HMGB1,HSPA1A,LAMP1,SRC,PVR,CD46,CR1,TRIM21,HTR2A,AXL,PHB,CD86,TNFRSF4,IFITM2,TYRO3,HYAL2,TRIM26,ILF3,SLAMF1,TRIM25,GAS6,CLEC4G,TRIM59,TPCN2,LRRC15,NECTIN2,TNFRSF14,TRIM11,VAMP8,TRIM62,TRIM8,TRIM31,TRIM5,TRIM10,ZNF639,MID2,TPCN1,F11R"
"GO:BP","response to hydrogen peroxide","GO:0042542","4.320397268252247e-19","18.36447631719498","97","1691","41","21017","KLF4,TRPA1,TRPM2,SOD1,ABL1,HP,CRYAB,CAT,ANXA1,SOD2,IL6,EDN1,FABP1,GPX1,HMOX1,BCL2,TXN,SRC,NQO1,TNFAIP3,PRDX3,AXL,STAT1,STAT6,CASP3,RHOB,FKBP1B,HBB,TOP2B,PRKCD,PRKAA1,MAPK7,PTK2B,EZH2,NFE2L2,CYP1B1,SETX,HDAC2,SIRT1,PARK7,PLEKHA1"
"GO:BP","response to calcium ion","GO:0051592","4.34720934187396e-19","18.361789445654203","147","1691","51","21017","CASQ2,SYT7,TRPM2,EGFR,FGA,FGB,FGG,EDN1,THBS1,INHBB,BRAF,ALOX15,DPEP1,CAPN3,SYT1,RYR1,CRHBP,ITPKB,GDI1,WNT5A,NEDD4,PRKAA2,MEF2C,PPP3CA,DMTN,ADCY1,PRKAA1,CAMK2D,PKD2,HNRNPD,PTK2B,ITPR3,KCNB1,RYR3,AANAT,SYT6,SYT10,SYT9,KCNMB4,SYT12,NLGN1,SYT8,RYR2,LGMN,P2RX7,SYT3,SYT15,SYT11,MCOLN1,SYT4,NRXN1"
"GO:BP","toll-like receptor signaling pathway","GO:0002224","4.474269560281056e-19","18.349277854612204","75","1691","36","21017","AP3B1,TLR4,TLR3,PDPK1,IRAK2,BCL10,ESR1,NLRP2B,IRF1,CD36,ARRB2,IRAK1,TIRAP,NLRP6,PRKCE,BTK,TYRO3,TRAF3,GPS2,TNIP1,IRF4,SARM1,SCIMP,TICAM2,TICAM1,CD300LF,CACTIN,SMPDL3B,GFI1,LGR4,TLR9,CD274,NFKBIL1,CD300A,IRAK3,LY96"
"GO:BP","signal transduction in absence of ligand","GO:0038034","4.873184954941231e-19","18.312187105264293","71","1691","35","21017","BCL2L11,FOXO3,SNAI2,TNF,IL1B,COL2A1,PF4,CSF2,IL4,ITGAV,INHBA,HSPA1A,BCL2,NF1,KITLG,ERBB3,FAS,PPP2R1A,AKT1,PRDX2,CTNNA1,GDNF,CASP2,GSK3A,GSK3B,PPP1CA,CX3CL1,NRG1,BAX,BCL2L1,FADD,MAP2K5,MAPK7,BAD,BOK"
"GO:BP","cellular response to monosaccharide stimulus","GO:0071326","5.349218673571369e-19","18.271709647985666","153","1691","52","21017","UNC13B,OGT,FOXO3,BAIAP3,TGFB1,ICAM1,CRH,TH,GPX1,ADRA2A,PPP3CB,PRKACA,NR1D1,SRI,SERPINF1,OPRK1,LEP,SMARCA4,PRKAA2,UCP2,VSNL1,RACK1,FKBP1B,SMAD3,PRKCE,SOX4,PPARA,PPP3CA,ABCC8,PRKAA1,GAS6,KCNJ11,KCNB1,AGER,GPR68,HIF1A,PTPRN,PIM3,NDUFAF2,JAGN1,PTPRN2,BAD,CPB2,NR1H4,GPER1,RBM4,RAB11FIP5,ENY2,PLCB1,GHRL,FOXA2,IRS2"
"GO:BP","oogenesis","GO:0048477","5.927287403539856e-19","18.227144014089596","112","1691","44","21017","MEIOC,BMPR1B,EREG,AURKA,FOXO3,PDE5A,REC8,ANG,AMH,IGF1,EDN1,ERCC1,INHBB,WEE2,BCL2,SRC,NPR2,PTN,ZP3,NPPC,PPP2R1A,CDC25B,AKT1,CTNNB1,BRCA2,WNT4,FOXL2,ATM,PTK2B,DMC1,IHH,RPS6KA2,SHB,TRIP13,MAJIN,SOHLH1,STRA8,GPR149,METTL3,HORMAD1,PIWIL2,FBXO5,SPO11,DMRT1"
"GO:BP","response to nutrient","GO:0007584","6.187204071343556e-19","18.208505559493688","170","1691","55","21017","TNFRSF11B,OGT,CYP27B1,SNAI2,STC2,EGFR,TGFB1,LTA,EPO,CXCL10,CAT,SOD2,TYMS,PRKCB,FABP1,GPX1,ERCC1,F7,RARA,SPP1,PIM1,TYR,NQO1,BMP7,CNR1,SLC6A4,PTGS2,SREBF1,PPARG,LEP,STAT1,MTOR,MAP1B,CPT1A,STC1,CDKN2D,FKBP1B,PPARA,TRIM25,GAS6,NCOA1,ADIPOQ,CYP1B1,SFRP1,TPCN2,KAT2B,SFRP2,NR1H4,PRMT1,BRIP1,FGF23,ABCG8,ABCG5,CCL28,FOXA2"
"GO:BP","B cell differentiation","GO:0030183","6.379778974381981e-19","18.195194367026332","159","1691","53","21017","FZD9,DLL1,ABL1,ADA,IFNA2,IFNB1,TP53,INHA,IL4,SLC25A5,IL6,INHBA,PTPRC,BCL2,KIT,CD19,PTPN2,CR1,IL11,IL10,CD27,PIK3R1,PTPN6,BCL6,MSH2,MMP14,STAT5B,JAK3,CEBPG,HDAC4,PRKDC,ID2,IRF8,TOP2B,BTK,ZFP36L1,BAX,EP300,PTPRJ,GPS2,ATM,PTK2B,EZH2,ADGRG3,SFRP1,LFNG,INPP5D,BAD,IL21,CYLD,TLR9,PLCL2,HDAC5"
"GO:BP","positive regulation of protein-containing complex assembly","GO:0031334","6.664174137866445e-19","18.176253663142926","199","1691","60","21017","TLR4,DDX3X,CCL21,UNC13B,BCL2L11,CXCL13,BAG4,TGFB1,TNF,IFNG,CSF2,TP53,ISG15,HSPA1A,MAPT,SRC,VEGFA,ALOX15,FER,CD36,CCR7,PFN2,ARL2,SNCA,MTOR,MAPK8,MAPK9,CDKN1B,MAP1B,GSK3B,TERF1,NR1H2,CAV3,TIRAP,ARF6,SUMO1,RACK1,PPP2CA,PRKCE,NRG1,BTK,BAX,DLG1,PAK1,ATM,DCTN1,PTK2B,CDK5R1,PRKD1,DAB2IP,PSRC1,MAVS,CLASP1,CRBN,PARK7,GNL3L,EVL,PYCARD,FAF1,PTPN22"
"GO:BP","negative regulation of cytokine-mediated signaling pathway","GO:0001960","6.700144610746122e-19","18.173915823721366","80","1691","37","21017","NOL3,SLIT3,SLIT2,APOA1,ISG15,IL6,PTPRC,GSTP1,NLRP2B,CCL5,PTPN2,IL1R2,PPARG,NR1H2,F2RL1,NR1H3,GPS2,GAS6,ADIPOQ,PYDC2,MAVS,METTL3,NLRC5,PIAS4,ZNF675,CACTIN,PYDC1,PXDN,MUL1,NR1H4,CYLD,IL36RN,RABGEF1,STAP1,PADI2,IRAK3,ROBO1"
"GO:BP","kidney epithelium development","GO:0072073","7.412459921834675e-19","18.130037641792686","154","1691","52","21017","DLL1,SMAD7,SPRY1,GREM1,SLIT2,WNT11,MYC,TGFB1,CAT,EDN1,FGF2,TACSTD2,RARA,BCL2,BMP4,LIF,VEGFA,BMP7,WT1,EDNRB,CD34,SDC4,CTNNB1,HNF1B,GDNF,STAT1,NOTCH1,SOX9,GPC3,WNT4,SMAD3,PKD1,MEF2C,DLG1,NOG,ILK,PKD2,HES1,SHH,ADIPOQ,MAGI2,SFRP1,OSR1,FOXJ1,WNK4,CITED1,LZTS2,LGR4,WWTR1,HEYL,CTNNBIP1,MAGED1"
"GO:BP","regulation of calcium ion transmembrane transporter activity","GO:1901019","9.208631113154623e-19","18.035804924003813","68","1691","34","21017","SLN,GNB5,CASQ2,CLIC2,ADRA2A,DMD,DRD2,PRKACA,DRD4,HRC,PLN,GSTM2,NOS1,SRI,CASQ1,HTT,HAP1,CAV3,FKBP1A,FKBP1B,GSTO1,ANK2,FMR1,AKAP6,TRDN,CAMK2D,PKD2,CBARP,JPH3,RYR2,JPH2,GPR35,TLR9,UBQLN1"
"GO:BP","regulation of cation channel activity","GO:2001257","1.061900033690312e-18","17.973916365420394","99","1691","41","21017","GNB5,CASQ2,CLIC2,EPO,EDN1,DMD,DRD2,KCNE1,PRKACA,DRD4,GAL,HRC,GSTM2,NOS1,SRI,CASQ1,ACTN2,HTT,HAP1,FGF12,FKBP1A,VAMP2,SUMO1,FKBP1B,GSTO1,ANK2,FMR1,ANK3,DLG1,AKAP6,TRDN,CAMK2D,PKD2,KCNAB1,CBARP,KCNRG,JPH3,JPH2,GPR35,KCNE5,UBQLN1"
"GO:BP","smooth muscle contraction","GO:0006939","1.1870784062502465e-18","17.925520595049402","104","1691","42","21017","APBB1,ROCK2,SOD1,ADA,EDN1,ADRB2,ADRA2A,KIT,EDN3,DRD2,CHRNB2,ADRA2B,ADRA2C,TACR2,DRD1,EDNRB,F2R,HTR1D,HTR2A,CD38,OXTR,CHRNB4,CHRNA3,SLC8A1,HTR7,PTGS2,GDNF,HTR2B,PTGER3,FKBP1B,ABAT,DLG1,PRKG1,SULF1,TRPV1,TPCN2,APBB2,GPER1,SPX,BBS2,PROK2,GHRL"
"GO:BP","negative regulation of binding","GO:0051100","1.1870784062502465e-18","17.925520595049402","104","1691","42","21017","SLN,ITGB1BP1,AURKA,KDM1A,PEX14,TNKS,HAND1,PDGFB,SLPI,JUN,IFIT1,ATP2A2,IL10,SP100,PLN,AKT1,SOX11,MAPK8,HMGA2,TMBIM6,B2M,SUMO1,RACK1,DAB2,PRKCD,BAX,NOG,ADAM15,PIN1,ADIPOQ,IFI16,HFE,LRRK2,ZFPM1,ZNF675,ERCC4,PARK7,MDFI,GTPBP4,CTNNBIP1,GNL3L,MAD2L2"
"GO:BP","regulation of muscle contraction","GO:0006937","1.194597001538e-18","17.92277857967528","161","1691","53","21017","CASQ2,SMAD7,CLIC2,PDE5A,BMP10,SOD1,ADA,EDN1,ENO1,ADRB2,ADRA2A,TPM1,CHGA,KIT,MYL2,DMD,ATP2A2,PRKACA,ADRA2B,ADRA2C,TACR2,HRC,F2R,PLN,GSTM2,NOS1,ADORA1,OXTR,SRI,CHRNB4,CASQ1,CHRNA3,SLC8A1,PTGS2,STC1,HDAC4,CAV3,FKBP1B,GSTO1,ABAT,ANK2,PDE4D,DLG1,CAMK2D,PRKG1,PRKD1,ZC3H12A,RYR2,GPER1,PKP2,SPX,PROK2,GHRL"
"GO:BP","positive regulation of adaptive immune response","GO:0002821","1.2434689099576801e-18","17.905365068779744","129","1691","47","21017","ADA,TGFB1,LTA,TNF,IL1B,IL4,IL6,FCER2,CD55,PTPRC,HLA-E,PVR,HLA-G,ZP3,TNFSF4,IL12A,IL12B,CCR2,STAT6,MSH2,XCL1,B2M,BTK,FADD,SLAMF1,MICB,HFE,IL23R,RAET1L,RAET1G,IL27RA,NFKBID,RAET1E,RSAD2,NECTIN2,SIRT1,NLRP3,P2RX7,ULBP3,ULBP2,ULBP1,FOXP3,IL23A,CD274,EIF2AK4,MAD2L2,PYCARD"
"GO:BP","regulation of receptor-mediated endocytosis","GO:0048259","1.27145279185772e-18","17.89569976023566","109","1691","43","21017","WASL,SDCBP,CCL21,LRRTM2,GREM1,EGF,APOC1,APOC2,ITGB3,IL4,SERPINE1,ITGAV,CD63,DRD2,VEGFA,DRD4,ARRB2,ARRB1,NUMB,PPT1,WNT3A,B2M,ARF6,DLG4,DAB2,NRG1,FMR1,TNK2,UNC119,PICALM,MTMR2,SCRIB,ANGPT1,ADIPOQ,HFE,SFRP4,LRRTM1,MAGI2,DTNBP1,ATXN2,CCL19,UBQLN2,RABGEF1"
"GO:BP","osteoclast differentiation","GO:0030316","1.27145279185772e-18","17.89569976023566","109","1691","43","21017","TLR4,TNFRSF11B,TLR3,LILRB3,MITF,FSTL3,TGFB1,FSHB,TNF,IFNG,LTF,IL4,CCL3,IAPP,SRC,CREB1,CEBPB,NF1,FSHR,PIK3R1,IL12B,CTNNB1,FBN1,MTOR,GPC3,CLDN18,PPP3CA,KLF10,TOB2,GPR68,CARTPT,IL23R,SFRP1,TMEM178A,LILRB4,ZNF675,UBASH3B,INPP5D,DCSTAMP,IL23A,GPR55,MAFB,TNFRSF11A"
"GO:BP","acute inflammatory response","GO:0002526","1.27145279185772e-18","17.89569976023566","109","1691","43","21017","C2CD4B,PLSCR1,F2,HP,F12,INS,TNF,IL1B,EPO,APCS,FN1,KLKB1,IL4,IL6,ELANE,SERPINF2,GSTP1,MBL2,OSM,HLA-E,SPN,CEBPB,LBP,CNR1,ZP3,TNFSF4,EDNRB,ADORA1,CCR7,PTGS2,PPARG,PTGER3,NLRP6,BTK,NPY5R,IL20RB,TRPV1,IL31RA,NLRP3,PARK7,CTNNBIP1,PLA2G2D,TNFRSF11A"
"GO:BP","positive regulation of smooth muscle cell proliferation","GO:0048661","1.507319790109025e-18","17.821794598816034","86","1691","38","21017","TLR4,EREG,EGFR,PDGFB,TGFB1,TNF,IGF1,ITGB3,IL6,EDN1,JUN,THBS1,ELANE,SERPINF2,FGF2,HMOX1,BMP4,SRC,CCL5,GJA1,NF1,IL10,IGFBP5,PIK3R1,HTR1B,AKT1,IL13,PHB,PTGS2,BMPR1A,STAT1,IRAK1,AIF1,CX3CL1,ID2,HDAC1,NPY5R,ADAMTS1"
"GO:BP","placenta development","GO:0001890","1.631131877293014e-18","17.787510924756603","151","1691","51","21017","CYP27B1,SPINT2,PRDM1,STC2,SNAI1,HAND1,SOD1,EGFR,PLG,ADA,PDGFB,ANG,CSF2,HSP90AB1,PARP1,SPP1,LIF,CEBPB,BMP7,PTN,BMP5,IL10,GATA2,PRDX3,AKT1,PTGS2,PPARG,LEP,CDKN1B,STC1,PKD1,PPARD,PTK2,ZFP36L1,STK4,STK3,TRIM28,PKD2,BMPR2,HES1,NCOA1,HIF1A,VASH1,HTRA1,NODAL,RBM15,MDFI,CITED1,CITED2,EGLN1,GHRL"
"GO:BP","positive regulation of hydrolase activity","GO:0051345","1.661468740573441e-18","17.779507825269516","239","1691","66","21017","CLDN4,GNB5,AIM2,TAX1BP3,PDPK1,CXCL13,ROCK2,RASGRP1,APC2,WNT11,HRAS,IFNG,APOA1,APOC2,APOH,ANG,THY1,SEMG1,LYN,ADRB1,CTSH,HSPA1A,BCR,CCL5,CR1,ADCYAP1,NF1,EPHA1,FGFR3,PRTN3,F2R,AKT1,STAT3,CD200,RANGAP1,GSK3B,NR1H2,F2RL1,RAP1A,RACK1,SEMG2,PRKCD,MEF2C,ABR,NR1H3,FADD,PICALM,PIN1,SCRIB,RAB3GAP1,AGER,EZH2,NTRK3,IFI16,USP17L2,SFRP1,ARAP3,SEMA4D,BAD,FOXJ1,LGMN,CCL19,RTN4R,NDUFA13,CORO1C,PYCARD"
"GO:BP","regulation of protein import into nucleus","GO:0042306","1.6616574838442482e-18","17.77945849210817","61","1691","32","21017","IPO5,HDAC3,TGFB1,IFNG,APOD,TPR,BMP4,CD36,NF1,PIK3R1,PTGS2,LEP,PKIA,SUMO1,SMAD3,PRKCD,EP300,HYAL2,TARDBP,TRIM28,PRKD1,ANGPT1,SHH,ZC3H12A,MAVS,CHP1,CABP1,MDFIC,RAB23,SUFU,PKIG,PTPN22"
"GO:BP","tube formation","GO:0035148","1.864866359877056e-18","17.729352285167632","146","1691","50","21017","ITGB1BP1,SPINT2,BCL2L11,FZD6,GREM1,BCL10,HAND1,ABL1,EGF,TGFB1,FGF2,RARA,BMP4,VEGFA,PRKACA,BMP7,BMP5,PRKACB,SDC4,CTNNB1,HNF1B,GDNF,WNT5A,CASP3,NOTCH1,SOX9,WNT4,TGFB2,STK4,STK3,NOG,SCRIB,SHH,TWIST1,HIF1A,DAB2IP,SFRP1,OSR1,PROX1,EDA,SFRP2,DLC1,BBS4,NODAL,CITED2,FUZ,SEMA4C,MMRN2,SUFU,EDAR"
"GO:BP","myeloid leukocyte cytokine production","GO:0061082","1.9549065760714435e-18","17.708873992470735","50","1691","29","21017","TLR4,TLR3,SEMA7A,BCL10,TGFB1,CD74,TGFB3,KIT,MIF,CD36,HLA-G,AXL,BCL6,WNT5A,TGFB2,TWIST1,MAVS,NLRX1,TICAM2,TICAM1,SIRT1,P2RX7,LITAF,CUEDC2,RTN4,RABGEF1,PYCARD,UBE2J1,IRAK3"
"GO:BP","positive regulation of peptide secretion","GO:0002793","1.955478693893335e-18","17.708746911583475","115","1691","44","21017","BAIAP3,EGFR,F2,SPINK1,GHRH,INS,FGA,FGB,FGG,RBP4,PRKCB,CRH,PRKAR1A,DRD2,PPP3CB,PRKACA,ADCYAP1,TRH,CD38,GNA11,ADORA1,SRI,SNAP25,VSNL1,ABAT,PRKCE,GHRHR,SOX4,ABCC8,TARDBP,DOC2B,ITPR1,PRKD1,GPR68,HIF1A,HFE,FFAR4,BAD,NR1H4,GPER1,PLCB1,TCF7L2,GHRL,IRS2"
"GO:BP","negative regulation of catabolic process","GO:0009895","1.989747077595207e-18","17.701202124487615","352","1691","83","21017","MEIOC,OGT,SNX3,CIDEA,NCOR1,EGFR,HP,TIMP1,INS,TNF,IL1B,APOA2,APOC1,HMGCR,TP53,PRKCG,SERPINE2,HNRNPC,HSP90AB1,ADRA2A,FBP1,HMOX1,BCL2,TRIM27,NQO1,PRKACA,CNR1,IL10,MT3,ZFP36,PML,ADORA1,AKT1,NOS2,PHB,SNCA,GDNF,STAT3,LEP,MTOR,CDKN2A,BAG6,GSK3A,HDAC4,TIRAP,PPP2CA,CSNK2A1,SMAD3,HNRNPU,FMR1,BCL2L1,PPARA,DHX9,EP300,PRKAA1,TARDBP,PIN1,MTMR2,HNRNPD,SHH,RGN,HFE,LRRK2,DAB2IP,TRIM40,CCAR2,FLCN,RUBCN,USP7,CDK5RAP3,VPS35,PARK7,TIMP4,WNK1,RNF41,MAD2L2,NOCT,SUFU,SNX12,PTPN22,AXIN2,THRAP3,IRAK3"
"GO:BP","protein autophosphorylation","GO:0046777","2.3316354429703077e-18","17.632339351632986","186","1691","57","21017","DDX3X,AURKA,PDPK1,GREM1,NBN,OXSR1,ABL1,EGFR,PDGFB,INS,PDGFA,LCK,LYN,PTPRC,KIT,PIM1,SRC,VEGFA,PDGFRA,FER,EIF2AK2,EPHA1,ENPP1,AKT1,ACVR1B,MTOR,GSK3B,IRAK1,SIK1,NLRP12,RAP2B,NRG1,MAP3K10,PTK2,TYRO3,STK4,PAK1,ATM,TNK1,CAMK2D,DYRK1A,PTK2B,GPNMB,PRKD1,STK11,ADIPOQ,NTRK2,LRRK2,ULK2,RAD50,CHP1,WNK3,EIF2AK4,STK39,CAMK2A,RAP2C,STK24"
"GO:BP","intracellular glucose homeostasis","GO:0001678","2.4792892266967883e-18","17.605672806741044","169","1691","54","21017","STXBP3,UNC13B,OGT,FOXO3,BAIAP3,TGFB1,ICAM1,CRH,TH,GPX1,ADRA2A,PPP3CB,PRKACA,NR1D1,PIK3R1,SRI,SERPINF1,OPRK1,SMARCA4,PRKAA2,UCP2,VSNL1,RACK1,FKBP1B,SMAD3,PRKCE,SOX4,PPP3CA,ABCC8,PRKAA1,GAS6,KCNJ11,KCNB1,AGER,GPR68,CARTPT,HIF1A,PTPRN,PIM3,NDUFAF2,JAGN1,PTPRN2,BAD,SIRT1,CPB2,NR1H4,GPER1,RBM4,RAB11FIP5,ENY2,PPARGC1A,GHRL,FOXA2,IRS2"
"GO:BP","positive regulation of supramolecular fiber organization","GO:1902905","2.7208036121790402e-18","17.565302804499186","175","1691","55","21017","CCL21,ITGB1BP1,NRP1,ROCK2,BMP10,BAG4,WNT11,ABL1,APOA1,APOE,EDN1,RB1,GPX1,SERPINF2,TPM1,HSPA1A,TGFB3,MAPT,TRIM27,BRAF,ALOX15,FER,EPHA1,SDC4,CCR7,PFN2,NF2,ACTN2,ARL2,MTOR,CDKN1B,MAP1B,F2RL1,CAV3,WNT4,ARF6,CX3CL1,SMAD3,PRKCE,DLG1,PAK1,SEMA5A,DCTN1,PTK2B,CDK5R1,PRKD1,AMOT,PSRC1,CLASP1,SFRP1,PROX1,RGCC,EVL,MAGEL2,PYCARD"
"GO:BP","cellular response to interleukin-1","GO:0071347","2.740182695624357e-18","17.562220480589673","106","1691","42","21017","ACOD1,CCL21,CCL25,IRAK2,IL1B,FGB,FGG,IL6,EDN1,INHBB,CCL3,CCL4,CCL2,CCL5,EGR1,NFKB1,NR1D1,NFKBIA,IL1R2,GBP1,XCL1,SOX9,CAMP,IRAK1,CX3CL1,HYAL1,HYAL2,HES1,MAPK11,HIF1A,ZC3H12A,RC3H1,DAB2IP,SFRP1,ZNF675,CACTIN,HAS2,CCL19,NKX3-1,PLCB1,PYCARD,IRAK3"
"GO:BP","cardiac ventricle morphogenesis","GO:0003208","2.9272933333624094e-18","17.53353375632342","70","1691","34","21017","SMAD7,FOXH1,BMP10,HAND1,TGFB1,TPM1,MYL2,COL11A1,ENG,BMPR1A,TGFBR2,NOTCH1,NPY2R,GSK3A,NAGLU,TGFB2,FKBP1A,NRG1,MEF2C,SOX4,FOXF1,NOG,NPY5R,HIF1A,ZFPM2,RYR2,PROX1,SFRP2,TBX5,PKP2,SEMA3C,HEYL,DLL4,CHD7"
"GO:BP","endothelial cell apoptotic process","GO:0072577","2.9285360073678973e-18","17.533349431801618","58","1691","31","21017","KRIT1,PDPK1,FOXO3,ABL1,TGFB1,TNF,FGA,FGB,FGG,ITGB3,IL4,SERPINE1,ICAM1,THBS1,CCL2,BRAF,HLA-G,PLCG1,TNFAIP3,IL10,GATA2,IL13,MAPK7,SEMA5A,BMPR2,GAS6,ANGPT1,NFE2L2,DAB2IP,GPER1,RGCC"
"GO:BP","positive regulation of cell growth","GO:0030307","2.9894800941702936e-18","17.524404334038707","164","1691","53","21017","SDCBP,DDX3X,NRP1,SMAD7,PARK2,SEMA7A,PSMD10,NTN1,EGFR,F2,INS,FN1,ERBB2,IGF1,EDN1,BCL2,MAPT,VEGFA,SYT1,CD38,GDI1,AKT1,MTOR,MAP1B,CXCL12,MMP14,WNT3,WNT3A,TGFB2,CSNK2A1,NRG1,HYAL1,AKAP6,TRIM32,MAP2K5,SEMA5A,BMPR2,PTK2B,RIMS1,SFRP1,SEMA4D,MUL1,SFRP2,NEDD4L,CIB1,SYT3,DERL2,BCL11A,SYT4,ADNP,CDKN2AIP,ZNF639,UNC13A"
"GO:BP","positive regulation of calcium ion transmembrane transport","GO:1904427","3.0778708214009373e-18","17.511749611512347","83","1691","37","21017","PDPK1,ABL1,F2,CXCL10,THY1,G6PD,CD19,PPP3CB,PLCG1,CAPN3,DRD1,F2R,GSTM2,SRI,NTSR1,CASQ1,IL13,SNCA,HTT,BDKRB1,XCL1,HAP1,GSTO1,CX3CL1,ANK2,CXCL9,BAX,PPP3CA,AKAP6,TRDN,PKD2,NPSR1,RYR2,GPER1,P2RX7,JPH2,LACRT"
"GO:BP","muscle cell differentiation","GO:0042692","3.2742959897548046e-18","17.484882063804086","397","1691","89","21017","MEIS1,DLL1,EREG,HDAC3,TNFSF14,KDM1A,GREM1,BMP10,PDGFB,TGFB1,CXCL10,SOD2,IGF1,IL4,EDN1,RB1,GPX1,TPM1,RARA,BCL2,PRKAR1A,KIT,MYL2,G6PD,DMD,BMP4,MYF5,VEGFA,PDGFRA,PPP3CB,ATP2A2,ENG,WT1,CAPN3,RYR1,KEL,IL4R,EDNRB,IGFBP5,MSX1,NOS1,CASQ1,AKT1,ARRB2,SLC8A1,CTNNB1,ACTN2,BMPR1A,MTOR,CASP3,NOTCH1,SOX9,NOV,GSK3A,MMP14,NAGLU,HDAC4,CAV3,WNT3A,WNT4,SIK1,HNRNPU,ANK2,NRG1,ID2,MEF2C,CXCL9,PPARA,PPP3CA,FOXF1,AKAP6,TRIM32,BMPR2,PRKG1,HES1,PRKD1,SHH,MAPK11,EZH2,PROX1,SIRT1,SCGB3A1,GPER1,TBX5,RBM4,SEMA4C,BHLHE41,HDAC5,CTDP1"
"GO:BP","adaptive thermogenesis","GO:1990845","3.3229284521543198e-18","17.478479009659928","170","1691","54","21017","TLR4,SLN,OGT,HDAC3,HCRT,KDM1A,CIDEA,OXT,IL4,SLC25A5,RB1,ADRB2,ADRB1,THRA,ADRB3,VEGFA,CD36,GJA1,CEBPB,ADCYAP1,ATF4,NR1D1,IL4R,OXTR,IL13,ID1,LEP,CCR2,STAT6,NOTCH1,SMARCA4,MAP2K6,NR1H2,UCP2,HNRNPU,NR1H3,GRB10,IRF4,STK11,ADIPOQ,HADH,FFAR4,BMP8A,ADIPOR2,TRPV1,FLCN,ADIPOR1,ARRDC3,ABHD6,LGR4,PLAC8,PPARGC1A,GHRL,PLCL2"
"GO:BP","regulation of phagocytosis","GO:0050764","3.476217355892652e-18","17.458893076436954","97","1691","40","21017","FCN1,PLSCR1,SYT7,SNX3,FCN3,SOD1,TGFB1,IFNG,APOA1,APOA2,PRKCG,ITGAV,PTPRC,HMGB1,MBL2,BCR,CCL2,ALOX15,CD36,AZU1,GATA2,PRTN3,FCER1G,SFTPD,PPARG,CSK,RAB27A,F2RL1,RACK1,BTK,MERTK,PTPRJ,GAS6,ADIPOQ,CD300LF,SYT11,ATG3,CD300A,STAP1,PYCARD"
"GO:BP","nephron development","GO:0072006","3.573521862114576e-18","17.446903556625166","159","1691","52","21017","DLL1,GREM1,WNT11,MYC,PDGFB,TGFB1,ITGB3,EDN1,FGF2,TACSTD2,BCL2,BMP4,LIF,VEGFA,PDGFRA,BMP7,EGR1,WT1,COMT,EDNRB,CD34,CTNNB1,HNF1B,GDNF,STAT1,NOTCH1,SOX9,GPC3,WNT4,PKD1,MEF2C,PPP3CA,DLG1,NOG,ILK,PKD2,HES1,ANGPT1,SHH,ADIPOQ,MAGI2,SULF1,OSR1,FOXJ1,WNK4,CITED1,LZTS2,LGR4,WWTR1,HEYL,CTNNBIP1,MAGED1"
"GO:BP","positive regulation of angiogenesis","GO:0045766","4.0430904959713256e-18","17.393286537800353","165","1691","53","21017","DLL1,NRP1,TLR3,PDPK1,KLF4,GREM1,ABL1,IL1B,ITGB3,SERPINE1,PRKCB,THBS1,FGF2,HMOX1,CTSH,ETS1,HTN1,VEGFA,ENG,PLCG1,EPHA1,IL10,GATA2,CD34,NOS3,TIE1,ACVRL1,TGFBR2,STAT3,WNT5A,CX3CR1,CAMP,HMGA2,EMP2,RHOB,HYAL1,SEMA5A,PTK2B,PRKD1,TWIST1,NFE2L2,HIF1A,CYP1B1,ZC3H12A,PIK3R6,SIRT1,SFRP2,NODAL,WNK1,RTN4,GHRL,GDF2,ANGPT4"
"GO:BP","bone remodeling","GO:0046849","4.717758298397033e-18","17.326264312785163","93","1691","39","21017","TNFRSF11B,SYT7,GREM1,MITF,EGFR,FSHB,ITGB3,IL6,ADRB2,SPP1,IAPP,SRC,GJA1,TPH1,PTN,NF1,TNFAIP3,FSHR,HTR1B,CD38,CTNNB1,LEP,CSK,RAB7A,CLDN18,HAMP,PTK2B,IHH,CARTPT,SFRP1,ZNF675,UBASH3B,P3H4,INPP5D,P2RX7,LGR4,DCSTAMP,GPR55,TNFRSF11A"
"GO:BP","positive regulation of cell cycle","GO:0045787","4.867703927907425e-18","17.31267584506531","343","1691","81","21017","MEIOC,DDX3X,OVOL1,EREG,AURKA,PLSCR1,RAD51B,RAD51C,BCL2L11,XRCC3,ROCK2,VPS4B,USP2,PSMD10,ABL1,EGFR,PDGFB,EGF,TGFB1,INS,TNF,IL1B,ANXA1,IGF1,EDN1,RB1,RARA,CDK4,TPR,EDN3,DRD2,TRIM21,NPR2,IL10,MSX1,CDC25B,SLC6A4,AKT1,RDX,DRD3,MSX2,WNT5A,DUSP3,BRCA2,STAT5B,HSPA2,AIF1,WNT4,TGFB2,UBE2B,HNRNPU,PRKCE,PTPN11,HYAL1,TRIM32,CUL4A,HES1,ESPL1,SHB,EZH2,CDC73,PSRC1,STRA8,PAF1,LFNG,PIWIL2,PROX1,KAT2B,LGMN,PHB2,NKX3-1,CITED2,WNK1,RGCC,PLCB1,RCC2,ADAMTS1,FBXO5,CHMP3,DMRT1,MAD1L1"
"GO:BP","positive regulation of peptide hormone secretion","GO:0090277","6.2873989180999345e-18","17.20152898398998","113","1691","43","21017","BAIAP3,EGFR,F2,SPINK1,GHRH,INS,FGA,FGB,FGG,RBP4,PRKCB,CRH,PRKAR1A,DRD2,PPP3CB,PRKACA,ADCYAP1,TRH,CD38,GNA11,SRI,SNAP25,VSNL1,ABAT,PRKCE,GHRHR,SOX4,ABCC8,TARDBP,DOC2B,ITPR1,PRKD1,GPR68,HIF1A,HFE,FFAR4,BAD,NR1H4,GPER1,PLCB1,TCF7L2,GHRL,IRS2"
"GO:BP","regulation of organ growth","GO:0046620","6.2873989180999345e-18","17.20152898398998","89","1691","38","21017","TP73,BCL2L11,KCNK2,BMP10,SOD1,RBP4,IGF1,EDN1,FGF2,PIM1,G6PD,WT1,SLC6A4,AKT1,BMPR1A,NOTCH1,GSK3A,CAV3,PTEN,NRG1,MEF2C,PPARA,AKAP6,STK4,STK3,NOG,HLX,MAPK11,WWC2,WWC1,ZFPM2,PROX1,MAEL,TBX5,CITED2,SAV1,WWC3,CTDP1"
"GO:BP","hormone-mediated signaling pathway","GO:0009755","6.438434172812345e-18","17.191219740216614","226","1691","63","21017","AGRP,CYP27B1,PER1,SNAI2,KDM1A,NCOR1,FOXH1,UFL1,PRL,ESR1,CRH,PARP1,RARA,THRA,PIM1,SRC,NR1D1,TRH,SP100,FSHR,CRHBP,PML,DNAJA1,PHB,PPARG,HNF4A,ASIP,NEDD4,SMARCA4,NR0B1,NR1H2,PRMT2,DEFA3,OSTN,DAB2,GHRHR,PPARD,PTPN11,PPARA,EP300,NR1H3,PAK1,NR5A1,HDAC1,NR1D2,NCOA1,EZH2,PKN1,CRY1,ADIPOR2,SFRP1,ESR2,ADIPOR1,SIRT1,NODAL,PARK7,GPER1,PHB2,NKX3-1,HEYL,GHRL,RNF6,PADI2"
"GO:BP","nuclear transport","GO:0051169","6.7874339868883e-18","17.16829438123655","331","1691","79","21017","IPO5,HDAC3,IL33,TGFB1,IFNG,IL1B,TP53,APOD,HNRNPA1,TXN,EGR2,TPR,BMP4,CD36,PRKACA,NF1,DRD1,SP100,NFKBIA,PIK3R1,PML,AKT1,PTGS2,PPM1A,PPP1CC,HSPA9,STAT3,LEP,CDKN2A,RANGAP1,CDKN1B,NOTCH1,NEDD4,GSK3B,EMD,PKIA,SUMO1,SMAD3,PKD1,CDK5,PRKCD,PTPN11,FMR1,PPP3CA,DHX9,EP300,HYAL2,STK4,TARDBP,STK3,TRIM28,SQSTM1,GAS6,PRKD1,ANGPT1,SHH,ZC3H12A,LRRK2,MAVS,SMG6,ANKLE1,THOC1,PARK7,PHB2,CHP1,BARD1,CITED1,LZTS2,NDC1,RBM4,WNK1,ENY2,CABP1,MDFIC,ING1,RAB23,SUFU,PKIG,PTPN22"
"GO:BP","nucleocytoplasmic transport","GO:0006913","6.7874339868883e-18","17.16829438123655","331","1691","79","21017","IPO5,HDAC3,IL33,TGFB1,IFNG,IL1B,TP53,APOD,HNRNPA1,TXN,EGR2,TPR,BMP4,CD36,PRKACA,NF1,DRD1,SP100,NFKBIA,PIK3R1,PML,AKT1,PTGS2,PPM1A,PPP1CC,HSPA9,STAT3,LEP,CDKN2A,RANGAP1,CDKN1B,NOTCH1,NEDD4,GSK3B,EMD,PKIA,SUMO1,SMAD3,PKD1,CDK5,PRKCD,PTPN11,FMR1,PPP3CA,DHX9,EP300,HYAL2,STK4,TARDBP,STK3,TRIM28,SQSTM1,GAS6,PRKD1,ANGPT1,SHH,ZC3H12A,LRRK2,MAVS,SMG6,ANKLE1,THOC1,PARK7,PHB2,CHP1,BARD1,CITED1,LZTS2,NDC1,RBM4,WNK1,ENY2,CABP1,MDFIC,ING1,RAB23,SUFU,PKIG,PTPN22"
"GO:BP","regulation of potassium ion transport","GO:0043266","7.389191028451044e-18","17.131403105733863","94","1691","39","21017","WWP2,CASQ2,HCRT,OXSR1,PRNP,ADRA2A,CD63,EDN3,DRD2,KCNE1,ATF4,DRD1,GAL,KEL,HTR2A,NOS3,NOS1,ADORA1,DRD3,ACTN2,OPRK1,NEDD4,CAV3,VAMP2,SUMO1,ANK2,ABCC8,KCNH2,ANK3,DLG1,AKAP6,PTK2B,KCNAB1,KCNRG,WNK4,NEDD4L,STK39,KCNE5,CAB39"
"GO:BP","artery development","GO:0060840","8.897781904548077e-18","17.05071824354326","104","1691","41","21017","PDE2A,NRP1,SMAD7,FOXH1,PRDM1,WNT11,COL3A1,APOE,EDN1,EGR2,BMP4,VEGFA,ENG,NF1,COMT,BMPR1A,ACVRL1,TGFBR2,LEP,NOTCH1,NAGLU,TGFB2,SOX4,LRP1,FOXF1,NOG,PKD2,BMPR2,HES1,SHH,ARID2,ADGRF5,PROX1,NKX3-1,CITED2,RTN4,DLL4,CHD7,ADAMTS9,SUFU,ROBO1"
"GO:BP","negative regulation of small molecule metabolic process","GO:0062014","8.897781904548077e-18","17.05071824354326","104","1691","41","21017","CYP27B1,SNAI2,NCOR1,SNAI1,SOD1,INS,APOE,APOC1,TP53,FBP1,PARP1,CEACAM1,PRKACA,NFKB1,CNR1,BMP5,AKT1,CDA,STAT3,SOX9,GSK3A,HDAC4,WNT4,SIK1,PPP2CA,PPARA,EP300,REST,PRKG1,ADIPOQ,CRY1,PID1,FLCN,PIBF1,PROX1,USP7,SIRT1,GFI1,C1QTNF3,TCF7L2,SIRT4"
"GO:BP","activation of protein kinase activity","GO:0032147","8.897781904548077e-18","17.05071824354326","72","1691","34","21017","ITGB1BP1,TLR3,PDPK1,ABL1,INS,ANG,IGF1,ITGB3,IL4,ADRB2,ADRA2A,TXN,VEGFA,ADRA2B,ADRA2C,MT3,CHRNA3,PHB,TGFBR2,LEP,WNT5A,CD86,EMP2,TGFB2,NRG1,PRKCD,PTK2B,GAS6,ANGPT1,STK11,NTRK3,PIBF1,PARK7,PHB2"
"GO:BP","regulation of cytoplasmic pattern recognition receptor signaling pathway","GO:0039531","9.21430992518766e-18","17.035537184254476","109","1691","42","21017","TLR4,DDX3X,TSPAN6,HMGB1,PARP1,HSPA1A,SRC,CD36,EIF2AK2,TNFAIP3,AKT1,MAPK8,F2RL1,TIRAP,PPP2CA,PRKDC,BTK,C1QBP,PRKD1,TARBP2,OASL,TKFC,PYDC2,USP17L2,NLRC3,ZC3HAV1,MAVS,NLRX1,TAX1BP1,RSAD2,SEC14L1,RAB7B,DHX58,TRIM11,PELI1,ERBIN,TRIM31,TRIM15,RTN4,TLR9,UBQLN1,PTPN22"
"GO:BP","cellular response to hexose stimulus","GO:0071331","9.34050711311116e-18","17.0296295444929","151","1691","50","21017","UNC13B,OGT,FOXO3,BAIAP3,TGFB1,ICAM1,CRH,TH,GPX1,ADRA2A,PPP3CB,PRKACA,NR1D1,SRI,SERPINF1,OPRK1,SMARCA4,PRKAA2,UCP2,VSNL1,RACK1,FKBP1B,SMAD3,PRKCE,SOX4,PPARA,PPP3CA,ABCC8,PRKAA1,GAS6,KCNJ11,KCNB1,AGER,GPR68,HIF1A,PTPRN,PIM3,NDUFAF2,JAGN1,PTPRN2,BAD,CPB2,NR1H4,GPER1,RBM4,RAB11FIP5,ENY2,GHRL,FOXA2,IRS2"
"GO:BP","regulation of cold-induced thermogenesis","GO:0120161","9.34050711311116e-18","17.0296295444929","151","1691","50","21017","TLR4,SLN,OGT,HDAC3,HCRT,KDM1A,CIDEA,OXT,IL4,RB1,ADRB2,ADRB1,THRA,ADRB3,VEGFA,CD36,GJA1,CEBPB,ADCYAP1,ATF4,NR1D1,IL4R,OXTR,IL13,ID1,LEP,CCR2,STAT6,NOTCH1,SMARCA4,MAP2K6,NR1H2,UCP2,NR1H3,GRB10,IRF4,STK11,ADIPOQ,HADH,FFAR4,ADIPOR2,FLCN,ADIPOR1,ARRDC3,ABHD6,LGR4,PLAC8,PPARGC1A,GHRL,PLCL2"
"GO:BP","negative regulation of canonical NF-kappaB signal transduction","GO:0043124","9.904848005386579e-18","17.004152184530117","56","1691","30","21017","PER1,TSPAN6,CCDC22,PPM1B,ESR1,GSTP1,NR1D1,TNFAIP3,NFKBIA,ARRB2,PPM1A,STAT1,NLRP6,NLRP12,HDAC1,TNIP1,RHOH,ADIPOQ,ZC3H12A,DAB2IP,OTUD7B,NLRC3,NLRX1,TRIM59,LILRB4,CACTIN,SIRT1,NR1H4,NFKBIL1,PYCARD"
"GO:BP","negative regulation of DNA metabolic process","GO:0051053","1.0181606140941408e-17","16.99218370695731","135","1691","47","21017","HCRT,NBN,KCNK2,TNKS,ABL1,TP53,HNRNPC,ERCC1,HNRNPA1,PARP1,SRC,XRCC5,MSH3,NPPC,PML,BCL6,MSH2,MSH6,HMGA2,TERF1,HNRNPU,ATM,RGN,TERF2,TWIST1,ADIPOQ,SMG6,ANKLE1,FLCN,RAD50,ERCC4,ACD,TINF2,NDFIP1,GTPBP4,FOXP3,TSPYL2,TNKS2,PIF1,GNL3L,TERF2IP,RTEL1,DACH1,MAD2L2,GDF2,FBXO5,TIMELESS"
"GO:BP","regulation of oxidoreductase activity","GO:0051341","1.0547338323409707e-17","16.976857123048635","64","1691","32","21017","CYP27B1,PARK2,DHFR,ABL1,HP,INS,TNF,IFNG,IL1B,APOE,EDN1,FCER2,ENG,NFKB1,CDH3,MT3,GCH1,AKT1,SNCA,GDNF,LEP,HTR2B,CAV3,ATP7A,TERF2,HIF1A,SZT2,PARK7,PHB2,GFI1,FGF23,SIRT4"
"GO:BP","respiratory system development","GO:0060541","1.089851506463826e-17","16.96263267115715","222","1691","62","21017","AP3B1,TP73,SPRY1,WNT11,EGFR,ADA,TGFB1,TNF,COL3A1,RBP4,PDGFA,CRH,FGF2,CTSH,RARA,TGFB3,THRA,BMP4,LIF,VEGFA,CREB1,PDGFRA,WT1,RAB3A,HOXA5,IGFBP5,MSX1,NOS3,CTNNB1,IL13,SFTPD,SOX11,BMPR1A,SREBF1,TGFBR2,WNT5A,NKX2-1,BAG6,NOTCH1,SOX9,MMP14,GPC3,CLDN18,PPP1CA,PKD1,ATP7A,EP300,FOXF1,NOG,BMPR2,HES1,SHH,PKDCC,ZFPM2,PROX1,EDA,FOXJ1,NODAL,TBX5,SAV1,CHD7,TIMELESS"
"GO:BP","biomineral tissue development","GO:0031214","1.1191674363194275e-17","16.95110493471398","180","1691","55","21017","FZD9,BMPR1B,ITGB1BP1,CYP27B1,GREM1,ROCK2,WNT11,TGFB1,LTF,IGF1,ISG15,ADRB2,MGP,SRGN,CCL3,SPP1,BMP4,HTN1,ALOX15,GJA1,CEBPB,BMP7,ATF4,PTN,ENPP1,FGFR3,NOS3,SLC8A1,PTGS2,MSX2,BMPR1A,LEP,NOTCH1,SOX9,GPC3,WNT4,SMAD3,ROR2,MEF2C,PPARA,KLF10,GPM6B,BMPR2,PTK2B,GAS6,TWIST1,HIF1A,PKDCC,OSR1,P2RX7,LGR4,FGF23,DUOX2,FBXO5,AXIN2"
"GO:BP","in utero embryonic development","GO:0001701","1.200848525561113e-17","16.920511770833393","412","1691","90","21017","RAD51B,HDAC3,SPINT2,KLF4,BCL2L11,XRCC2,NBN,PRDM1,SNAI1,HAND1,EGFR,PLG,ADA,PDGFB,COL3A1,CSF2,TP53,IGF1,EDN1,TGFB3,LIF,VEGFA,PDGFRA,GJA1,CEBPB,BMP7,PLCG1,ZP3,BMP5,IL10,GATA2,MSX1,NOS3,AKT1,CTNNB1,TIE1,HNF1B,PPP1CC,BMPR1A,ACVR1B,ACVRL1,TGFBR2,MSH2,NOTCH1,BRCA2,WNT3A,UBE2B,SMAD3,PKD1,ATP7A,GABPA,ZFP36L1,BCL2L1,FOXF1,STK4,STK3,NOG,TRIM28,PKD2,CUL4A,KEAP1,HES1,IHH,PTPRR,ANGPT1,TERF2,TWIST1,NCOA1,HIF1A,AMOT,NXN,OTUD7B,CTR9,VASH1,HORMAD1,ACVR1C,FLCN,ZFPM2,NODAL,MDFI,PRMT1,CITED1,CITED2,INPP5K,EGLN1,SOX17,CCNB1IP1,RTN4,CHD7,SLC30A1"
"GO:BP","humoral immune response","GO:0006959","1.2049932289300077e-17","16.91901539345973","254","1691","67","21017","ACOD1,FCN1,CXCL13,SH2D1A,PGLYRP1,FCN3,F2,C5,LTA,TNF,IFNA2,IFNB1,IFNG,IL1B,FGA,FGB,PF4,CXCL10,LTF,ANG,SLPI,C4BPA,HRG,KRT1,SEMG1,SERPING1,IL6,FCER2,CD55,ELANE,CTSG,PTPRC,BCL2,MBL2,DEFA4,CCL2,HLA-E,CD46,CR1,AZU1,C4BPB,ZP3,PRTN3,PTPN6,CCR7,PHB,RPS19,CCR2,NOTCH1,CAMP,DEFA3,S100A12,DEFA6,SEMG2,MEF2C,C1QBP,CXCL9,ZP4,SPNS2,FOXJ1,PGLYRP3,RGCC,BPIFA1,TREM1,SPINK5,IL36RN,VSIG4"
"GO:BP","positive regulation of Wnt signaling pathway","GO:0030177","1.2540163846766243e-17","16.901696789080933","141","1691","48","21017","FZD9,DDX3X,ZEB2,PPM1B,ATP6AP2,TNKS,RECK,ABL1,EGFR,EGF,TGFB1,FGF2,SRC,NFKB1,TNFAIP3,CDH3,PPM1A,WNT5A,SMARCA4,GPC3,WNT3,WNT3A,UBE2B,CSNK2A1,SMAD3,DAB2,SOX4,ILK,PIN1,SEMA5A,SHH,LRRK2,SFRP4,CAPRIN2,CDC73,NRARP,SULF1,CCAR2,SFRP1,EDA,NKD1,SFRP2,VPS35,CRBN,LGR4,TNKS2,ADNP,WNK1"
"GO:BP","outflow tract morphogenesis","GO:0003151","1.2678075597267828e-17","16.89694666293016","77","1691","35","21017","DVL1,NRP1,FOXH1,WNT11,EDN1,BMP4,VEGFA,ENG,BMP7,RYR1,CTNNB1,MSX2,SOX11,BMPR1A,TGFBR2,NOTCH1,NPY2R,TGFB2,MEF2C,NOG,ILK,BMPR2,HES1,TWIST1,NPY5R,HIF1A,ZFPM1,ZFPM2,SFRP2,CITED2,SEMA3C,SOX17,HEYL,FZD1,ROBO1"
"GO:BP","negative regulation of blood vessel morphogenesis","GO:2000181","1.3293353655736072e-17","16.876365441145694","105","1691","41","21017","KRIT1,SEMA3E,KLF4,ROCK2,PRL,TNF,APOH,PF4,CXCL10,HRG,SERPINE1,DCN,THBS1,HLA-G,HOXA5,NF1,PTPRM,PML,CTNNB1,TIE1,SERPINF1,PPARG,CCR2,STAT1,WNT4,SYNJ2BP,TGFB2,ABCC8,AMOT,DAB2IP,VASH1,SULF1,SEMA6A,SEMA4A,RGCC,SPINK5,ADAMTS9,GHRL,ADAMTS1,GDF2,ANGPT4"
"GO:BP","germ cell development","GO:0007281","1.426715152391563e-17","16.845662726319834","370","1691","84","21017","MEIOC,BMPR1B,EREG,AURKA,FOXO3,PRDM1,PDE5A,REC8,SPINK1,ANG,AMH,SEMG1,IGF1,EDN1,ERCC1,INHBB,WEE2,RARA,BCL2,KIT,BMP4,SRC,FER,PRKACA,WT1,NPR2,PTN,ZP3,NPPC,FSHR,PLN,PPP2R1A,CDC25B,AKT1,CTNNB1,MTOR,MSH2,GSK3A,SMARCA2,BRCA2,HSPA2,WNT4,FOXL2,UBE2B,SEMG2,OCA2,ZBTB16,BAX,BCL2L1,TRIM28,ATM,PRKG1,PTK2B,DMC1,IHH,RPS6KA2,SYCP1,SHB,TRIP13,MAJIN,BRDT,SOHLH1,STRA8,GPR149,METTL3,HORMAD1,SYCP3,PIWIL2,NECTIN2,MAEL,BBS4,NODAL,SRPK1,CIB1,BRIP1,BBS2,ING2,CCNB1IP1,FBXW11,FBXO5,SUFU,UBE2J1,SPO11,DMRT1"
"GO:BP","regulation of endothelial cell apoptotic process","GO:2000351","1.6998065355398175e-17","16.769600505285695","53","1691","29","21017","KRIT1,PDPK1,FOXO3,ABL1,TGFB1,TNF,FGA,FGB,FGG,ITGB3,IL4,SERPINE1,ICAM1,THBS1,CCL2,BRAF,HLA-G,PLCG1,TNFAIP3,IL10,GATA2,IL13,MAPK7,SEMA5A,GAS6,ANGPT1,NFE2L2,GPER1,RGCC"
"GO:BP","viral transcription","GO:0019083","1.6998065355398175e-17","16.769600505285695","53","1691","29","21017","TRIM13,JUN,CCL3,CCL4,CCL5,TRIM27,TRIM21,SP100,ZFP36,SMARCA4,HMGA2,DHX9,EP300,TRIM32,REST,TARDBP,HDAC1,TRIM14,TARBP2,TRIM11,INPP5K,TRIM62,TRIM8,TRIM31,MDFIC,ZNF639,MID2,POU2F3,CTDP1"
"GO:BP","cold-induced thermogenesis","GO:0106106","1.7350645229821817e-17","16.760684370179117","153","1691","50","21017","TLR4,SLN,OGT,HDAC3,HCRT,KDM1A,CIDEA,OXT,IL4,RB1,ADRB2,ADRB1,THRA,ADRB3,VEGFA,CD36,GJA1,CEBPB,ADCYAP1,ATF4,NR1D1,IL4R,OXTR,IL13,ID1,LEP,CCR2,STAT6,NOTCH1,SMARCA4,MAP2K6,NR1H2,UCP2,NR1H3,GRB10,IRF4,STK11,ADIPOQ,HADH,FFAR4,ADIPOR2,FLCN,ADIPOR1,ARRDC3,ABHD6,LGR4,PLAC8,PPARGC1A,GHRL,PLCL2"
"GO:BP","endocrine system development","GO:0035270","1.7362127939707123e-17","16.760397047832495","142","1691","48","21017","DLL1,PDPK1,PAX4,SIX3,WNT11,GHRH,APOA1,ANXA1,IL6,EDN1,CRH,FGF2,INHBB,THRA,BMP4,DRD2,BRAF,CREB1,PDGFRA,SRD5A1,WT1,HOXA5,NF1,BMP5,GATA2,AKT1,HNF1B,BMPR1A,WNT5A,NKX2-1,SOX9,GSK3A,GSK3B,NR0B1,WNT4,SMAD3,SLC6A3,GHRHR,SOX4,NOG,NR5A1,HES1,SHH,CYP1B1,BAD,CITED2,DUOX2,FOXA2"
"GO:BP","regulation of peptidyl-serine phosphorylation","GO:0033135","1.7369873098420805e-17","16.760203354428945","126","1691","45","21017","SMAD7,BAG4,EGFR,TNF,IFNA2,IFNB1,IFNG,IL6,NLRP2B,BCL2,TXN,DMD,OSM,MIF,LIF,BRAF,VEGFA,IL11,HRC,NOS1,AKT1,PFN2,PTGS2,SNCA,WNT5A,GSK3A,WNT3A,PTEN,RACK1,BAX,DMTN,PDE4D,STK4,PRKAA1,PAK1,PRKD1,ANGPT1,NTRK3,NTRK2,SFRP2,PARK7,INPP5K,IP6K2,MAD2L2,NRXN1"
"GO:BP","regulation of protein binding","GO:0043393","1.7369873098420805e-17","16.760203354428945","126","1691","45","21017","ITGB1BP1,NRP1,AURKA,PARK2,KDM1A,PEX14,SNAPIN,ABL1,PDGFB,APOE,SLPI,IFIT1,BMP4,ATP2A2,PRKACA,TRIM21,IL10,AKT1,MAPK8,GSK3B,PLK1,TMBIM6,HDAC4,B2M,FKBP1A,RACK1,PPP2CA,DAB2,PRKCD,BAX,LRP1,STK4,STK3,NOG,ADAM15,PIN1,ADIPOQ,HFE,LRRK2,ZFPM1,PARK7,TCF7L2,CTNNBIP1,GNL3L,HDAC5"
"GO:BP","endocrine hormone secretion","GO:0060986","1.8979179687609077e-17","16.721722562448438","57","1691","30","21017","RAB11FIP3,POMC,IL1B,INHA,CRH,INHBA,INHBB,SPP1,CYP19A1,GJA1,TACR2,GAL,CRHBP,PPARG,OPRK1,LEP,FOXL2,DAB2,PTPN11,CRY1,RAB11FIP1,WNK4,NKX3-1,RAB11FIP5,C1QTNF1,C1QTNF3,NPVF,RETN,GHRL,FZD4"
"GO:BP","negative regulation of vasculature development","GO:1901343","1.983387319916033e-17","16.7025924676016","106","1691","41","21017","KRIT1,SEMA3E,KLF4,ROCK2,PRL,TNF,APOH,PF4,CXCL10,HRG,SERPINE1,DCN,THBS1,HLA-G,HOXA5,NF1,PTPRM,PML,CTNNB1,TIE1,SERPINF1,PPARG,CCR2,STAT1,WNT4,SYNJ2BP,TGFB2,ABCC8,AMOT,DAB2IP,VASH1,SULF1,SEMA6A,SEMA4A,RGCC,SPINK5,ADAMTS9,GHRL,ADAMTS1,GDF2,ANGPT4"
"GO:BP","cellular response to glucose stimulus","GO:0071333","2.049233622375358e-17","16.688408527140663","148","1691","49","21017","UNC13B,OGT,FOXO3,BAIAP3,TGFB1,ICAM1,CRH,TH,GPX1,ADRA2A,PPP3CB,PRKACA,NR1D1,SRI,SERPINF1,OPRK1,SMARCA4,PRKAA2,UCP2,VSNL1,RACK1,FKBP1B,SMAD3,PRKCE,SOX4,PPP3CA,ABCC8,PRKAA1,GAS6,KCNJ11,KCNB1,AGER,GPR68,HIF1A,PTPRN,PIM3,NDUFAF2,JAGN1,PTPRN2,BAD,CPB2,NR1H4,GPER1,RBM4,RAB11FIP5,ENY2,GHRL,FOXA2,IRS2"
"GO:BP","receptor-mediated endocytosis","GO:0006898","2.316604702341843e-17","16.635148066442174","257","1691","67","21017","WASL,DLL1,SDCBP,CCL21,LRRTM2,GREM1,EGFR,EGF,APOE,APOC1,APOC2,ITGB3,IL4,SERPINE1,FCER2,ITGAV,ADRB2,CD63,CEACAM1,DRD2,EZR,VEGFA,CD36,RAB5A,DRD4,HTR1B,FCER1G,ARRB2,SFTPD,DRD3,SNCA,HTR2B,NEDD4,ARRB1,NUMB,PPT1,CAV3,WNT3A,SNAP25,B2M,ARF6,DLG4,DAB2,CLTC,NRG1,FMR1,TNK2,LRP1,PLA2R1,UNC119,PICALM,MTMR2,SCRIB,ANGPT1,ADIPOQ,HFE,SFRP4,LRRTM1,MAGI2,LILRB4,TPCN2,DTNBP1,ATXN2,CCL19,LMBRD1,UBQLN2,RABGEF1"
"GO:BP","erythrocyte homeostasis","GO:0034101","2.3889519969737747e-17","16.6217925767712","143","1691","48","21017","FOXO3,UFL1,EPO,INHA,SLC25A5,ISG15,RB1,LYN,INHBA,HMOX1,HSPA1A,KIT,THRA,G6PD,BMP4,ETS1,VEGFA,PTPN2,HOXA5,GATA2,ZFP36,AXL,ACVR1B,HSPA9,RPS19,STAT3,BCL6,STAT1,CASP3,STAT5B,CEBPG,B2M,PRKDC,ID2,PRDX1,ZFP36L1,DMTN,HIF1A,LDB1,ZFPM1,ADGRF5,INPP5D,CDK5RAP3,PRMT1,CITED2,TRIM10,KLF13,MAFB"
"GO:BP","regulation of alpha-beta T cell differentiation","GO:0046637","2.542451952633338e-17","16.594747245643518","74","1691","34","21017","LGALS9,AP3B1,SMAD7,SOCS5,PRDM1,ADA,IFNG,ANXA1,IL4,HMGB1,RARA,TNFSF4,IL4R,ITPKB,IL12B,TGFBR2,BCL6,CD86,JAK3,ZBTB16,IHH,HLX,IRF4,SHB,SHH,ZC3H12A,RC3H1,IL23R,LILRB4,NFKBID,NLRP3,CCL19,FOXP3,IL23A"
"GO:BP","lung development","GO:0030324","2.603293386473009e-17","16.58447688492717","195","1691","57","21017","AP3B1,TP73,SPRY1,WNT11,EGFR,ADA,TGFB1,TNF,COL3A1,RBP4,PDGFA,CRH,FGF2,CTSH,TGFB3,THRA,BMP4,LIF,VEGFA,CREB1,PDGFRA,RAB3A,HOXA5,IGFBP5,NOS3,CTNNB1,IL13,SFTPD,SOX11,BMPR1A,SREBF1,TGFBR2,WNT5A,NKX2-1,BAG6,NOTCH1,SOX9,MMP14,GPC3,CLDN18,PPP1CA,PKD1,ATP7A,EP300,FOXF1,NOG,BMPR2,HES1,SHH,PKDCC,ZFPM2,PROX1,FOXJ1,NODAL,TBX5,SAV1,TIMELESS"
"GO:BP","regulation of lymphocyte migration","GO:2000401","2.981363637491439e-17","16.525585049755886","70","1691","33","21017","WASL,CCL21,TNFSF14,CXCL13,OXSR1,ABL1,CXCL10,APOD,ITGB3,CCL3,CCL4,CCL2,CCL5,SPN,KLRK1,CORO1A,AKT1,CD200,WNT5A,CCR2,XCL1,CXCL12,AIF1,FADD,PTK2B,IL27RA,SPNS2,GCSAM,TNFRSF14,WNK1,STK39,PYCARD,PADI2"
"GO:BP","negative regulation of Wnt signaling pathway","GO:0030178","3.069050679351675e-17","16.512995939987515","172","1691","53","21017","TAX1BP3,FOXO3,SNAI2,PARK2,FZD6,GREM1,APC2,WNT11,APOE,EGR1,MCC,CTNNB1,WNT5A,NOTCH1,SOX9,GSK3A,GSK3B,EMD,GPC3,RACK1,DAB2,LRP1,STK4,STK3,NOG,GRB10,HDAC1,SHH,STK11,SFRP5,DAB2IP,NXN,SFRP4,JADE1,SFRP1,DRAXIN,UBAC2,PTPRU,NKD1,DACT3,SFRP2,MDFI,CITED1,LZTS2,FUZ,WWTR1,SOX17,TCF7L2,CYLD,CTNNBIP1,MAD2L2,FZD1,AXIN2"
"GO:BP","positive regulation of cytoskeleton organization","GO:0051495","3.3218447320142194e-17","16.478620670983165","184","1691","55","21017","CCL21,ITGB1BP1,NRP1,ROCK2,VPS4B,BMP10,BAG4,WNT11,ABL1,APOA1,EDN1,SERPINF2,TPM1,HSPA1A,TGFB3,MAPT,TRIM27,BRAF,ALOX15,FER,EPHA1,SDC4,CCR7,PFN2,NF2,ACTN2,ARL2,MTOR,CDKN1B,MAP1B,PLXNA3,F2RL1,CAV3,WNT4,ARF6,CX3CL1,SMAD3,PRKCE,DLG1,PAK1,SEMA5A,DCTN1,PTK2B,CDK5R1,PRKD1,AMOT,PSRC1,CLASP1,SFRP1,PROX1,P2RX7,RGCC,EVL,MAGEL2,PYCARD"
"GO:BP","gastrulation","GO:0007369","3.370873189865121e-17","16.472257585057704","196","1691","57","21017","DVL1,KLF4,SNAI1,HAND1,WNT11,APOA1,FN1,TP53,ITGB3,ITGAV,INHBA,PRKAR1A,COL11A1,BMP4,GJA1,PRKACA,BMP7,IL10,CTNNB1,NF2,HNF1B,BMPR1A,TGFBR2,WNT5A,HNF4A,MMP14,GPC3,NR0B1,HMGA2,WNT3,WNT3A,RACK1,SMAD3,FOXF1,MAP2K5,MAPK7,NOG,BMPR2,ADIPOQ,AMOT,CDC73,CTR9,CLASP1,PHLDB2,LDB1,SFRP1,PAF1,OSR1,LEO1,SFRP2,NODAL,TRIM15,MIXL1,WNK1,SOX17,LMBRD1,FOXA2"
"GO:BP","positive regulation of adaptive immune response based on somatic recombination of immune receptors built from immunoglobulin superfamily domains","GO:0002824","3.809683376814557e-17","16.419111117084555","123","1691","44","21017","ADA,TGFB1,LTA,TNF,IL1B,IL4,IL6,FCER2,CD55,PTPRC,HLA-E,PVR,HLA-G,ZP3,TNFSF4,IL12A,IL12B,CCR2,STAT6,MSH2,XCL1,B2M,BTK,FADD,SLAMF1,MICB,HFE,IL23R,RAET1L,RAET1G,IL27RA,NFKBID,RAET1E,RSAD2,NECTIN2,NLRP3,P2RX7,ULBP3,ULBP2,ULBP1,FOXP3,IL23A,CD274,MAD2L2"
"GO:BP","DNA recombination","GO:0006310","4.229173587965457e-17","16.373744488712564","334","1691","78","21017","SYCE3,HFM1,EME2,RNF212B,RAD51B,MSH4,RAD51C,XRCC3,XRCC2,KDM1A,NBN,RAD51D,REC8,ABL1,TGFB1,IL4,ERCC1,PTPRC,HMGB1,PARP1,TOP2A,XRCC5,IL7R,MSH3,IL10,SFPQ,TNFSF4,APEX1,BCL6,STAT6,WAS,MSH2,BRCA2,MSH6,UBE2B,PRKDC,TOP2B,RAD51,ATM,DMC1,NONO,SYCP1,TERF2,TRIP13,MAJIN,RNF212,ARID2,IL27RA,SETX,FANCM,TEX11,PIAS4,MEIOB,CNTD1,TERB1,ANKLE1,RAD50,ERCC4,EME1,TONSL,MUS81,BARD1,KLHDC3,NDFIP1,BRIP1,TEX15,FANCD2,FOXP3,PIF1,CCNB1IP1,TERF2IP,RTEL1,MLH3,MAD2L2,ZMYND8,TIMELESS,SPO11,RAD54B"
"GO:BP","regulation of actin cytoskeleton organization","GO:0032956","4.229173587965457e-17","16.373744488712564","334","1691","78","21017","CCL21,ITGB1BP1,NRP1,PARK2,ROCK2,TRPM2,SLIT2,BMP10,BAG4,WNT11,ABL1,HRAS,TGFB1,APOA1,PDGFA,HRG,ITGB3,EDN1,SERPINF2,TPM1,TACSTD2,TGFB3,TRIM27,BRAF,ALOX15,PDGFRA,FER,RHOQ,EPHA1,PIK3R1,CORO1A,SDC4,CCR7,PFN2,NF2,RDX,PTGER4,ACTN2,MTOR,WAS,CXCL12,F2RL1,CAV3,WNT4,ARF6,CX3CL1,SMAD3,PRKCE,PRKCD,LRP1,DMTN,BST2,DLG1,PPFIA1,PAK1,GPM6B,IQGAP2,SEMA5A,PTK2B,CDK5R1,PRKD1,AMOT,AP1AR,CLASP1,PHLDB2,SFRP1,PROX1,DLC1,BBS4,CORO1B,INPP5K,RGCC,BCAS3,EVL,MAGEL2,PYCARD,F11R,ARFGEF1"
"GO:BP","cell-substrate junction organization","GO:0150115","4.281733539578267e-17","16.368380363172253","103","1691","40","21017","ITGB1BP1,NRP1,GREM1,ROCK2,ABL1,FN1,HRG,THY1,APOD,ITGB3,THBS1,BCL2,BCR,SRC,VEGFA,VCL,PIK3R1,SDC4,ACTN2,ACVRL1,MMP14,DUSP3,WNT4,PTEN,ARF6,SMAD3,PTK2,DMTN,PTPRJ,GPM6B,PTK2B,PTPRK,TRIP6,CLASP1,PHLDB2,LDB1,SFRP1,DLC1,RCC2,CORO1C"
"GO:BP","regulation of animal organ morphogenesis","GO:2000027","4.3190646229240496e-17","16.364610297881338","84","1691","36","21017","TNFRSF11B,SPRY1,SNAI2,GREM1,TGFB1,TNF,PDGFA,EDN1,PRKCB,PKHD1,FGF2,TACSTD2,BMP4,VEGFA,BMP7,WT1,MSX1,CD34,CTNNB1,BMPR1A,GDNF,WNT5A,SOX9,CAV3,WNT3A,WNT4,NOG,SHH,SULF1,SFRP1,SFRP2,PHB2,CITED2,LGR4,MAGED1,ROBO1"
"GO:BP","digestive tract development","GO:0048565","4.354076792717099e-17","16.361103915589094","134","1691","46","21017","PRDM1,WNT11,EGFR,ADA,TGFB1,TNF,COL3A1,TYMS,RB1,BCL2,TGFB3,KIT,SRC,PDGFRA,NPR2,HOXA5,EDNRB,OXTR,CTNNB1,HNF1B,SOX11,WNT5A,NOTCH1,SOX9,CLDN18,TGFB2,SMAD3,PKD1,ID2,FOXF1,HES1,IHH,HLX,SHH,HIF1A,PKDCC,SFRP5,BBS7,SFRP1,SFRP2,NODAL,LGR4,MIXL1,SAV1,SOX17,TLR9"
"GO:BP","positive regulation of NF-kappaB transcription factor activity","GO:0051092","5.408374332809499e-17","16.266933256961504","124","1691","44","21017","LGALS9,TLR4,TRIM38,AIM2,IRAK2,TRIM13,TRIM37,BCL10,INS,TNF,IL1B,LTF,HSPA1A,FER,CD36,EIF2AK2,CAPN3,PRDX3,STAT3,WNT5A,IRAK1,TIRAP,S100A12,BTK,DHX9,TRIM32,TRIM14,TRIM25,AGER,PRKD1,EDA,RAB7B,CIB1,TRIM62,TRIM8,TRIM15,TRIM5,TERF2IP,MID2,PYCARD,TNFSF18,CAMK2A,IRAK3,TNFRSF11A"
"GO:BP","regulation of protein ubiquitination","GO:0031396","5.622134836488142e-17","16.250098742855126","198","1691","57","21017","DDX3X,SMAD7,OGT,HDAC3,PARK2,KDM1A,PSMD10,WFS1,UFL1,BCL10,ABL1,PRKCG,ISG15,HSP90AB1,HSPA1A,TNFAIP3,DNAJA1,AKT1,ARRB2,CTNNB1,CDKN2A,MAPK9,ARRB1,GSK3A,GSK3B,PLK1,PTEN,CDK5,PRKCE,SOX4,GPS2,NMI,SQSTM1,ANGPT1,CRY1,PARP10,LRRK2,NXN,TICAM1,FANCM,SVBP,COMMD1,ARRDC3,PELI1,CDK5RAP3,PARK7,CHP1,NDFIP1,GTPBP4,WNK1,NDFIP2,GNL3L,MAD2L2,FBXO5,UBQLN1,BTRC,PTPN22"
"GO:BP","negative regulation of ERK1 and ERK2 cascade","GO:0070373","5.838140318293285e-17","16.233725471059525","67","1691","32","21017","TLR4,ITGB1BP1,SPRY1,ABL1,LYN,PTPRC,GSTP1,DMD,LIF,EZR,PTPN2,FBLN1,GBP1,PHB,CSK,DUSP3,SYNJ2BP,NLRP6,NLRP12,DAB2,DLG1,PIN1,TNIP1,PTPRR,ADIPOQ,DAB2IP,TBC1D10C,FLCN,BTN2A2,GPER1,SEMA6A,TLR9"
"GO:BP","negative regulation of angiogenesis","GO:0016525","6.361851593839013e-17","16.196416466119654","104","1691","40","21017","KRIT1,SEMA3E,KLF4,ROCK2,PRL,TNF,APOH,PF4,CXCL10,HRG,SERPINE1,DCN,THBS1,HLA-G,HOXA5,NF1,PTPRM,PML,CTNNB1,TIE1,SERPINF1,PPARG,CCR2,STAT1,SYNJ2BP,TGFB2,ABCC8,AMOT,DAB2IP,VASH1,SULF1,SEMA6A,SEMA4A,RGCC,SPINK5,ADAMTS9,GHRL,ADAMTS1,GDF2,ANGPT4"
"GO:BP","glial cell activation","GO:0061900","6.40382715907262e-17","16.193560398313323","55","1691","29","21017","TLR3,ZEB2,IL33,EGFR,TNF,IFNG,IL1B,IL4,IL6,PTPRC,CCL3,MAPT,AZU1,NR1D1,ADORA2A,IL13,SNCA,CX3CR1,NAGLU,AIF1,CX3CL1,LRP1,ATM,AGER,LRRK2,TRPV1,SYT11,TLR9,STAP1"
"GO:BP","epithelial cell development","GO:0002064","6.420347153091681e-17","16.192441488660744","217","1691","60","21017","PDE2A,DLL1,WNT7A,PDPK1,SPINT2,ROCK2,PRDM1,SIX3,PDGFB,TGFB1,TNF,IL1B,ESR1,PROC,TYMS,ICAM1,GPX1,PKHD1,RARA,DMD,BMP4,SRC,EZR,KCNE1,VEGFA,FER,GJA1,VCL,ATF4,HOXA5,GSTM3,BMP5,GATA2,FSHR,EDNRB,AKT1,RDX,WNT5A,NOTCH1,SOX9,GSK3A,GSK3B,STC1,F2RL1,RAP1A,PDE4D,IHH,ADIPOQ,HIF1A,MAGI2,PROX1,BAD,FOXJ1,SIPA1,FOXP3,PLCB1,TLR9,RAP2C,DMRT1,F11R"
"GO:BP","cellular process involved in reproduction in multicellular organism","GO:0022412","6.568368924875979e-17","16.182542462231766","408","1691","88","21017","MEIOC,BMPR1B,EREG,AURKA,FOXO3,PRDM1,PDE5A,REC8,SPINK1,ANG,AMH,SEMG1,IGF1,EDN1,ERCC1,INHBA,INHBB,WEE2,RARA,BCL2,KIT,BMP4,SRC,FER,PRKACA,WT1,NPR2,PTN,ZP3,NPPC,FSHR,PLN,PPP2R1A,CDC25B,AKT1,CTNNB1,MTOR,MSH2,GSK3A,SMARCA2,BRCA2,HSPA2,WNT4,FOXL2,UBE2B,SEMG2,OCA2,ZBTB16,BAX,BCL2L1,TRIM28,ATM,PRKG1,PTK2B,DMC1,IHH,RPS6KA2,SYCP1,SHB,TRIP13,MAJIN,BRDT,SOHLH1,STRA8,GPR149,METTL3,HORMAD1,SYCP3,SFRP1,PIWIL2,NECTIN2,MAEL,BBS4,NODAL,SRPK1,CIB1,BRIP1,BBS2,ING2,RETN,CCNB1IP1,FBXW11,FBXO5,FZD4,SUFU,UBE2J1,SPO11,DMRT1"
"GO:BP","negative regulation of cell-substrate adhesion","GO:0010812","6.595136509179409e-17","16.18077621079695","59","1691","30","21017","ITGB1BP1,CASK,SEMA3E,PLG,APOD,SERPINE1,THBS1,TACSTD2,SRC,NF1,FBLN1,PIK3R1,HOXA7,GBP1,NF2,ACVRL1,BCL6,CDKN2A,NOTCH1,MMP14,PTEN,CX3CL1,DMTN,ADAM15,AP1AR,PHLDB2,DLC1,RCC2,FZD4,CORO1C"
"GO:BP","regulation of interleukin-10 production","GO:0032653","6.595136509179409e-17","16.18077621079695","59","1691","30","21017","LGALS9,TLR4,DLL1,TUSC2,IL4,ISG15,IL6,HMGB1,IDO1,CD46,TNFSF4,IL12B,IL13,STAT3,XCL1,JAK3,F2RL1,BTK,AGER,IRF4,TIGIT,IL23R,IL20RB,LILRB4,PIBF1,FOXP3,IL23A,TLR9,CD274,PYCARD"
"GO:BP","interleukin-10 production","GO:0032613","6.595136509179409e-17","16.18077621079695","59","1691","30","21017","LGALS9,TLR4,DLL1,TUSC2,IL4,ISG15,IL6,HMGB1,IDO1,CD46,TNFSF4,IL12B,IL13,STAT3,XCL1,JAK3,F2RL1,BTK,AGER,IRF4,TIGIT,IL23R,IL20RB,LILRB4,PIBF1,FOXP3,IL23A,TLR9,CD274,PYCARD"
"GO:BP","focal adhesion assembly","GO:0048041","6.80925813697639e-17","16.166900201533302","85","1691","36","21017","ITGB1BP1,NRP1,GREM1,ROCK2,ABL1,HRG,THY1,APOD,THBS1,BCL2,BCR,SRC,VEGFA,VCL,SDC4,ACTN2,ACVRL1,MMP14,DUSP3,WNT4,PTEN,SMAD3,PTK2,DMTN,PTPRJ,GPM6B,PTK2B,PTPRK,TRIP6,CLASP1,PHLDB2,LDB1,SFRP1,DLC1,RCC2,CORO1C"
"GO:BP","muscle organ development","GO:0007517","7.046972202136686e-17","16.151997441640585","358","1691","81","21017","DLL1,MSTN,SMAD7,FOXH1,USP2,BMP10,HAND1,TGFB1,COL3A1,CRYAB,CXCL10,IGF1,RB1,GPX1,TPM1,BCL2,MYL2,EGR2,DMD,COL11A1,BMP4,MYF5,LIF,CREB1,PPP3CB,GJA1,ENG,EGR1,WT1,CAPN3,NF1,RYR1,ERBB3,KEL,MSX1,SRI,CASQ1,CTNNB1,SOX11,BMPR1A,NOTCH1,MEOX2,EMD,NAGLU,HDAC4,CAV3,WNT3A,FOXL2,TGFB2,FKBP1A,ADARB1,SMAD3,CDK5,NRG1,ID3,MEF2C,EGR3,PPP3CA,EP300,PRKAA1,NOG,HLX,NR1D2,SHH,TWIST1,ZFHX3,ZFPM1,LEMD2,ZFPM2,RYR2,PROX1,SIRT1,PKP2,CITED2,JPH2,EGLN1,HEYL,DLL4,CHD7,FZD1,TLL2"
"GO:BP","respiratory tube development","GO:0030323","7.185275415316335e-17","16.143556580478997","199","1691","57","21017","AP3B1,TP73,SPRY1,WNT11,EGFR,ADA,TGFB1,TNF,COL3A1,RBP4,PDGFA,CRH,FGF2,CTSH,TGFB3,THRA,BMP4,LIF,VEGFA,CREB1,PDGFRA,RAB3A,HOXA5,IGFBP5,NOS3,CTNNB1,IL13,SFTPD,SOX11,BMPR1A,SREBF1,TGFBR2,WNT5A,NKX2-1,BAG6,NOTCH1,SOX9,MMP14,GPC3,CLDN18,PPP1CA,PKD1,ATP7A,EP300,FOXF1,NOG,BMPR2,HES1,SHH,PKDCC,ZFPM2,PROX1,FOXJ1,NODAL,TBX5,SAV1,TIMELESS"
"GO:BP","negative regulation of protein serine/threonine kinase activity","GO:0071901","8.962557128403169e-17","16.047568063070734","81","1691","35","21017","MEN1,IPO5,ABL1,IFNG,IL1B,APOE,RB1,LYN,GSTP1,PRKAR1A,NF1,DNAJA1,AKT1,SLC8A1,PPARG,CDKN2A,CDKN1B,PLK1,CAV3,PTEN,PKIA,PRKCD,HYAL2,PTPRJ,ADIPOQ,DAB2IP,LAX1,ZNF675,SIRT1,CDK5RAP3,INPP5K,CD300A,PYCARD,PTPN22,IRAK3"
"GO:BP","regulation of cell-substrate junction organization","GO:0150116","1.0033161599007229e-16","15.99856219273796","68","1691","32","21017","ITGB1BP1,NRP1,GREM1,ROCK2,ABL1,HRG,THY1,APOD,THBS1,SRC,VEGFA,VCL,PIK3R1,SDC4,ACVRL1,MMP14,DUSP3,WNT4,PTEN,ARF6,SMAD3,PTK2,DMTN,PTPRJ,GPM6B,CLASP1,PHLDB2,LDB1,SFRP1,DLC1,RCC2,CORO1C"
"GO:BP","cell-substrate junction assembly","GO:0007044","1.3270095147999163e-16","15.877125963186593","96","1691","38","21017","ITGB1BP1,NRP1,GREM1,ROCK2,ABL1,FN1,HRG,THY1,APOD,ITGB3,THBS1,BCL2,BCR,SRC,VEGFA,VCL,SDC4,ACTN2,ACVRL1,MMP14,DUSP3,WNT4,PTEN,SMAD3,PTK2,DMTN,PTPRJ,GPM6B,PTK2B,PTPRK,TRIP6,CLASP1,PHLDB2,LDB1,SFRP1,DLC1,RCC2,CORO1C"
"GO:BP","lipid localization","GO:0010876","1.3571590275007895e-16","15.867369260137233","480","1691","97","21017","ANO9,APOL1,PLSCR1,SLC22A2,SYT7,PARK2,CIDEA,VPS4B,LYPLA1,APOM,EGF,POMC,TNF,IL1B,APOA1,APOE,APOA2,APOC1,APOC2,APOH,RBP4,ANXA1,APOD,ITGB3,IL6,EDN1,ITGAV,CRH,FABP1,THBS1,INHBA,NMB,SPP1,CYP19A1,CEACAM1,MIF,DRD2,CD36,PTPN2,LBP,NFKB1,ABCB4,DRD4,COMT,ENPP1,GAL,NFKBIA,NTSR1,AKT1,NOS2,PTGS2,DRD3,SREBF1,PPARG,LEP,STAR,CPT1A,STAT5B,MAP2K6,NR1H2,CYP4F2,DAB2,PPARD,PRKCD,PTPN11,PPARA,LRP1,SREBF2,PLA2R1,PRKAA1,NR1H3,GPS2,SHH,ADIPOQ,CRY1,ZC3H12A,SPNS2,ACVR1C,TPCN2,ABCC2,SIRT1,WNK4,P2RX7,NKX3-1,SPX,C1QTNF1,OSBPL8,PLA2G2F,ABCG8,ABCG5,RETN,VAPA,GHRL,FZD4,PLA2G2D,IRS2,TNFRSF11A"
"GO:BP","positive regulation of transmembrane receptor protein serine/threonine kinase signaling pathway","GO:0090100","1.3782703700094167e-16","15.860665580189298","101","1691","39","21017","MEN1,SDCBP,ZEB2,BMP10,TGFB1,AMH,THBS1,HSP90AB1,INHBA,PARP1,TGFB3,BMP4,ENG,BMP7,BMP5,MSX1,MSX2,SOX11,BMPR1A,ACVR1B,ACVRL1,TGFBR2,NOTCH1,GPC3,TGFB2,DAB2,EP300,ILK,BMPR2,HES1,STK11,HFE,SULF1,FLCN,NODAL,CITED1,CITED2,ING2,GDF2"
"GO:BP","regulation of actomyosin structure organization","GO:0110020","1.3782703700094167e-16","15.860665580189298","101","1691","39","21017","ITGB1BP1,NRP1,ROCK2,BMP10,BAG4,WNT11,ABL1,APOA1,EDN1,SERPINF2,TPM1,TACSTD2,TGFB3,BRAF,EPHA1,PIK3R1,SDC4,PFN2,NF2,PTGER4,MTOR,WAS,CAV3,WNT4,SMAD3,PPFIA1,PAK1,PRKD1,AMOT,CLASP1,PHLDB2,SFRP1,PROX1,DLC1,BBS4,INPP5K,RGCC,EVL,F11R"
"GO:BP","positive regulation of endothelial cell migration","GO:0010595","1.382655420180966e-16","15.85928603952909","106","1691","40","21017","WNT7A,ITGB1BP1,NRP1,PDPK1,ROCK2,ABL1,PLG,PDGFB,EGF,TGFB1,ANXA1,ITGB3,EDN1,THBS1,FGF2,HMGB1,HMOX1,ETS1,VEGFA,PLCG1,GATA2,NOS3,AKT1,PTGS2,WNT5A,RHOB,SEMA5A,PTK2B,PRKD1,ANGPT1,NFE2L2,HIF1A,AMOT,ZC3H12A,PROX1,SIRT1,LGMN,CIB1,BCAS3,ANGPT4"
"GO:BP","mesonephros development","GO:0001823","1.382655420180966e-16","15.85928603952909","106","1691","40","21017","SMAD7,SPRY1,GREM1,SLIT2,WNT11,MYC,TGFB1,CAT,FGF2,TACSTD2,RARA,BCL2,BMP4,VEGFA,BMP7,WT1,SDC4,CTNNB1,HNF1B,GDNF,SOX9,GPC3,WNT4,SMAD3,PKD1,ZBTB16,DLG1,NOG,ILK,PKD2,HES1,SHH,SFRP1,OSR1,FOXJ1,CITED1,LZTS2,LGR4,CTNNBIP1,MAGED1"
"GO:BP","positive regulation of alpha-beta T cell activation","GO:0046635","1.4242834733407132e-16","15.846403565014105","73","1691","33","21017","LGALS9,AP3B1,SOCS5,ADA,IFNG,ANXA1,CD55,PTPRC,RARA,HLA-E,TNFSF4,IL4R,ITPKB,IL12A,IL12B,TGFBR2,CCR2,CD86,XCL1,ZBTB16,IHH,HLX,SHB,SHH,IL23R,LILRB4,NFKBID,HSPH1,NLRP3,CCL19,FOXP3,IL23A,PTPN22"
"GO:BP","smooth muscle cell migration","GO:0014909","1.4242834733407132e-16","15.846403565014105","73","1691","33","21017","TLR4,NRP1,SLIT2,PDGFB,PDGFA,IGF1,ITGB3,SERPINE1,TPM1,BCL2,BMP4,SRC,CCL5,IGFBP3,NF1,IGFBP5,BMPR1A,NOV,AIF1,ATP7A,MEF2C,LRP1,GRB10,PRKG1,ADIPOQ,NFE2L2,CYP1B1,SEMA6D,HAS2,TRIB1,CORO1B,ADAMTS1,NDRG4"
"GO:BP","negative regulation of canonical Wnt signaling pathway","GO:0090090","1.5921570616504403e-16","15.798014092601123","138","1691","46","21017","FOXO3,SNAI2,PARK2,FZD6,GREM1,APC2,WNT11,APOE,EGR1,MCC,CTNNB1,WNT5A,NOTCH1,SOX9,GSK3A,GSK3B,EMD,GPC3,DAB2,STK4,STK3,NOG,HDAC1,SHH,STK11,SFRP5,DAB2IP,SFRP4,JADE1,SFRP1,DRAXIN,UBAC2,PTPRU,NKD1,DACT3,SFRP2,LZTS2,FUZ,WWTR1,SOX17,TCF7L2,CYLD,CTNNBIP1,MAD2L2,FZD1,AXIN2"
"GO:BP","response to cAMP","GO:0051591","1.6755555032319884e-16","15.775841181467541","87","1691","36","21017","PDE2A,VGF,PER1,PAX4,KDM1A,THBD,FBP1,INHBB,TYR,BRAF,EZR,KCNE1,SRD5A1,WT1,CRHBP,IGFBP5,AHR,SREBF1,STAT1,STC1,RAP1A,SLC6A3,ZFP36L1,DMTN,PDE4D,AKAP6,PKD2,PTK2B,ADIPOQ,AANAT,CYP1B1,PNPT1,CITED1,INPP5K,DUOX2,DUOX1"
"GO:BP","muscle cell migration","GO:0014812","1.6755555032319884e-16","15.775841181467541","87","1691","36","21017","TLR4,ITGB1BP1,NRP1,MSTN,SLIT2,PDGFB,ANXA1,PDGFA,IGF1,ITGB3,SERPINE1,TPM1,BCL2,BMP4,SRC,CCL5,IGFBP3,NF1,IGFBP5,BMPR1A,NOV,AIF1,ATP7A,MEF2C,LRP1,GRB10,PRKG1,ADIPOQ,NFE2L2,CYP1B1,SEMA6D,HAS2,TRIB1,CORO1B,ADAMTS1,NDRG4"
"GO:BP","regulation of ossification","GO:0030278","1.6755555032319884e-16","15.775841181467541","122","1691","43","21017","FZD9,BMPR1B,SMAD7,CYP27B1,GREM1,TGFB1,LTF,ISG15,ADRB2,MGP,SRGN,CCL3,BCL2,EGR2,BMP4,GJA1,TPH1,BMP7,PTN,ENPP1,SLC8A1,PTGER4,SOX11,BMPR1A,WNT5A,NOTCH1,SOX9,WNT4,SMAD3,ZBTB16,PTPN11,MEF2C,GPM6B,BMPR2,TOB2,PTK2B,TWIST1,HIF1A,PKDCC,SFRP1,OSR1,P2RX7,FGF23"
"GO:BP","mesonephric epithelium development","GO:0072163","2.0339186687477086e-16","15.691666417401612","102","1691","39","21017","SMAD7,SPRY1,GREM1,SLIT2,WNT11,MYC,TGFB1,CAT,FGF2,TACSTD2,RARA,BCL2,BMP4,VEGFA,BMP7,WT1,SDC4,CTNNB1,HNF1B,GDNF,SOX9,GPC3,WNT4,SMAD3,PKD1,DLG1,NOG,ILK,PKD2,HES1,SHH,SFRP1,OSR1,FOXJ1,CITED1,LZTS2,LGR4,CTNNBIP1,MAGED1"
"GO:BP","mesonephric tubule development","GO:0072164","2.0339186687477086e-16","15.691666417401612","102","1691","39","21017","SMAD7,SPRY1,GREM1,SLIT2,WNT11,MYC,TGFB1,CAT,FGF2,TACSTD2,RARA,BCL2,BMP4,VEGFA,BMP7,WT1,SDC4,CTNNB1,HNF1B,GDNF,SOX9,GPC3,WNT4,SMAD3,PKD1,DLG1,NOG,ILK,PKD2,HES1,SHH,SFRP1,OSR1,FOXJ1,CITED1,LZTS2,LGR4,CTNNBIP1,MAGED1"
"GO:BP","positive regulation of myeloid cell differentiation","GO:0045639","2.0339186687477086e-16","15.691666417401612","102","1691","39","21017","FOXO3,TGFB1,TNF,IFNG,PF4,CD74,ISG15,RB1,INHBA,HSPA1A,ETS1,LIF,CREB1,HOXA5,KITLG,GATA2,IL12B,ACVR1B,STAT3,STAT1,STAT5B,PRKDC,ROR2,ID2,ZFP36L1,PPP3CA,KLF10,FADD,GPR68,HIF1A,IL23R,INPP5D,RAB7B,TRIB1,PRMT1,DCSTAMP,IL23A,CTNNBIP1,TNFRSF11A"
"GO:BP","toll-like receptor 4 signaling pathway","GO:0034142","2.2394752351894217e-16","15.649853735755595","57","1691","29","21017","ACOD1,TLR4,IRAK2,LTF,LYN,LBP,NR1D1,TNFAIP3,NFKBIA,PIK3R1,IRAK1,NAGLU,F2RL1,TIRAP,PRKCE,TRIM32,TRAF3,NR1H3,NMI,SQSTM1,DAB2IP,SCIMP,TAX1BP1,TICAM2,TICAM1,RAB7B,PELI1,PTPN22,LY96"
"GO:BP","lipopolysaccharide-mediated signaling pathway","GO:0031663","2.2394752351894217e-16","15.649853735755595","57","1691","29","21017","ACOD1,TLR4,IRAK2,BCL10,LTF,LYN,CD55,MIF,CD36,BPI,LBP,TNFAIP3,NFKBIA,NOS3,AKT1,PRDX2,IRAK1,CX3CL1,PRKCE,SCIMP,TICAM2,TICAM1,CACTIN,TRIB1,TRIM5,LACRT,NFKBIL1,PTPN22,LY96"
"GO:BP","nephron epithelium development","GO:0072009","2.357911902462303e-16","15.627472425275378","123","1691","43","21017","DLL1,GREM1,WNT11,MYC,TGFB1,EDN1,FGF2,TACSTD2,BCL2,BMP4,LIF,VEGFA,WT1,EDNRB,CD34,CTNNB1,HNF1B,GDNF,STAT1,NOTCH1,SOX9,GPC3,WNT4,PKD1,MEF2C,DLG1,NOG,ILK,PKD2,HES1,SHH,ADIPOQ,MAGI2,OSR1,FOXJ1,WNK4,CITED1,LZTS2,LGR4,WWTR1,HEYL,CTNNBIP1,MAGED1"
"GO:BP","endothelium development","GO:0003158","2.541416785929317e-16","15.594924105911451","134","1691","45","21017","PDE2A,KRIT1,DLL1,NRP1,ROCK2,TNF,IL1B,CXCL10,PROC,EDN1,ICAM1,GPX1,DMD,BMP4,CEACAM1,EZR,VEGFA,VCL,GSTM3,EDNRB,CD34,CTNNB1,RDX,TIE1,ACVRL1,NOTCH1,STC1,NAGLU,F2RL1,RHOB,RAP1A,NRG1,PDE4D,BMPR2,PROX1,FOXP3,SOX17,PLCB1,DLL4,GDF2,FZD4,FZD1,RAP2C,STARD13,F11R"
"GO:BP","erythrocyte differentiation","GO:0030218","2.541416785929317e-16","15.594924105911451","134","1691","45","21017","FOXO3,UFL1,EPO,INHA,SLC25A5,ISG15,RB1,LYN,INHBA,HSPA1A,KIT,THRA,G6PD,BMP4,ETS1,VEGFA,PTPN2,HOXA5,GATA2,ZFP36,ACVR1B,HSPA9,RPS19,STAT3,BCL6,STAT1,CASP3,STAT5B,CEBPG,B2M,PRKDC,ID2,ZFP36L1,DMTN,HIF1A,LDB1,ZFPM1,ADGRF5,INPP5D,CDK5RAP3,PRMT1,CITED2,TRIM10,KLF13,MAFB"
"GO:BP","positive regulation of lipid biosynthetic process","GO:0046889","2.591500729557006e-16","15.586448664562232","88","1691","36","21017","OGT,FSHB,INS,TNF,IFNG,IL1B,APOE,APOC2,ANXA1,CD74,CREB1,NR1D1,HTR2A,HTR2C,AKT1,PTGS2,SREBF1,HTR2B,MTOR,STAR,NR1H2,WNT4,RAB38,DAB2,PRKCD,PPARA,SREBF2,PRKAA1,NR1H3,RGN,ADGRF5,KAT2B,NR1H4,CHP1,ABHD6,SIRT4"
"GO:BP","interleukin-1 beta production","GO:0032611","2.832757159378269e-16","15.547790654163778","93","1691","37","21017","LGALS9,TLR4,AIM2,TNF,IFNG,APOA1,IGF1,IL6,GSTP1,CCL3,CD36,EGR1,AZU1,TNFAIP3,F2R,PML,ARRB2,CCR7,STAT3,WNT5A,CX3CR1,F2RL1,NLRP12,CX3CL1,SMAD3,AGER,IFI16,PYDC2,ZC3H12A,FFAR4,LILRB4,PYDC1,NLRP3,P2RX7,CCL19,GHRL,PYCARD"
"GO:BP","regulation of interleukin-1 beta production","GO:0032651","2.832757159378269e-16","15.547790654163778","93","1691","37","21017","LGALS9,TLR4,AIM2,TNF,IFNG,APOA1,IGF1,IL6,GSTP1,CCL3,CD36,EGR1,AZU1,TNFAIP3,F2R,PML,ARRB2,CCR7,STAT3,WNT5A,CX3CR1,F2RL1,NLRP12,CX3CL1,SMAD3,AGER,IFI16,PYDC2,ZC3H12A,FFAR4,LILRB4,PYDC1,NLRP3,P2RX7,CCL19,GHRL,PYCARD"
"GO:BP","cardiac septum development","GO:0003279","2.9337713079335295e-16","15.532573743108102","108","1691","40","21017","PDE2A,NRP1,SMAD7,SLIT3,PRDM1,SLIT2,HAND1,WNT11,TP53,BMP4,ENG,BMP7,BMP5,NOS3,MSX2,SOX11,BMPR1A,TGFBR2,WNT5A,NOTCH1,TGFB2,ANK2,SOX4,NOG,BMPR2,HES1,ZFPM1,ZFPM2,PROX1,RBM15,TBX5,CITED2,SEMA3C,EGLN1,SAV1,HEYL,CHD7,SUFU,FZD1,ROBO1"
"GO:BP","positive regulation of interleukin-6 production","GO:0032755","2.9657894608420986e-16","15.527859682451234","98","1691","38","21017","LGALS9,TLR4,EREG,TLR3,IL33,BCL10,TGFB1,TNF,IFNG,IL1B,CD74,IL6,HMGB1,CD36,LBP,TNFSF4,F2R,NOS2,STAT3,LEP,WNT5A,AIF1,F2RL1,TIRAP,PTPN11,BTK,DHX9,HYAL2,AGER,TWIST1,SCIMP,MAVS,TICAM1,LILRB2,RAB7B,P2RX7,TLR9,PYCARD"
"GO:BP","regulation of epithelial cell migration","GO:0010632","3.375811253783561e-16","15.471621843365044","66","1691","31","21017","IFNG,IL4,CTSH,TACSTD2,SRC,PLCG1,PTPRG,MCC,PFN2,TGFBR2,MTOR,SOX9,PTEN,TGFB2,ARF6,PRKCE,PTK2,HYAL1,BMPR2,PTPRR,HIF1A,DAB2IP,CLASP1,HAS2,ADIPOR1,MARVELD3,PTPN23,RTN4,EVL,CORO1C,IRS2"
"GO:BP","regulation of smooth muscle cell migration","GO:0014910","3.375811253783561e-16","15.471621843365044","66","1691","31","21017","TLR4,NRP1,SLIT2,PDGFB,PDGFA,IGF1,ITGB3,SERPINE1,TPM1,BCL2,BMP4,SRC,CCL5,IGFBP3,NF1,IGFBP5,BMPR1A,AIF1,ATP7A,MEF2C,LRP1,PRKG1,ADIPOQ,NFE2L2,CYP1B1,SEMA6D,HAS2,TRIB1,CORO1B,ADAMTS1,NDRG4"
"GO:BP","positive regulation of T cell mediated immunity","GO:0002711","3.375811253783561e-16","15.471621843365044","66","1691","31","21017","IL1B,IL4,IL6,CD55,PTPRC,HLA-E,PVR,HLA-G,ZP3,TNFSF4,IL12A,IL12B,XCL1,B2M,FADD,SLAMF1,MICB,HFE,IL23R,RAET1L,RAET1G,RAET1E,RSAD2,NECTIN2,NLRP3,P2RX7,ULBP3,ULBP2,ULBP1,FOXP3,IL23A"
"GO:BP","positive regulation of miRNA metabolic process","GO:2000630","3.375811253783561e-16","15.471621843365044","66","1691","31","21017","KLF4,FOXO3,EGFR,MYC,HRAS,PDGFB,TGFB1,PRL,TNF,TP53,JUN,FGF2,BMP4,ETS1,EGR1,WT1,NFKB1,IL10,GATA2,BMPR1A,SREBF1,PPARG,STAT3,SMARCA4,NR1H2,TGFB2,SMAD3,SREBF2,HIF1A,ZC3H12A,PNPT1"
"GO:BP","leukocyte degranulation","GO:0043299","3.5263846670990115e-16","15.452670315494855","84","1691","35","21017","KLRF2,SNAP23,LGALS9,STXBP3,PDPK1,RASGRP1,IL4,LYN,CCL3,CHGA,KIT,BCR,LAMP1,CEACAM1,FER,GATA2,IL4R,CORO1A,IL13,CCR2,RAB27A,F2RL1,STXBP1,VAMP2,BTK,FOXF1,IL13RA2,STXBP2,CPLX2,UNC13D,MILR1,VAMP8,CD300A,CD84,RABGEF1"
"GO:BP","sprouting angiogenesis","GO:0002040","4.044540328488271e-16","15.393130829835385","130","1691","44","21017","DLL1,ITGB1BP1,NRP1,SEMA3E,PDPK1,KLF4,GREM1,SLIT2,RECK,ABL1,TGFB1,ANXA1,THBS1,FGF2,HMOX1,BMP4,CEACAM1,VEGFA,IL10,GATA2,IL12A,IL12B,AKT1,PTGS2,ACVRL1,NOTCH1,MEOX2,SYNJ2BP,EGR3,MAP2K5,SEMA5A,PTK2B,ANGPT1,NRARP,CIB1,SEMA6A,MMRN2,RTN4,DLL4,ADAMTS9,GHRL,HDAC5,STARD13,ROBO1"
"GO:BP","embryonic organ morphogenesis","GO:0048562","4.2139506466354787e-16","15.375310555111257","305","1691","72","21017","DLL1,DVL1,FZD6,FOXH1,SIX3,NTN1,HAND1,WNT11,SOD1,COL2A1,RBP4,EDN1,TH,TGFB3,BCR,COL11A1,BMP4,MYF5,PDGFRA,GJA1,HOXB8,ENG,BMP7,HOXA5,GATA2,MSX1,HOXA7,HOXA9,CTNNB1,FBN1,HNF1B,SOX11,TGFBR2,WNT5A,NOTCH1,SOX9,MMP14,NAGLU,WNT3A,FOXL2,SMAD3,ID2,MEF2C,HYAL1,FOXF1,DLG1,NOG,MYO7A,PKD2,SCRIB,HES1,IHH,HLX,SHH,TWIST1,HIF1A,BBS7,BBS5,OSR1,BLOC1S5,RYR2,PROX1,BBS4,NODAL,MDFI,CITED2,FUZ,SOX17,CHD7,NDRG4,SUFU,MAFB"
"GO:BP","negative regulation of hydrolase activity","GO:0051346","4.3994849928769263e-16","15.356598159387078","99","1691","38","21017","RECK,TIMP1,HRAS,APOA2,APOC1,APCS,LTF,SERPINE1,CSN2,CR1,KLRK1,NOS1,AKT1,RDX,ARL2,SERPINB4,SERPINB9,TERF1,TMBIM6,LRP1,PLA2R1,MAPK7,TERF2,IFI16,LRRK2,DAB2IP,USP17L2,PARK7,CHP1,SPOCK3,EGLN1,WNK1,SH3BP4,GMIP,RCC2,PLXNB3,CAMK2A,ARFGEF1"
"GO:BP","response to type II interferon","GO:0034341","4.538348377960515e-16","15.343102169354864","147","1691","47","21017","ACOD1,LGALS9,STXBP3,TLR4,CCL21,CCL25,TLR3,CYP27B1,TNF,IFNG,CD74,TP53,EDN1,CCL3,IRF1,PIM1,CCL4,CCL2,CCL5,PTPN2,TRIM21,SP100,IL12B,GCH1,GBP1,NOS2,PPARG,SNCA,WNT5A,STAT1,WAS,XCL1,AIF1,NR1H2,STXBP1,CX3CL1,IFITM2,IRF8,BST2,NR1H3,VAMP3,IL23R,NLRC5,RAB7B,CCL19,CITED1,CAMK2A"
"GO:BP","positive regulation of cell-substrate adhesion","GO:0010811","4.607787187796024e-16","15.336507587158659","125","1691","43","21017","CCL21,ITGB1BP1,NRP1,CCL25,ABL1,PDGFB,APOA1,FGA,FGB,FGG,FN1,HRG,THY1,ITGB3,DMD,BRAF,HTN1,VEGFA,ALOX15,CD36,EPHA1,FBLN1,SDC4,CCR7,ARL2,GSK3B,EMP2,WNT4,CX3CL1,SMAD3,DAB2,PRKCE,C1QBP,PTPRJ,FOXF1,STK4,ILK,PTK2B,UNC13D,SFRP1,HAS2,CIB1,CCL28"
"GO:BP","mast cell activation","GO:0045576","4.755531870105396e-16","15.322800903472258","71","1691","32","21017","SNAP23,LGALS9,PLSCR1,PDPK1,RASGRP1,IL4,LYN,CHGA,KIT,FER,CNR1,GATA2,IL4R,PTPN6,CNR2,IL13,STXBP1,S100A12,BTK,FOXF1,IL13RA2,RHOH,STXBP2,CPLX2,UNC13D,MILR1,CD300LF,NECTIN2,VAMP8,CD300A,CD84,RABGEF1"
"GO:BP","cell surface pattern recognition receptor signaling pathway","GO:0002752","4.755531870105396e-16","15.322800903472258","71","1691","32","21017","ACOD1,TLR4,FCN1,IRAK2,FCN3,LTF,LYN,MBL2,LBP,NR1D1,TNFAIP3,NFKBIA,PIK3R1,IRAK1,NAGLU,F2RL1,TIRAP,PRKCE,TRIM32,TRAF3,NR1H3,NMI,SQSTM1,DAB2IP,SCIMP,TAX1BP1,TICAM2,TICAM1,RAB7B,PELI1,PTPN22,LY96"
"GO:BP","positive regulation of autophagy","GO:0010508","4.968355554303286e-16","15.303787331964623","153","1691","48","21017","TRIM38,FOXO3,PARK2,TRIM13,UFL1,IFNB1,IFNG,IL4,SLC25A5,ADRB2,DCN,HMGB1,HMOX1,TRIM21,HTT,GSK3A,GSK3B,PRKAA2,SESN2,CSNK2A1,TRIM32,PRKAA1,SQSTM1,RAB3GAP1,PRKD1,STK11,HIF1A,ZC3H12A,LRRK2,LRSAM1,TICAM1,ULK2,FLCN,SVIP,BAD,TP53INP1,SIRT1,PARK7,TMEM59,TRIM8,TRIM5,LACRT,TLR9,SH3BP4,MID2,TPCN1,FBXO7,SESN1"
"GO:BP","innate immune response activating cell surface receptor signaling pathway","GO:0002220","6.065123590803184e-16","15.21716034496114","90","1691","36","21017","ACOD1,TLR4,FCN1,IRAK2,FCN3,LTF,LYN,MBL2,SRC,LBP,NR1D1,TNFAIP3,NFKBIA,KLRK1,PIK3R1,IRAK1,NAGLU,F2RL1,TIRAP,PRKCE,EP300,TRIM32,TRAF3,NR1H3,PAK1,NMI,SQSTM1,DAB2IP,SCIMP,TAX1BP1,TICAM2,TICAM1,RAB7B,PELI1,PTPN22,LY96"
"GO:BP","tyrosine phosphorylation of STAT protein","GO:0007260","6.170501678461049e-16","15.209679525216334","76","1691","33","21017","TNF,IFNG,EPO,CSF2,IGF1,IL4,IL6,LYN,KIT,CCL5,OSM,LIF,FER,PTPN2,FGFR3,IL12A,IL12B,PPP2R1A,IL13,NF2,LEP,JAK3,PPP2CA,IL24,HES1,IL23R,IFNL1,IL31RA,PIBF1,HDAC2,IL21,IL23A,TNFSF18"
"GO:BP","columnar/cuboidal epithelial cell differentiation","GO:0002065","6.420424802830533e-16","15.192436236195672","126","1691","43","21017","DLL1,PDPK1,PAX4,KLF4,PRDM1,WNT11,ABL1,TGFB1,TYMS,SERPINE1,TUBB,FGF2,RARA,BMP4,SRC,GJA1,CEBPB,BMP7,HOXA5,BMP5,GATA2,MSX1,AKT1,CTNNB1,IL13,SOX11,WNT5A,NOTCH1,MAP1B,SOX9,GSK3A,GSK3B,WNT4,SOX4,HES1,HIF1A,IL31RA,PROX1,BAD,NODAL,RBM4,SAV1,TLR9"
"GO:BP","kidney morphogenesis","GO:0060993","6.497284681198865e-16","15.187268104026511","100","1691","38","21017","GREM1,WNT11,MYC,TGFB1,FGF2,TACSTD2,BCL2,BMP4,LIF,VEGFA,BMP7,WT1,CTNNB1,HNF1B,GDNF,STAT1,SOX9,GPC3,WNT4,PKD1,SOX4,PPP3CA,DLG1,NOG,ILK,PKD2,HES1,SHH,LRRK2,OSR1,FOXJ1,WNK4,CITED1,LZTS2,LGR4,WWTR1,CTNNBIP1,MAGED1"
"GO:BP","positive regulation of interleukin-8 production","GO:0032757","6.624794341261298e-16","15.178827599329527","63","1691","30","21017","LGALS9,TLR4,FCN1,TLR3,BCL10,TNF,IL1B,APOA2,CD74,SERPINE1,IL6,ELANE,HMGB1,HSPA1A,LBP,F2R,NOS2,STAT3,LEP,WNT5A,F2RL1,TIRAP,HYAL2,FADD,ADIPOQ,MAVS,PARK7,TLR9,GDF2,PYCARD"
"GO:BP","regulation of cell-substrate junction assembly","GO:0090109","6.624794341261298e-16","15.178827599329527","63","1691","30","21017","ITGB1BP1,NRP1,GREM1,ROCK2,ABL1,HRG,THY1,APOD,THBS1,SRC,VEGFA,VCL,SDC4,ACVRL1,MMP14,DUSP3,WNT4,PTEN,SMAD3,PTK2,DMTN,PTPRJ,GPM6B,CLASP1,PHLDB2,LDB1,SFRP1,DLC1,RCC2,CORO1C"
"GO:BP","regulation of focal adhesion assembly","GO:0051893","6.624794341261298e-16","15.178827599329527","63","1691","30","21017","ITGB1BP1,NRP1,GREM1,ROCK2,ABL1,HRG,THY1,APOD,THBS1,SRC,VEGFA,VCL,SDC4,ACVRL1,MMP14,DUSP3,WNT4,PTEN,SMAD3,PTK2,DMTN,PTPRJ,GPM6B,CLASP1,PHLDB2,LDB1,SFRP1,DLC1,RCC2,CORO1C"
"GO:BP","regulation of supramolecular fiber organization","GO:1902903","6.651844487060526e-16","15.17705791266974","386","1691","83","21017","CCL21,ITGB1BP1,NRP1,PARK2,ROCK2,SLIT2,BMP10,BAG4,APC2,WNT11,ABL1,CRYAB,APOA1,APOE,EDN1,RB1,GPX1,SERPINF2,TPM1,TACSTD2,HSPA1A,TGFB3,MAPT,IAPP,TRIM27,BRAF,ALOX15,FER,EPHA1,PIK3R1,CORO1A,SDC4,CCR7,PFN2,NF2,RDX,PTGER4,ACTN2,ARL2,SNCA,MTOR,WAS,CDKN1B,MAP1B,CXCL12,F2RL1,CAV3,WNT4,ARF6,CX3CL1,SMAD3,PRKCE,PRKCD,DMTN,DLG1,PPFIA1,PAK1,SEMA5A,DYRK1A,DCTN1,PTK2B,CDK5R1,PRKD1,AMOT,AP1AR,PSRC1,CLASP1,PHLDB2,SFRP1,PROX1,C16ORF45,DLC1,BBS4,PARK7,CIB1,CORO1B,INPP5K,RGCC,EVL,MAGEL2,PYCARD,F11R,ARFGEF1"
"GO:BP","glial cell differentiation","GO:0010001","6.767364547096619e-16","15.169580428137762","260","1691","65","21017","TLR4,DLL1,TP73,ZEB2,IL33,SOD1,ABL1,EGFR,F2,HRAS,TGFB1,TNF,IFNG,IL1B,ERBB2,IL6,SERPINE2,LYN,FGF2,MAPT,EGR2,DMD,LIF,NR1D1,PTN,NF1,DRD1,ERBB3,ADORA2A,AKT1,CTNNB1,DRD3,SOX11,PPARG,STAT3,CSK,MTOR,CDKN2C,NKX2-1,NOTCH1,ID4,SOX9,NAGLU,PTEN,CDK5,ROR2,ID2,PTPN11,SOX4,LRP1,EIF2B5,NOG,GPR17,ILK,GPM6B,HDAC1,HES1,AGER,SHH,NTRK2,METTL3,DTX1,HDAC2,EIF2B4,BOK"
"GO:BP","lipid transport","GO:0006869","7.171997304497564e-16","15.144359882333788","431","1691","89","21017","ANO9,APOL1,PLSCR1,SLC22A2,SYT7,PARK2,CIDEA,VPS4B,LYPLA1,APOM,EGF,POMC,IL1B,APOA1,APOE,APOA2,APOC1,APOC2,APOH,RBP4,ANXA1,APOD,ITGB3,EDN1,ITGAV,CRH,FABP1,THBS1,INHBA,NMB,SPP1,CYP19A1,CEACAM1,MIF,DRD2,CD36,LBP,NFKB1,ABCB4,DRD4,COMT,GAL,NFKBIA,NTSR1,AKT1,NOS2,PTGS2,DRD3,PPARG,LEP,STAR,CPT1A,MAP2K6,NR1H2,CYP4F2,DAB2,PPARD,PRKCD,PTPN11,PPARA,LRP1,SREBF2,PLA2R1,PRKAA1,NR1H3,GPS2,SHH,ADIPOQ,CRY1,SPNS2,TPCN2,ABCC2,SIRT1,WNK4,P2RX7,NKX3-1,SPX,C1QTNF1,OSBPL8,PLA2G2F,ABCG8,ABCG5,RETN,VAPA,GHRL,FZD4,PLA2G2D,IRS2,TNFRSF11A"
"GO:BP","cellular response to steroid hormone stimulus","GO:0071383","7.490088868062498e-16","15.125513029472737","215","1691","58","21017","ACOD1,MSTN,PER1,BCL2L11,FOXO3,KDM1A,NCOR1,FOXH1,UFL1,EGFR,TGFB1,ESR1,ANXA1,EDN1,CRH,PARP1,HSPA1A,SRC,SRD5A1,NR1D1,FSHR,ZFP36,DNAJA1,PHB,SERPINF1,HNF4A,NEDD4,GSK3A,SMARCA4,NR0B1,STC1,PRMT2,DEFA3,DAB2,HNRNPU,GHRHR,PPARD,ZFP36L1,PPARA,EP300,REST,PAK1,HDAC1,PKN1,CRY1,CYP1B1,SFRP1,ESR2,SIRT1,NODAL,PARK7,GPER1,PHB2,NKX3-1,HEYL,RNF6,PADI2,AXIN2"
"GO:BP","T cell mediated cytotoxicity","GO:0001913","7.528569254676249e-16","15.123287550205424","55","1691","28","21017","PTPRC,CTSH,CEACAM1,HLA-E,PVR,PPP3CB,IL7R,HLA-G,IL12A,IL12B,XCL1,RAB27A,EMP2,B2M,FADD,AGER,MICB,HFE,IL23R,RAET1L,RAET1G,RAET1E,NECTIN2,P2RX7,ULBP3,ULBP2,ULBP1,IL23A"
"GO:BP","negative regulation of carbohydrate metabolic process","GO:0045912","7.528569254676249e-16","15.123287550205424","55","1691","28","21017","PARK2,NCOR1,TGFB1,INS,TP53,FBP1,PRKACA,ENPP1,STAT3,GSK3A,GSK3B,HDAC4,SIK1,PPP2CA,CLTC,PPARA,EP300,GRB10,PRKG1,ADIPOQ,CRY1,MIDN,FLCN,USP7,INPP5K,C1QTNF3,TCF7L2,FOXA2"
"GO:BP","synaptic vesicle localization","GO:0097479","7.528569254676249e-16","15.123287550205424","55","1691","28","21017","AP3B1,TOR1A,LIN7A,SYN3,SYNJ1,PARK2,SNAPIN,SYN1,RAB3A,CTNNB1,SNCA,RAB27A,PTEN,BLOC1S1,CDK5,PICALM,LRRK2,BLOC1S3,BLOC1S2,NLGN1,BRSK1,BLOC1S5,SYN2,DTNBP1,BLOC1S4,BLOC1S6,NRXN1,PCLO"
"GO:BP","artery morphogenesis","GO:0048844","7.781301104615806e-16","15.1089477789344","72","1691","32","21017","NRP1,SMAD7,FOXH1,PRDM1,WNT11,COL3A1,APOE,EDN1,BMP4,VEGFA,ENG,NF1,BMPR1A,ACVRL1,TGFBR2,NOTCH1,NAGLU,TGFB2,SOX4,LRP1,FOXF1,NOG,PKD2,HES1,ARID2,ADGRF5,PROX1,CITED2,RTN4,DLL4,CHD7,ADAMTS9"
"GO:BP","regulation of ketone metabolic process","GO:0010565","8.844309546459943e-16","15.053336065735245","127","1691","43","21017","NCOR1,INS,IL1B,APOC1,APOC2,ANXA1,CD74,FABP1,CEACAM1,CREB1,EGR1,NR1D1,CNR1,BMP5,AKT1,PTGS2,IRS1,SREBF1,PPARG,SNCA,SOX9,STAR,CPT1A,NR1H2,WNT4,DAB2,PRKCE,PPARD,PPARA,REST,NR1H3,PRKG1,RGN,TWIST1,ADIPOQ,PIBF1,PROX1,KAT2B,SIRT1,NR1H4,PPARGC1A,IRS2,SIRT4"
"GO:BP","bone mineralization","GO:0030282","8.844309546459943e-16","15.053336065735245","127","1691","43","21017","FZD9,BMPR1B,CYP27B1,GREM1,WNT11,LTF,IGF1,ISG15,ADRB2,MGP,SRGN,CCL3,BMP4,ALOX15,GJA1,BMP7,ATF4,PTN,ENPP1,FGFR3,SLC8A1,PTGS2,BMPR1A,LEP,SOX9,GPC3,WNT4,SMAD3,ROR2,MEF2C,KLF10,GPM6B,BMPR2,PTK2B,TWIST1,HIF1A,PKDCC,OSR1,P2RX7,LGR4,FGF23,DUOX2,AXIN2"
"GO:BP","ureteric bud development","GO:0001657","9.467984935361485e-16","15.023742441754212","101","1691","38","21017","SMAD7,SPRY1,GREM1,SLIT2,WNT11,MYC,TGFB1,CAT,FGF2,TACSTD2,RARA,BCL2,BMP4,VEGFA,BMP7,WT1,SDC4,CTNNB1,HNF1B,GDNF,SOX9,GPC3,WNT4,SMAD3,DLG1,NOG,ILK,PKD2,HES1,SHH,SFRP1,OSR1,FOXJ1,CITED1,LZTS2,LGR4,CTNNBIP1,MAGED1"
"GO:BP","regulation of biomineral tissue development","GO:0070167","9.467984935361485e-16","15.023742441754212","101","1691","38","21017","FZD9,BMPR1B,CYP27B1,GREM1,ROCK2,TGFB1,LTF,ISG15,ADRB2,MGP,SRGN,CCL3,BMP4,GJA1,CEBPB,BMP7,ATF4,PTN,ENPP1,NOS3,SLC8A1,BMPR1A,NOTCH1,SOX9,WNT4,SMAD3,MEF2C,GPM6B,BMPR2,PTK2B,GAS6,TWIST1,HIF1A,PKDCC,OSR1,P2RX7,FGF23,FBXO5"
"GO:BP","substrate adhesion-dependent cell spreading","GO:0034446","9.467984935361485e-16","15.023742441754212","101","1691","38","21017","ITGB1BP1,NRP1,LPXN,ABL1,APOA1,FGA,FGB,FGG,FN1,ITGB3,ITGAV,TACSTD2,SRC,BRAF,HTN1,FER,EPHA1,FBLN1,PIK3R1,AXL,GBP1,DAB2,PTK2,TYRO3,C1QBP,DMTN,MERTK,ILK,VAMP3,AP1AR,UNC13D,HAS2,CIB1,PKP2,SRCIN1,RCC2,FZD4,CORO1C"
"GO:BP","regulation of glucose metabolic process","GO:0010906","9.467984935361485e-16","15.023742441754212","96","1691","37","21017","OGT,PARK2,INS,TP53,IGF1,FBP1,SRC,PRKACA,PTPN2,IGFBP3,AKT1,IRS1,LEP,GSK3A,RORC,SIK1,SESN2,PPARA,EP300,RGN,NCOA2,STK11,ADIPOQ,CRY1,MIDN,DYRK2,KAT2B,BAD,USP7,ADIPOR1,SIRT1,C1QTNF1,C1QTNF3,TCF7L2,PPARGC1A,FOXA2,IRS2"
"GO:BP","nuclear receptor-mediated signaling pathway","GO:0141193","9.716170426860668e-16","15.012504876041051","179","1691","52","21017","ALOX15B,CYP27B1,PER1,SNAI2,KDM1A,NCOR1,FOXH1,UFL1,ESR1,PARP1,RARA,THRA,PIM1,SRC,ALOX15,SP100,FSHR,PML,DNAJA1,PHB,PPARG,LEP,NEDD4,SMARCA4,NR0B1,PRMT2,DEFA3,DAB2,GHRHR,EP300,PAK1,GPS2,HDAC1,NCOA2,TWIST1,NCOA1,EZH2,PKN1,CRY1,SFRP1,ESR2,SIRT1,NR1H4,NODAL,PARK7,GPER1,PHB2,NKX3-1,CITED2,HEYL,RNF6,PADI2"
"GO:BP","positive regulation of MAP kinase activity","GO:0043406","9.77625756163717e-16","15.009827365190281","77","1691","33","21017","TLR4,RASGRP1,EGFR,HRAS,PDGFB,EGF,TNF,IL1B,PDGFA,ERBB2,EDN1,THBS1,ELANE,ADRA2A,FGF2,EDN3,VEGFA,DRD4,ERP29,WNT5A,HTR2B,S100A12,MAP3K10,PAK1,MAP2K5,EZH2,NTRK3,LRRK2,PIK3R6,DAB2IP,CCL19,ROBO1,TNFRSF11A"
"GO:BP","neuroinflammatory response","GO:0150076","9.77625756163717e-16","15.009827365190281","77","1691","33","21017","TLR3,ZEB2,IL33,EGFR,TNF,IFNG,IL1B,IGF1,IL4,IL6,PTPRC,CCL3,MAPT,AZU1,NR1D1,ADORA2A,IL13,PTGS2,SNCA,CD200,CX3CR1,NAGLU,AIF1,CX3CL1,LRP1,ADCY1,ATM,AGER,LRRK2,TRPV1,SYT11,TLR9,STAP1"
"GO:BP","cardiocyte differentiation","GO:0035051","1.0833051777297034e-15","14.965249181108966","150","1691","47","21017","MEIS1,DLL1,HDAC3,SPRY1,GREM1,BMP10,EGFR,TGFB1,IGF1,EDN1,INHBA,RARA,MYL2,G6PD,BMP4,VEGFA,PDGFRA,BMP7,WT1,ARRB2,SLC8A1,ACTN2,BMPR1A,MTOR,NOTCH1,GSK3A,NAGLU,CAV3,WNT3A,SIK1,TGFB2,HNRNPU,NRG1,MEF2C,PPARA,AKAP6,REST,PRKG1,HES1,TWIST1,PROX1,GPER1,TBX5,CITED2,SEMA3C,SOX17,CTDP1"
"GO:BP","response to estradiol","GO:0032355","1.1254524586759342e-15","14.948672845728572","117","1691","41","21017","WNT7A,EGFR,TGFB1,CRYAB,ESR1,CAT,ANXA1,TH,GPX1,F7,RARA,CYP19A1,NQO1,BMP7,SRD5A1,IL10,CRHBP,CD38,OXTR,SLC6A4,CTNNB1,PTGS2,MSX2,STAT3,OPRL1,LEP,CASP3,CDKN1B,MAP1B,STAT5B,STXBP1,HNRNPD,IHH,KCNJ11,NCOA1,EZH2,CYP1B1,SFRP1,ESR2,PPP1R9B,GPER1"
"GO:BP","positive regulation of non-canonical NF-kappaB signal transduction","GO:1901224","1.1301253075467595e-15","14.946873399561767","64","1691","30","21017","LGALS9,TLR4,DDX3X,TLR3,TNFSF14,GREM1,EGFR,TNF,IL1B,EDN1,EIF2AK2,CD27,IL12B,PHB,CD86,NLRP12,TRIM26,NMI,AGER,TRIP6,RC3H1,HAVCR2,EDA,PHB2,CCL19,IL23A,TLR9,TERF2IP,PYCARD,EDAR"
"GO:BP","T cell receptor signaling pathway","GO:0050852","1.1928238473468559e-15","14.9234236869028","139","1691","45","21017","RAB29,SH2D1A,BCL10,ABL1,ADA,HRAS,PRNP,THY1,LCK,PTPRC,CEACAM1,BRAF,EZR,PTPN2,PLCG1,PTPN6,CCR7,GBP1,CSK,DUSP3,UBASH3A,BTK,PDE4D,PTPRJ,EIF2B5,SHB,STK11,ZC3H12A,RC3H1,TRAT1,VTCN1,LILRB4,NFKBID,BTN2A2,NECTIN2,INPP5D,PAWR,FOXP3,WNK1,SLA2,CYLD,PHPT1,CD300A,EIF2B4,PTPN22"
"GO:BP","regulation of JNK cascade","GO:0046328","1.1928238473468559e-15","14.9234236869028","139","1691","45","21017","TLR4,MEN1,SDCBP,CCL21,WNT7A,HDAC3,TLR3,PER1,PARK2,PHLPP1,NCOR1,RASGRP1,EGFR,HRAS,TNF,IL1B,AMBP,SERPINF2,GSTP1,HMGB1,CD27,DNAJA1,CCR7,WNT5A,DUSP3,F2RL1,TIRAP,MAP3K10,STK3,GPS2,SLAMF1,PTK2B,AGER,DAB2IP,ZNF675,MARVELD3,CCL19,PRMT1,PLCB1,CYLD,TLR9,MDFIC,PYCARD,EDAR,PTPN22"
"GO:BP","positive regulation of protein localization to nucleus","GO:1900182","1.4000025661566188e-15","14.853871168274164","97","1691","37","21017","IPO5,HDAC3,F2,TGFB1,INS,IFNG,EDN1,PARP1,TPR,BMP4,SRC,PPP3CB,PIK3R1,AKT1,PTGS2,LEP,CDKN2A,PLK1,SESN2,SMAD3,PRKCD,EP300,HYAL2,TARDBP,TRIM28,PRKD1,SHH,STK11,ZC3H12A,MAVS,CDK5RAP3,PARK7,GLIS2,TRIM8,WWTR1,TCF7L2,PTPN22"
"GO:BP","cell fate commitment","GO:0045165","1.4437842909571285e-15","14.840497687822408","291","1691","69","21017","DLL1,WNT7A,NRP1,KLF4,MITF,PRDM1,APC2,WNT11,TP53,IL6,EDN1,FGF2,RARA,BCL2,MYL2,BMP4,MYF5,BRAF,SPN,WT1,GATA2,IL12B,PML,CTNNB1,HNF1B,BMPR1A,PPARG,STAT3,WNT5A,STAT6,MTOR,CASP3,NKX2-1,NOTCH1,SOX9,WNT3,WNT3A,WNT4,PRKDC,ID2,MEF2C,HDAC1,HES1,IHH,IRF4,SHH,RBBP7,IL23R,CDC73,CTR9,ZFPM1,SFRP1,PAF1,LEO1,HDAC2,PROX1,SLAMF6,SFRP2,NODAL,TBX5,FOXP3,TRIM15,SOX17,IL23A,TCF7L2,CYLD,DLL4,SUFU,FOXA2"
"GO:BP","digestive system development","GO:0055123","1.783927000653103e-15","14.748622921183095","146","1691","46","21017","PRDM1,WNT11,EGFR,ADA,TGFB1,TNF,COL3A1,TYMS,RB1,BCL2,TGFB3,KIT,SRC,PDGFRA,NPR2,HOXA5,EDNRB,OXTR,CTNNB1,HNF1B,SOX11,WNT5A,NOTCH1,SOX9,CLDN18,TGFB2,SMAD3,PKD1,ID2,FOXF1,HES1,IHH,HLX,SHH,HIF1A,PKDCC,SFRP5,BBS7,SFRP1,SFRP2,NODAL,LGR4,MIXL1,SAV1,SOX17,TLR9"
"GO:BP","regulation of morphogenesis of an epithelium","GO:1905330","1.9226859938006755e-15","14.716091637391717","65","1691","30","21017","SNAI2,GREM1,ABL1,EGF,TGFB1,TNF,CXCL10,ESR1,PDGFA,FGF2,TACSTD2,BMP4,LIF,VEGFA,GJA1,BMP7,CTNNB1,GDNF,WNT5A,SOX9,CAV3,WNT4,NOG,SHH,SULF1,SFRP1,PHB2,LGR4,MMRN2,MAGED1"
"GO:BP","T cell differentiation in thymus","GO:0033077","1.9559297312252914e-15","14.708646751741302","88","1691","35","21017","RASGRP1,SOD1,ABL1,ADA,IL1B,CD74,ERBB2,TP53,PTPRC,BCL2,BMP4,BRAF,SPN,IL7R,PTPN2,ITPKB,CCR7,CTNNB1,CDKN2A,STAT5B,WNT4,B2M,PRKDC,EGR3,TNFRSF9,ZFP36L1,FADD,IHH,SHH,STK11,CLEC4G,ZC3H8,FOXJ1,FOXP3,MAFB"
"GO:BP","cellular response to calcium ion","GO:0071277","1.9559297312252914e-15","14.708646751741302","88","1691","35","21017","SYT7,TRPM2,EDN1,INHBB,BRAF,ALOX15,DPEP1,CAPN3,SYT1,RYR1,CRHBP,ITPKB,WNT5A,PRKAA2,MEF2C,DMTN,ADCY1,PRKAA1,CAMK2D,PKD2,KCNB1,RYR3,SYT6,SYT10,SYT9,SYT12,NLGN1,SYT8,LGMN,SYT3,SYT15,SYT11,MCOLN1,SYT4,NRXN1"
"GO:BP","synapse organization","GO:0050808","2.2784050944934696e-15","14.642369056963563","485","1691","95","21017","FZD9,WASL,SDCBP,WNT7A,DVL1,NRP1,UNC13B,RAB29,SEMA3E,OGT,LRRTM2,KALRN,PPFIA3,PPFIA4,SNCG,ADGRL1,SNAPIN,NTN1,ABL1,INS,TNF,APOE,PRNP,ERBB2,ITGB3,TUBB,SRGAP2C,MAPT,DRD2,EZR,SYN1,CHRNB2,RAB3A,NF1,DRD1,IL10,F2R,OXTR,AKT1,PFN2,CTNNB1,SNCA,GDNF,WNT5A,MAP1B,NEDD4,CX3CR1,WNT3A,NRG3,PTEN,SNAP25,ARF6,RHOB,DLG4,CX3CL1,CDK5,ROR2,MEF2C,ANK3,DLG1,REST,PPFIA1,SEMA3F,PIN1,MTMR2,DCTN1,PTK2B,CDK5R1,SLC18A3,NTRK2,LRRK2,DAB2IP,CAPRIN2,LRRTM1,NLGN1,LILRB2,UNC13C,SEMA4D,APBB2,DTNBP1,VPS35,LGMN,SRCIN1,EGLN1,RAB17,ADNP,SEMA4A,NRXN2,GHRL,NRXN1,ZMYND8,FZD1,UNC13A,NRXN3,PCLO"
"GO:BP","heart contraction","GO:0060047","2.8796580941022683e-15","14.540659073580857","234","1691","60","21017","CASQ2,SMAD7,CLIC2,PDE5A,BMP10,SOD1,ADA,TNF,EDN1,TH,GPX1,ADRB1,TPM1,CHGA,THRA,MYL2,DMD,SRC,EDN3,DRD2,KCNE1,ATP2A2,GJA1,PRKACA,HRC,EDNRB,PLN,GSTM2,NOS3,NOS1,ADORA1,SRI,GCH1,SLC8A1,SREBF1,MTOR,GSK3A,MAP2K6,STC1,HDAC4,CAV3,FGF12,TGFB2,FKBP1B,GSTO1,ANK2,PDE4D,KCNH2,DLG1,TRDN,CAMK2D,RPS6KA2,ZC3H12A,TRPV1,RYR2,NEDD4L,TBX5,PKP2,SPX,KCNE5"
"GO:BP","regulation of muscle cell differentiation","GO:0051147","2.940762929596451e-15","14.531539984849605","142","1691","45","21017","DLL1,EREG,HDAC3,BMP10,PDGFB,TGFB1,SOD2,IGF1,EDN1,BCL2,KIT,G6PD,BMP4,MYF5,ENG,MSX1,ARRB2,BMPR1A,MTOR,NOTCH1,NOV,GSK3A,MMP14,HDAC4,CAV3,WNT3A,SIK1,NRG1,ID2,MEF2C,PPARA,AKAP6,TRIM32,BMPR2,PRKD1,SHH,MAPK11,EZH2,PROX1,SIRT1,GPER1,RBM4,BHLHE41,HDAC5,CTDP1"
"GO:BP","metanephros development","GO:0001656","3.0518452538961558e-15","14.515437491386495","94","1691","36","21017","SPRY1,GREM1,MYC,PDGFB,PDGFA,CTSH,BCL2,BMP4,LIF,PDGFRA,BMP7,EGR1,WT1,NF1,CD34,CTNNB1,FBN1,HNF1B,GDNF,STAT1,SOX9,GPC3,WNT4,PKD1,ID3,PKD2,HES1,SHH,ADIPOQ,OSR1,FOXJ1,NKX3-1,CITED1,LGR4,WWTR1,SOX17"
"GO:BP","camera-type eye development","GO:0043010","3.166562661581308e-15","14.499411913507583","352","1691","77","21017","BMPR1B,MEIS1,DLL1,WNT7A,NRP1,DCLK1,PAX4,KLF4,SPRY1,MITF,PRDM1,SIX3,EGFR,TGFB1,CRYAA,CRYAB,RBP4,THY1,TH,INHBA,FGF2,RARA,BMP4,MYF5,DRD2,VEGFA,PDGFRA,GJA1,BMP7,ATF4,WT1,NF1,PTPRM,CTNNB1,NF2,FBN1,SOX11,SERPINF1,ACVRL1,TGFBR2,STAT3,WNT5A,CASP2,CDKN1B,NOTCH1,SOX9,MTNR1B,SMARCA4,NAGLU,FOXL2,TGFB2,SMAD3,SLC6A3,BAX,MERTK,DLG1,HDAC1,BMPR2,HES1,IHH,RAB3GAP1,SHH,TWIST1,RPE65,NTRK2,HIF1A,CYP1B1,RORB,HDAC2,PROX1,DTNBP1,BBS4,CITED2,DLL4,CHD7,OPN4,FZD4"
"GO:BP","positive regulation of response to wounding","GO:1903036","3.266990496354193e-15","14.485852128881445","75","1691","32","21017","CLDN4,F2,PLG,F12,HRAS,APOH,ANXA1,HRG,SERPINE1,THBD,THBS1,SERPINF2,F7,ADRA2A,BRAF,HTN1,CD36,PTN,F2R,PRDX2,MTOR,FKBP1B,PRKCE,ATP7A,PTK2,DMTN,NFE2L2,CPB2,DUOX2,DUOX1,ARFGEF1,STK24"
"GO:BP","eye development","GO:0001654","3.4132213503417314e-15","14.466835546437208","404","1691","84","21017","BMPR1B,MEIS1,DLL1,WNT7A,NRP1,DCLK1,PAX4,KLF4,SPRY1,MITF,PRDM1,SIX3,EGFR,TGFB1,CRYAA,CRYAB,RBP4,THY1,TH,INHBA,FGF2,RARA,BCL2,BMP4,MYF5,DRD2,VEGFA,PDGFRA,GJA1,BMP7,ATF4,WT1,NF1,PTPRM,CTNNB1,NF2,FBN1,SOX11,SERPINF1,ACVRL1,TGFBR2,STAT3,WNT5A,CASP2,CDKN1B,NOTCH1,SOX9,MTNR1B,SMARCA4,NAGLU,FOXL2,TGFB2,SMAD3,SLC6A3,BAX,MERTK,DLG1,MYO7A,HDAC1,BMPR2,HES1,IHH,RAB3GAP1,SHH,TWIST1,RPE65,NTRK2,HIF1A,CYP1B1,BLOC1S3,BBS7,ADAMTS18,PXDN,RORB,HDAC2,PROX1,NKD1,DTNBP1,BBS4,CITED2,DLL4,CHD7,OPN4,FZD4"
"GO:BP","chemical synaptic transmission, postsynaptic","GO:0099565","3.496398343749343e-15","14.456379094162054","115","1691","40","21017","WNT7A,DVL1,UNC13B,NPFF,HCRT,DGKI,ADRB2,DRD2,CHRNB2,DRD4,ADORA2A,ADORA1,CHRNB4,NTSR1,AKT1,ARRB2,CHRNA3,SNCA,GSK3A,GSK3B,PTEN,STX1B,DLG4,ABAT,CDK5,MEF2C,PPP3CA,MTMR2,PTK2B,RAB3GAP1,GRIK5,STX1A,LRRK2,RIMS1,NLGN1,TRPV1,P2RX7,GHRL,NRXN1,ZMYND8"
"GO:BP","SMAD protein signal transduction","GO:0060395","3.810416510937988e-15","14.419027549648439","80","1691","33","21017","SMAD7,GREM1,BMP10,TGFB1,AMH,JUN,INHBA,PARP1,TGFB3,BMP4,ENG,BMP7,BMP5,PML,BMPR1A,ACVRL1,TGFBR2,PPARG,NOV,TGFB2,SMAD3,DAB2,LRP1,NOG,PIN1,BMPR2,HFE,MAGI2,FAM89B,NODAL,CITED1,WWTR1,GDF2"
"GO:BP","adult behavior","GO:0030534","4.2236544765748794e-15","14.374311617239075","149","1691","46","21017","AGRP,KALRN,PARK2,SNCG,DRD2,HOXB8,CHRNB2,TRH,DRD1,DRD4,CRHBP,HTR2A,CHRNB4,NTSR1,ARRB2,CHRNA3,OPRM1,DRD3,SNCA,GDNF,OPRK1,LEP,ASIP,CXCL12,ARCN1,PPT1,NAGLU,FGF12,ABAT,CDK5,EN1,PPARA,FADD,CARTPT,HDAC2,BTBD9,BBS4,PARK7,SEPT5,BBS2,CHD7,NRXN2,GHRL,NRXN1,FOXA2,NRXN3"
"GO:BP","hepaticobiliary system development","GO:0061008","4.2236544765748794e-15","14.374311617239075","149","1691","46","21017","AURKA,FOXH1,EGFR,ADA,TGFB1,TNF,ANXA1,SOD2,TYMS,IL6,RARA,CEACAM1,CEBPB,SRD5A1,PTN,NF1,TNFAIP3,IL10,HNF1B,NOTCH1,SOX9,CPT1A,CEBPG,NAGLU,UCP2,WNT3A,WNT4,ARF6,SMAD3,PKD1,ATP7A,PKD2,HNRNPD,HES1,IHH,HLX,RGN,EZH2,PNPT1,PROX1,CPB2,CDK5RAP3,NODAL,CITED2,SOX17,RTN4"
"GO:BP","T-helper 1 type immune response","GO:0042088","4.676960830222431e-15","14.330036267313966","50","1691","26","21017","TLR4,SOCS5,IL33,HRAS,IL1B,ANXA1,HMGB1,SPN,TNFSF4,IL4R,IL12B,CCR2,STAT6,MTOR,XCL1,JAK3,RELB,IL1RL1,SLAMF1,HLX,IL23R,IL27RA,HAVCR2,CCL19,SEMA4A,IL23A"
"GO:BP","renal system process","GO:0003014","5.078192295388367e-15","14.294290857766185","127","1691","42","21017","CLDN4,WFS1,OXSR1,PDGFB,EDN1,SERPINF2,BCL2,BCR,BMP4,DRD2,PRKACA,CHRNB2,COMT,PRKACB,EDNRB,F2R,CD34,ADORA2A,AVPR2,ADORA1,CHRNB4,CHRNA3,OPRL1,STC1,EMP2,F2RL1,HBB,CYP4F2,PPP3CA,HYAL2,GAS6,ADIPOQ,PKN1,SULF1,ADGRF5,TRPV1,HAS2,WNK4,LGMN,INPP5K,SPX,STK39"
"GO:BP","regulation of immunoglobulin production","GO:0002637","5.149266186347381e-15","14.288254657158243","76","1691","32","21017","IL33,TGFB1,TNF,RBP4,IL4,IL6,PTPRC,HLA-E,CR1,IL10,TNFSF4,IL4R,IL13,PHB,BCL6,CD86,STAT6,MSH2,TNFRSF4,XCL1,TMBIM6,BTK,IL13RA2,PKN1,IL27RA,MZB1,PHB2,NDFIP1,FOXP3,IL21,TLR9,MAD2L2"
"GO:BP","positive regulation of carbohydrate metabolic process","GO:0045913","5.149266186347381e-15","14.288254657158243","76","1691","32","21017","PDGFB,EGF,INS,IFNG,IGF1,SRC,PRKACA,PTPN2,NFKB1,HTR2A,NTSR1,AKT1,IRS1,SNCA,MTOR,P2RY1,PRKAA2,PRKCE,PPARA,PRKAA1,RGN,STK11,CRY1,HIF1A,DYRK2,HAS2,KAT2B,SIRT1,GPER1,P2RX7,PPARGC1A,IRS2"
"GO:BP","oocyte differentiation","GO:0009994","5.328195997251299e-15","14.273419808057142","67","1691","30","21017","MEIOC,EREG,AURKA,FOXO3,PDE5A,REC8,ANG,IGF1,EDN1,INHBB,WEE2,BCL2,NPR2,ZP3,NPPC,PPP2R1A,CDC25B,CTNNB1,BRCA2,WNT4,FOXL2,ATM,PTK2B,DMC1,RPS6KA2,SHB,TRIP13,SOHLH1,FBXO5,DMRT1"
"GO:BP","protein localization to cell surface","GO:0034394","5.328195997251299e-15","14.273419808057142","67","1691","30","21017","AP3B1,FCN1,TOR1A,TAX1BP3,LEPROT,ASTN2,WNT11,EGF,TNF,HSP90AB1,VCL,AKT1,CTNNB1,ACTN2,EMP2,CAV3,ARF6,ANK2,STX3,GPM6B,PICALM,PTPRK,ANGPT1,HFE,COMMD1,SNX33,PTPRU,NEDD4L,RAB11FIP5,GOPC"
"GO:BP","multicellular organism growth","GO:0035264","5.812220975243737e-15","14.235657882587255","156","1691","47","21017","HDAC3,XRCC2,FOXS1,ATRN,STC2,SGPL1,SOD1,GHRH,COL3A1,TP53,ADRB2,ERCC1,ADRB1,RARA,BCL2,DMD,ADRB3,DRD2,EZR,CREB1,NPR2,HOXA5,COMT,NPPC,STAT3,MTOR,STAT5B,ADARB1,SLC6A3,GHRHR,EN1,PTPN11,ZFP36L1,EP300,ATM,IHH,PKDCC,BBS4,LGMN,BBS2,WWTR1,PLEKHA1,DUOX2,PLAC8,CHD7,GHRL,ATF5"
"GO:BP","regulation of epithelial cell differentiation","GO:0030856","5.812220975243737e-15","14.235657882587255","156","1691","47","21017","DLL1,ALOX15B,TP73,CYP27B1,PAX4,SPRY1,ROCK2,TNF,IFNG,IL1B,PROC,SERPINE1,FGF2,BMP4,CEACAM1,LIF,VEGFA,CEBPB,BMP7,VCL,ZFP36,MSX1,HOXA7,CTNNB1,IL13,MSX2,ACVRL1,GDNF,STAT1,CDKN1B,NOTCH1,SOX9,STAT5B,ZFP36L1,KEAP1,HES1,EZH2,SFRP4,OSR1,BAD,FOXJ1,NODAL,WWTR1,PLCB1,TLR9,GDF2,F11R"
"GO:BP","intrinsic apoptotic signaling pathway in response to DNA damage","GO:0008630","5.933876935293691e-15","14.2266614649078","106","1691","38","21017","TP73,BCL2L11,SNAI2,KDM1A,SNAI1,ABL1,TNF,SOD2,CD74,TP53,BCL2,MIF,PIK3R1,PML,CASP2,MSH2,BAG6,CXCL12,BRCA2,MSH6,CDKN2D,PRKDC,BAX,BCL2L1,EP300,TRIM32,ATM,IFI16,CCAR2,PIAS4,DYRK2,BAD,SIRT1,SFRP2,MAEL,ING2,PYCARD,BOK"
"GO:BP","regulation of gliogenesis","GO:0014013","5.933876935293691e-15","14.2266614649078","106","1691","38","21017","TP73,UFL1,NTN1,IL33,EGFR,F2,TGFB1,LTA,TNF,IL1B,TP53,IL6,RB1,SERPINE2,LYN,EGR2,LIF,NR1D1,PTN,NF1,CTNNB1,NF2,DRD3,SOX11,PPP1CC,PPARG,MTOR,NOTCH1,ID4,ID2,ABCC8,NOG,HDAC1,HES1,SHH,EZH2,HDAC2,CERS2"
"GO:BP","visual system development","GO:0150063","6.145489088723797e-15","14.211443548077542","408","1691","84","21017","BMPR1B,MEIS1,DLL1,WNT7A,NRP1,DCLK1,PAX4,KLF4,SPRY1,MITF,PRDM1,SIX3,EGFR,TGFB1,CRYAA,CRYAB,RBP4,THY1,TH,INHBA,FGF2,RARA,BCL2,BMP4,MYF5,DRD2,VEGFA,PDGFRA,GJA1,BMP7,ATF4,WT1,NF1,PTPRM,CTNNB1,NF2,FBN1,SOX11,SERPINF1,ACVRL1,TGFBR2,STAT3,WNT5A,CASP2,CDKN1B,NOTCH1,SOX9,MTNR1B,SMARCA4,NAGLU,FOXL2,TGFB2,SMAD3,SLC6A3,BAX,MERTK,DLG1,MYO7A,HDAC1,BMPR2,HES1,IHH,RAB3GAP1,SHH,TWIST1,RPE65,NTRK2,HIF1A,CYP1B1,BLOC1S3,BBS7,ADAMTS18,PXDN,RORB,HDAC2,PROX1,NKD1,DTNBP1,BBS4,CITED2,DLL4,CHD7,OPN4,FZD4"
"GO:BP","negative regulation of lipid metabolic process","GO:0045833","6.32340642108729e-15","14.199048904101195","101","1691","37","21017","CYP27B1,SNAI2,CIDEA,NCOR1,SNAI1,SOD1,PDGFB,INS,TNF,IL1B,APOE,APOA2,APOC1,APOC2,PDGFA,APOD,ADRA2A,CEACAM1,NFKB1,CNR1,BMP5,ADORA1,AKT1,SREBF1,SOX9,NR0B1,WNT4,SIK1,REST,PRKAA1,PPP2R5A,PIBF1,PROX1,SIRT1,GPER1,GFI1,SIRT4"
"GO:BP","oocyte development","GO:0048599","6.460597402917695e-15","14.189727321510363","63","1691","29","21017","MEIOC,EREG,AURKA,FOXO3,PDE5A,REC8,ANG,IGF1,EDN1,INHBB,WEE2,BCL2,NPR2,ZP3,NPPC,PPP2R1A,CDC25B,CTNNB1,BRCA2,WNT4,FOXL2,ATM,PTK2B,DMC1,RPS6KA2,SHB,TRIP13,FBXO5,DMRT1"
"GO:BP","regulation of signaling receptor activity","GO:0010469","6.545857553893287e-15","14.184033449720227","96","1691","36","21017","NRP1,GREM1,SOCS5,FSHB,TNF,IFNG,SERPINE1,EDN1,CRH,ADRB2,ADRA2A,CCL2,ADRA2B,ADRA2C,IL10,CRHBP,OPRM1,PPARG,CCR2,SLC6A9,CAV3,DLG4,PRKCD,MEF2C,PPARA,NOG,HDAC1,PTK2B,HIF1A,HFE,CNIH2,NLGN1,LILRB4,HDAC2,PARK7,NRXN1"
"GO:BP","response to estrogen","GO:0043627","6.7638941971769204e-15","14.169803194383228","72","1691","31","21017","TNFRSF11B,WNT7A,MSTN,CYP27B1,EPO,APOA2,ESR1,CRH,F7,RARA,TGFB3,SRD5A1,GSTM3,GAL,CRHBP,CTNNA1,PPARG,OPRK1,MMP14,SERPINB9,CLDN18,GHRHR,EP300,PRKAA1,TRIM25,SFRP1,ESR2,CITED1,CITED2,BCAS3,GHRL"
"GO:BP","receptor internalization","GO:0031623","6.885439432592576e-15","14.162068337606021","128","1691","42","21017","SDCBP,LRRTM2,GREM1,EGF,ITGB3,CD63,CEACAM1,DRD2,EZR,VEGFA,CD36,RAB5A,DRD4,HTR1B,FCER1G,ARRB2,DRD3,SNCA,HTR2B,NEDD4,ARRB1,NUMB,CAV3,WNT3A,SNAP25,DLG4,CLTC,NRG1,FMR1,LRP1,PICALM,MTMR2,SCRIB,ANGPT1,SFRP4,LRRTM1,MAGI2,LILRB4,DTNBP1,ATXN2,LMBRD1,UBQLN2"
"GO:BP","heart process","GO:0003015","7.068052367913838e-15","14.150700241421674","245","1691","61","21017","CASQ2,SMAD7,CLIC2,PDE5A,BMP10,SOD1,ADA,TNF,EDN1,TH,GPX1,ADRB1,TPM1,CHGA,THRA,MYL2,DMD,SRC,EDN3,DRD2,KCNE1,ATP2A2,GJA1,PRKACA,HRC,EDNRB,PLN,GSTM2,NOS3,NOS1,ADORA1,SRI,GCH1,SLC8A1,SREBF1,MTOR,GSK3A,MAP2K6,STC1,HDAC4,CAV3,FGF12,TGFB2,FKBP1B,GSTO1,ANK2,PDE4D,KCNH2,DLG1,TRDN,CAMK2D,RPS6KA2,ZC3H12A,TRPV1,RYR2,NEDD4L,TBX5,PKP2,SPX,WWTR1,KCNE5"
"GO:BP","intrinsic apoptotic signaling pathway in response to oxidative stress","GO:0008631","7.511372199565831e-15","14.124280717554782","59","1691","28","21017","PARK2,NOL3,ARL6IP5,SOD1,INS,SOD2,GPX1,PARP1,BCL2,ATF4,IL10,SFPQ,PML,AKT1,CTNNB1,RACK1,PRKCD,MAPK7,NONO,NFE2L2,HIF1A,CYP1B1,SIRT1,PARK7,UBQLN1,FZD1,FBXO7,STK24"
"GO:BP","regulation of lymphocyte apoptotic process","GO:0070228","7.511372199565831e-15","14.124280717554782","59","1691","28","21017","LGALS9,BCL2L11,BCL10,ADA,CD74,TP53,LYN,BCL2,BMP4,CCL5,MIF,IDO1,IL7R,IL10,CD27,BCL6,WNT5A,RORC,JAK3,BTK,BAX,FADD,HIF1A,ZC3H8,P2RX7,TSC22D3,CD274,IRS2"
"GO:BP","regulation of CD4-positive, alpha-beta T cell activation","GO:2000514","8.003693311180298e-15","14.096709561191986","77","1691","32","21017","LGALS9,SMAD7,SOCS5,IFNG,IL2RA,ANXA1,IL4,CD55,HMGB1,RARA,TNFSF4,IL4R,IL12B,TGFBR2,BCL6,CD86,XCL1,JAK3,HLX,AGER,IRF4,SHB,ZC3H12A,RC3H1,IL23R,NFKBID,NLRP3,CCL19,NDFIP1,FOXP3,IL23A,CD274"
"GO:BP","negative regulation of leukocyte apoptotic process","GO:2000107","8.296901530978046e-15","14.081084064157988","55","1691","27","21017","CCL21,BCL10,ADA,CD74,BCL2,BMP4,CCL5,MIF,IDO1,IL7R,KITLG,CD27,ITPKB,AXL,CCR7,BCL6,CXCL12,RORC,JAK3,BCL2L1,MERTK,FADD,GAS6,HIF1A,TSC22D3,CCL19,IRS2"
"GO:BP","striated muscle cell differentiation","GO:0051146","8.811413492410999e-15","14.054954418181119","294","1691","68","21017","MEIS1,DLL1,HDAC3,TNFSF14,GREM1,BMP10,TGFB1,CXCL10,IGF1,IL4,EDN1,RB1,GPX1,TPM1,RARA,BCL2,PRKAR1A,MYL2,G6PD,DMD,BMP4,MYF5,VEGFA,PDGFRA,PPP3CB,WT1,CAPN3,RYR1,KEL,IL4R,IGFBP5,MSX1,NOS1,CASQ1,AKT1,ARRB2,SLC8A1,ACTN2,BMPR1A,MTOR,CASP3,NOTCH1,NOV,GSK3A,MMP14,NAGLU,HDAC4,CAV3,WNT3A,SIK1,HNRNPU,NRG1,MEF2C,CXCL9,PPARA,PPP3CA,AKAP6,TRIM32,PRKG1,PRKD1,SHH,EZH2,PROX1,SCGB3A1,TBX5,BHLHE41,HDAC5,CTDP1"
"GO:BP","extrinsic apoptotic signaling pathway via death domain receptors","GO:0008625","8.920018541109615e-15","14.04963424290042","82","1691","33","21017","BMPR1B,DDX3X,TNF,FGA,FGB,FGG,SERPINE1,ICAM1,GPX1,THBS1,HMOX1,BCL2,NF1,TNFAIP3,BMP5,SP100,PIK3R1,NOS3,GSK3B,BAX,BCL2L1,STK4,FADD,STK3,PEA15,DAB2IP,BLOC1S2,SFRP1,BAD,TMBIM1,SFRP2,PARK7,FAF1"
"GO:BP","nephron tubule development","GO:0072080","9.041603456627924e-15","14.043754544014265","102","1691","37","21017","DLL1,GREM1,WNT11,MYC,TGFB1,FGF2,TACSTD2,BCL2,BMP4,LIF,VEGFA,WT1,CTNNB1,HNF1B,GDNF,STAT1,NOTCH1,SOX9,GPC3,WNT4,PKD1,MEF2C,DLG1,NOG,ILK,PKD2,HES1,SHH,OSR1,WNK4,CITED1,LZTS2,LGR4,WWTR1,HEYL,CTNNBIP1,MAGED1"
"GO:BP","liver development","GO:0001889","9.151983793223948e-15","14.038484757620068","146","1691","45","21017","AURKA,FOXH1,EGFR,ADA,TGFB1,TNF,ANXA1,SOD2,TYMS,IL6,RARA,CEACAM1,CEBPB,SRD5A1,PTN,NF1,TNFAIP3,IL10,HNF1B,NOTCH1,SOX9,CPT1A,CEBPG,NAGLU,UCP2,WNT3A,WNT4,ARF6,SMAD3,PKD1,ATP7A,PKD2,HNRNPD,HES1,IHH,HLX,RGN,EZH2,PNPT1,PROX1,CPB2,CDK5RAP3,NODAL,CITED2,RTN4"
"GO:BP","epithelial tube formation","GO:0072175","1.0457401056797299e-14","13.980576235826007","135","1691","43","21017","SPINT2,FZD6,GREM1,BCL10,HAND1,ABL1,EGF,TGFB1,FGF2,RARA,BMP4,VEGFA,PRKACA,BMP7,BMP5,PRKACB,SDC4,CTNNB1,HNF1B,GDNF,WNT5A,CASP3,SOX9,WNT4,TGFB2,STK4,STK3,NOG,SCRIB,TWIST1,HIF1A,SFRP1,OSR1,PROX1,SFRP2,DLC1,BBS4,NODAL,CITED2,FUZ,SEMA4C,MMRN2,SUFU"
"GO:BP","cell surface toll-like receptor signaling pathway","GO:0140895","1.0734368467709436e-14","13.969223501209738","64","1691","29","21017","ACOD1,TLR4,IRAK2,LTF,LYN,LBP,NR1D1,TNFAIP3,NFKBIA,PIK3R1,IRAK1,NAGLU,F2RL1,TIRAP,PRKCE,TRIM32,TRAF3,NR1H3,NMI,SQSTM1,DAB2IP,SCIMP,TAX1BP1,TICAM2,TICAM1,RAB7B,PELI1,PTPN22,LY96"
"GO:BP","regulation of biological process involved in symbiotic interaction","GO:0043903","1.0734368467709436e-14","13.969223501209738","64","1691","29","21017","LGALS9,FCN1,TRIM38,SNX3,FCN3,IFNA2,APCS,LTF,CD74,ITGAV,HMGB1,TRIM21,FBLN1,F2RL1,IFITM2,PPARA,TRIM26,TRIM25,TRIM59,LRRC15,NECTIN2,TRIM11,TRIM62,TRIM8,TRIM31,TRIM5,BPIFA1,TRIM10,MID2"
"GO:BP","lymphocyte migration","GO:0072676","1.1048308464235416e-14","13.95670420893656","124","1691","41","21017","WASL,CCL21,CCL25,TNFSF14,CXCL13,CRTAM,OXSR1,ABL1,CXCL10,APOD,ITGB3,ICAM1,CCL3,CCL4,CCL2,CCL5,SPN,KLRK1,CORO1A,AKT1,CCR7,CD200,WNT5A,CCR2,XCL1,CXCL12,AIF1,CX3CL1,FADD,PTK2B,GAS6,IL27RA,SPNS2,GCSAM,TNFRSF14,CCL19,WNK1,STK39,PYCARD,PADI2,F11R"
"GO:BP","skeletal system morphogenesis","GO:0048705","1.11861698126917e-14","13.951318592109935","234","1691","59","21017","UNCX,BMPR1B,WNT7A,GREM1,SGPL1,TGFB1,COL2A1,COL3A1,LTF,MGP,FGF4,RARA,TGFB3,FGF6,THRA,COL11A1,BMP4,MYF5,BMP1,PDGFRA,HOXB8,BMP7,NPR2,HOXA5,FGFR3,NPPC,MSX1,HOXA7,HOXA9,CTNNB1,MSX2,SOX11,TGFBR2,SOX9,MMP14,STC1,SMAD3,PKD1,MEF2C,HYAL1,HYAL2,DLG1,NOG,BMPR2,IHH,TWIST1,SFRP4,SFRP1,OSR1,HAS2,NODAL,P2RX7,MDFI,CITED2,FUZ,RAB33B,PLEKHA1,RAB23,AXIN2"
"GO:BP","stress fiber assembly","GO:0043149","1.1842734414580843e-14","13.92654801010844","108","1691","38","21017","ITGB1BP1,NRP1,ZEB2,ROCK2,BAG4,WNT11,ABL1,APOA1,SERPINF2,TPM1,TACSTD2,TGFB3,SRC,BRAF,EPHA1,PIK3R1,SDC4,PFN2,NF2,PTGER4,MTOR,WAS,ARRB1,WNT4,SMAD3,PPFIA1,PAK1,PTK2B,AMOT,CLASP1,PHLDB2,SFRP1,DLC1,BBS4,INPP5K,RGCC,EVL,F11R"
"GO:BP","contractile actin filament bundle assembly","GO:0030038","1.1842734414580843e-14","13.92654801010844","108","1691","38","21017","ITGB1BP1,NRP1,ZEB2,ROCK2,BAG4,WNT11,ABL1,APOA1,SERPINF2,TPM1,TACSTD2,TGFB3,SRC,BRAF,EPHA1,PIK3R1,SDC4,PFN2,NF2,PTGER4,MTOR,WAS,ARRB1,WNT4,SMAD3,PPFIA1,PAK1,PTK2B,AMOT,CLASP1,PHLDB2,SFRP1,DLC1,BBS4,INPP5K,RGCC,EVL,F11R"
"GO:BP","actin filament bundle assembly","GO:0051017","1.2876752129443144e-14","13.89019366416047","159","1691","47","21017","ITGB1BP1,NRP1,PARK2,ZEB2,ROCK2,BAG4,WNT11,ABL1,APOA1,SERPINF2,TPM1,TACSTD2,TGFB3,SRC,BRAF,EZR,EPHA1,PIK3R1,SDC4,PFN2,NF2,RDX,PTGER4,MTOR,WAS,ARRB1,AIF1,WNT4,CX3CL1,SMAD3,DMTN,PPFIA1,PAK1,DPYSL3,PTK2B,AMOT,CLASP1,PHLDB2,SFRP1,PAWR,DLC1,BBS4,CORO1B,INPP5K,RGCC,EVL,F11R"
"GO:BP","regulation of actin filament bundle assembly","GO:0032231","1.291867030735651e-14","13.888782185094495","103","1691","37","21017","ITGB1BP1,NRP1,PARK2,ROCK2,BAG4,WNT11,ABL1,APOA1,SERPINF2,TPM1,TACSTD2,TGFB3,BRAF,EPHA1,PIK3R1,SDC4,PFN2,NF2,RDX,PTGER4,MTOR,WAS,WNT4,CX3CL1,SMAD3,PPFIA1,PAK1,AMOT,CLASP1,PHLDB2,SFRP1,DLC1,BBS4,INPP5K,RGCC,EVL,F11R"
"GO:BP","nephron morphogenesis","GO:0072028","1.3485591102891819e-14","13.870130012718844","83","1691","33","21017","GREM1,WNT11,MYC,TGFB1,FGF2,TACSTD2,BCL2,BMP4,LIF,VEGFA,BMP7,WT1,CTNNB1,HNF1B,GDNF,STAT1,SOX9,GPC3,WNT4,PKD1,DLG1,NOG,ILK,PKD2,HES1,SHH,OSR1,WNK4,CITED1,LZTS2,LGR4,CTNNBIP1,MAGED1"
"GO:BP","heart growth","GO:0060419","1.3485591102891819e-14","13.870130012718844","83","1691","33","21017","MEIS1,TP73,KCNK2,BMP10,ABL1,RBP4,IGF1,EDN1,FGF2,PRKAR1A,PIM1,G6PD,WT1,BMPR1A,NOTCH1,GSK3A,CAV3,TGFB2,NRG1,MEF2C,PPARA,AKAP6,NOG,PRKG1,MAPK11,ARID2,ZFPM2,PROX1,TBX5,CITED2,SAV1,NDRG4,CTDP1"
"GO:BP","negative regulation of post-translational protein modification","GO:1901874","1.410819028011129e-14","13.850528691544591","93","1691","35","21017","SMAD7,OGT,UFL1,ABL1,PRKCG,ISG15,HSPA1A,TRIM21,CAPN3,TNFAIP3,DNAJA1,AKT1,ARRB2,CTNNB1,CDKN2A,ARRB1,UBE2B,CDK5,PRKCE,SOX4,GPS2,SQSTM1,CRY1,PARP10,NXN,DCUN1D3,SVBP,FLCN,PARK7,CHP1,GTPBP4,WNK1,GNL3L,MAD2L2,FBXO5"
"GO:BP","sensory system development","GO:0048880","1.4544095820926023e-14","13.83731327284857","414","1691","84","21017","BMPR1B,MEIS1,DLL1,WNT7A,NRP1,DCLK1,PAX4,KLF4,SPRY1,MITF,PRDM1,SIX3,EGFR,TGFB1,CRYAA,CRYAB,RBP4,THY1,TH,INHBA,FGF2,RARA,BCL2,BMP4,MYF5,DRD2,VEGFA,PDGFRA,GJA1,BMP7,ATF4,WT1,NF1,PTPRM,CTNNB1,NF2,FBN1,SOX11,SERPINF1,ACVRL1,TGFBR2,STAT3,WNT5A,CASP2,CDKN1B,NOTCH1,SOX9,MTNR1B,SMARCA4,NAGLU,FOXL2,TGFB2,SMAD3,SLC6A3,BAX,MERTK,DLG1,MYO7A,HDAC1,BMPR2,HES1,IHH,RAB3GAP1,SHH,TWIST1,RPE65,NTRK2,HIF1A,CYP1B1,BLOC1S3,BBS7,ADAMTS18,PXDN,RORB,HDAC2,PROX1,NKD1,DTNBP1,BBS4,CITED2,DLL4,CHD7,OPN4,FZD4"
"GO:BP","response to UV","GO:0009411","1.640971646789364e-14","13.784898922755135","154","1691","46","21017","MEN1,KDM1A,EGFR,TIMP1,MYC,CAT,TP53,GPX1,ERCC1,ELANE,PARP1,BCL2,TYR,ATF4,PIK3R1,IL12A,IL12B,PML,AKT1,CASP3,MSH2,MAPK8,NEDD4,BRCA2,MSH6,CDKN2D,UBE2B,PRKCD,BAX,EP300,HYAL1,HYAL2,TRIM32,PRKAA1,CUL4A,PTPRK,MAPK11,STK11,METTL3,DCUN1D3,CCAR2,BRSK1,ERCC4,TP53INP1,SIRT1,EIF2AK4"
"GO:BP","heart valve development","GO:0003170","1.6718762324095664e-14","13.77679587616202","74","1691","31","21017","PDE2A,SNAI2,SLIT3,ROCK2,PRDM1,SLIT2,SNAI1,TGFB1,RB1,BMP4,NOS3,TIE1,BMPR1A,TGFBR2,MTOR,NOTCH1,SOX9,GSK3B,NAGLU,TGFB2,MEF2C,SOX4,BMPR2,TWIST1,ZFPM1,TBX5,HEYL,DLL4,ADAMTS9,AXIN2,ROBO1"
"GO:BP","regulation of tyrosine phosphorylation of STAT protein","GO:0042509","1.6718762324095664e-14","13.77679587616202","74","1691","31","21017","TNF,IFNG,EPO,CSF2,IGF1,IL4,IL6,LYN,KIT,CCL5,OSM,LIF,PTPN2,FGFR3,IL12A,IL12B,PPP2R1A,IL13,NF2,LEP,PPP2CA,IL24,HES1,IL23R,IFNL1,IL31RA,PIBF1,HDAC2,IL21,IL23A,TNFSF18"
"GO:BP","regulation of GTPase activity","GO:0043087","1.745751282051811e-14","13.75801763034791","210","1691","55","21017","ITGB1BP1,GNB5,TAX1BP3,CXCL13,RASGRP1,APC2,WNT11,SOD1,HRAS,THY1,ADRB1,BCR,VAV1,ADCYAP1,NF1,EPHA1,PRTN3,F2R,KLRK1,RDX,ARL2,RANGAP1,GSK3B,F2RL1,RAP1A,RACK1,PTK2,ABR,PICALM,PIN1,IQGAP2,PRKG1,SCRIB,RASA3,RAB3GAP1,EZH2,NTRK3,NTRK2,LRRK2,DAB2IP,USP17L2,PROM2,SFRP1,ARAP3,SEMA4D,FOXJ1,CCL19,RTN4R,WNK1,SH3BP4,GMIP,RCC2,PLXNB3,CORO1C,ARFGEF1"
"GO:BP","heart valve morphogenesis","GO:0003179","2.1538545596017514e-14","13.666783626058905","61","1691","28","21017","SNAI2,SLIT3,ROCK2,SLIT2,SNAI1,TGFB1,RB1,BMP4,NOS3,TIE1,BMPR1A,TGFBR2,MTOR,NOTCH1,SOX9,NAGLU,TGFB2,MEF2C,SOX4,BMPR2,TWIST1,ZFPM1,TBX5,HEYL,DLL4,ADAMTS9,AXIN2,ROBO1"
"GO:BP","positive regulation of miRNA transcription","GO:1902895","2.5247930104791443e-14","13.59777422074988","57","1691","27","21017","KLF4,FOXO3,EGFR,MYC,PDGFB,TGFB1,PRL,TNF,TP53,JUN,FGF2,BMP4,ETS1,EGR1,WT1,IL10,GATA2,BMPR1A,SREBF1,PPARG,STAT3,SMARCA4,NR1H2,TGFB2,SMAD3,SREBF2,HIF1A"
"GO:BP","telencephalon development","GO:0021537","2.541329308256039e-14","13.594939054944945","279","1691","65","21017","UNCX,KDM1A,SEMA7A,SLIT2,SUN1,SIX3,EGFR,COL3A1,TH,INHBA,SRGAP2C,RARA,DMD,BMP4,DRD2,KCNA2,SRD5A1,NF1,DRD1,AVPR2,OXTR,CTNNB1,NF2,WNT5A,CASP3,NKX2-1,ID4,CXCL12,NUMB,GSK3B,PLXNA3,WNT3A,NRG3,PTEN,CDK5,ID2,BAX,EIF2B5,HDAC1,HES1,CDK5R1,SHH,NCOA1,EZH2,NTRK2,HIF1A,LRRK2,SZT2,DAB2IP,DRAXIN,PROX1,C16ORF45,BBS4,PPP1R9B,BBS2,RTN4R,SEMA6B,SLC32A1,PLCB1,RTN4,CHD7,CORO1C,ATF5,ADGRG1,ROBO1"
"GO:BP","regulation of organic acid transport","GO:0032890","2.612027084415488e-14","13.583022324123148","75","1691","31","21017","ARL6IP5,TNF,IL1B,EDN1,THBS1,MIF,TRH,HTR1B,ADORA2A,ADORA1,NTSR1,AKT1,SNCA,LEP,MAP2K6,STXBP1,CYP4F2,ABAT,PPARA,PLA2R1,PRKAA1,PRKG1,GRM7,RAB3GAP1,NPY5R,DTNBP1,P2RX7,SYT4,IRS2,HRH3,TNFRSF11A"
"GO:BP","cardiac muscle tissue growth","GO:0055017","2.612027084415488e-14","13.583022324123148","75","1691","31","21017","MEIS1,TP73,KCNK2,BMP10,ABL1,RBP4,IGF1,EDN1,FGF2,PRKAR1A,PIM1,G6PD,BMPR1A,NOTCH1,GSK3A,CAV3,TGFB2,NRG1,MEF2C,PPARA,AKAP6,NOG,PRKG1,MAPK11,ARID2,ZFPM2,TBX5,CITED2,SAV1,NDRG4,CTDP1"
"GO:BP","regulation of reactive oxygen species metabolic process","GO:2000377","2.63765217833417e-14","13.57878247451729","144","1691","44","21017","ACOD1,TLR4,FOXO3,PARK2,TUSC2,DHFR,SOD1,EGFR,F2,HP,PDGFB,TGFB1,INS,TNF,CRYAB,SOD2,TP53,THBS1,GSTP1,BCL2,MAPT,BCR,G6PD,CD36,BMP7,MT3,GCH1,PRDX2,TGFBR2,SNCA,LEP,RAB27A,F2RL1,PRKCD,PPARA,PTK2B,NFE2L2,HIF1A,CYP1B1,ZC3H12A,LRRK2,PID1,PARK7,RNF41"
"GO:BP","import into nucleus","GO:0051170","2.7478279951363652e-14","13.561010456147093","168","1691","48","21017","IPO5,HDAC3,IL33,TGFB1,IFNG,TP53,APOD,HNRNPA1,TPR,BMP4,CD36,NF1,DRD1,NFKBIA,PIK3R1,PML,AKT1,PTGS2,STAT3,LEP,NOTCH1,PKIA,SUMO1,SMAD3,PRKCD,PPP3CA,EP300,HYAL2,STK4,TARDBP,STK3,TRIM28,SQSTM1,PRKD1,ANGPT1,SHH,ZC3H12A,LRRK2,MAVS,PHB2,CHP1,CABP1,MDFIC,ING1,RAB23,SUFU,PKIG,PTPN22"
"GO:BP","learning","GO:0007612","2.7858215533028836e-14","13.555046705894076","156","1691","46","21017","SYNJ1,KALRN,PARK2,DGKI,ABL1,HMGCR,CRH,TH,NPS,KIT,DRD2,BRAF,PPP3CB,CHRNB2,PTN,NF1,TACR2,DRD1,COMT,NTSR1,PTGS2,DRD3,OPRK1,OPRL1,HTT,PPT1,SNAP25,ASIC1,DLG4,CDK5,EN1,ABCC8,NOG,NTRK2,HIF1A,BRSK1,JPH3,PPP1R9B,LGMN,SYT11,PLCB1,EIF2AK4,NRXN2,NRXN1,NDRG4,NRXN3"
"GO:BP","actin filament bundle organization","GO:0061572","2.7858215533028836e-14","13.555046705894076","162","1691","47","21017","ITGB1BP1,NRP1,PARK2,ZEB2,ROCK2,BAG4,WNT11,ABL1,APOA1,SERPINF2,TPM1,TACSTD2,TGFB3,SRC,BRAF,EZR,EPHA1,PIK3R1,SDC4,PFN2,NF2,RDX,PTGER4,MTOR,WAS,ARRB1,AIF1,WNT4,CX3CL1,SMAD3,DMTN,PPFIA1,PAK1,DPYSL3,PTK2B,AMOT,CLASP1,PHLDB2,SFRP1,PAWR,DLC1,BBS4,CORO1B,INPP5K,RGCC,EVL,F11R"
"GO:BP","regulation of bone remodeling","GO:0046850","2.786810606375684e-14","13.554892545244664","53","1691","26","21017","TNFRSF11B,SYT7,GREM1,EGFR,FSHB,ITGB3,IL6,SPP1,IAPP,SRC,GJA1,NF1,TNFAIP3,FSHR,CD38,LEP,CSK,CLDN18,HAMP,CARTPT,SFRP1,UBASH3B,INPP5D,P2RX7,DCSTAMP,TNFRSF11A"
"GO:BP","response to heat","GO:0009408","2.8069216383339437e-14","13.55176971152452","100","1691","36","21017","TRPM2,SOD1,CRYAA,CRYAB,CXCL10,IGF1,LYN,THBS1,HSP90AB1,HMOX1,HSPA1A,MAPT,TPR,PRKACA,NF1,NOS3,NOS1,CASQ1,DNAJA1,AKT1,PTGS2,MTOR,GSK3B,IRAK1,HSPA2,SUMO1,EP300,EIF2B5,ATM,RBBP7,MICB,TRPV1,HDAC2,TP53INP1,SIRT1,EIF2B4"
"GO:BP","regulation of defense response to virus","GO:0050688","2.860931981515334e-14","13.543492467397014","66","1691","29","21017","TRIM38,AIM2,PPM1B,IL1B,IL4,SPN,TNFAIP3,IL12B,PML,STAT1,C1QBP,DHX9,TRAF3,TARBP2,MICB,ZC3H12A,IL23R,USP17L2,MAVS,APOBEC3F,TRAF3IP1,MUL1,TSPAN32,FOXP3,APOBEC3G,IL23A,EIF2AK4,PYCARD,PTPN22"
"GO:BP","regulation of striated muscle cell differentiation","GO:0051153","3.029020501161812e-14","13.518697787244458","85","1691","33","21017","DLL1,HDAC3,BMP10,TGFB1,IGF1,EDN1,BCL2,G6PD,BMP4,MYF5,MSX1,ARRB2,MTOR,NOTCH1,NOV,GSK3A,MMP14,HDAC4,CAV3,WNT3A,SIK1,NRG1,MEF2C,PPARA,AKAP6,TRIM32,PRKD1,SHH,EZH2,PROX1,BHLHE41,HDAC5,CTDP1"
"GO:BP","regulation of heart contraction","GO:0008016","3.2700019004150284e-14","13.485451994942308","200","1691","53","21017","CASQ2,SMAD7,CLIC2,PDE5A,BMP10,ADA,TNF,EDN1,TH,ADRB1,TPM1,CHGA,THRA,MYL2,DMD,SRC,EDN3,DRD2,KCNE1,ATP2A2,GJA1,PRKACA,HRC,EDNRB,PLN,GSTM2,NOS3,NOS1,ADORA1,SRI,GCH1,SLC8A1,SREBF1,GSK3A,STC1,HDAC4,CAV3,TGFB2,FKBP1B,GSTO1,ANK2,PDE4D,KCNH2,DLG1,TRDN,CAMK2D,ZC3H12A,TRPV1,RYR2,TBX5,PKP2,SPX,KCNE5"
"GO:BP","protein import into nucleus","GO:0006606","3.592451041313016e-14","13.44460914181099","163","1691","47","21017","IPO5,HDAC3,IL33,TGFB1,IFNG,TP53,APOD,TPR,BMP4,CD36,NF1,DRD1,NFKBIA,PIK3R1,PML,AKT1,PTGS2,STAT3,LEP,NOTCH1,PKIA,SUMO1,SMAD3,PRKCD,PPP3CA,EP300,HYAL2,STK4,TARDBP,STK3,TRIM28,SQSTM1,PRKD1,ANGPT1,SHH,ZC3H12A,LRRK2,MAVS,PHB2,CHP1,CABP1,MDFIC,ING1,RAB23,SUFU,PKIG,PTPN22"
"GO:BP","renal tubule development","GO:0061326","3.6303483070618176e-14","13.440051705383125","106","1691","37","21017","DLL1,GREM1,WNT11,MYC,TGFB1,FGF2,TACSTD2,BCL2,BMP4,LIF,VEGFA,WT1,CTNNB1,HNF1B,GDNF,STAT1,NOTCH1,SOX9,GPC3,WNT4,PKD1,MEF2C,DLG1,NOG,ILK,PKD2,HES1,SHH,OSR1,WNK4,CITED1,LZTS2,LGR4,WWTR1,HEYL,CTNNBIP1,MAGED1"
"GO:BP","immunoglobulin production","GO:0002377","3.6303483070618176e-14","13.440051705383125","106","1691","37","21017","NBN,IL33,TGFB1,TNF,RBP4,IL4,IL6,ERCC1,PTPRC,HLA-E,CR1,MSH3,IL10,TNFSF4,IL4R,IL13,PHB,BCL6,CD86,STAT6,MSH2,TNFRSF4,XCL1,MSH6,TMBIM6,PRKDC,BTK,IL13RA2,PKN1,IL27RA,MZB1,PHB2,NDFIP1,FOXP3,IL21,TLR9,MAD2L2"
"GO:BP","diencephalon development","GO:0021536","4.344403412569146e-14","13.36206985383401","81","1691","32","21017","NRP1,SEMA3E,SIX3,GHRH,CRH,FGF2,INHBB,BMP4,DRD2,CREB1,CHRNB2,SRD5A1,GATA2,CTNNB1,BMPR1A,WNT5A,NKX2-1,PLXNA3,NR0B1,HAP1,WNT4,SLC6A3,NHLH2,GHRHR,BAX,NOG,SEMA5A,HES1,RAB3GAP1,SHH,NCOA1,DUOX2"
"GO:BP","nephron epithelium morphogenesis","GO:0072088","4.344403412569146e-14","13.36206985383401","81","1691","32","21017","GREM1,WNT11,MYC,TGFB1,FGF2,TACSTD2,BCL2,BMP4,LIF,VEGFA,WT1,CTNNB1,HNF1B,GDNF,STAT1,SOX9,GPC3,WNT4,PKD1,DLG1,NOG,ILK,PKD2,HES1,SHH,OSR1,WNK4,CITED1,LZTS2,LGR4,CTNNBIP1,MAGED1"
"GO:BP","nitric oxide metabolic process","GO:0046209","4.344403412569146e-14","13.36206985383401","81","1691","32","21017","TLR4,KLF4,ROCK2,TNF,IFNG,IL1B,SOD2,EDN1,HSP90AB1,NQO1,CD36,IL10,KLRK1,NOS3,NOS1,GCH1,AKT1,NOS2,PTGS2,OPRM1,CX3CR1,HBB,SMAD3,PPARA,PKD2,PTK2B,RGN,CYP1B1,ZC3H12A,TICAM1,TRPV1,CYGB"
"GO:BP","positive regulation of cytokine production involved in immune response","GO:0002720","4.344403412569146e-14","13.36206985383401","81","1691","32","21017","TLR4,TLR3,SEMA7A,BCL10,IL1B,CD74,IL4,IL6,CD55,KIT,HLA-E,MIF,CD36,HLA-G,TNFSF4,WNT5A,XCL1,F2RL1,B2M,SLAMF1,RAET1G,SCIMP,MAVS,TICAM2,TICAM1,RSAD2,TNFRSF14,SIRT1,NLRP3,P2RX7,RTN4,PYCARD"
"GO:BP","lymphocyte apoptotic process","GO:0070227","4.344403412569146e-14","13.36206985383401","81","1691","32","21017","LGALS9,BCL2L11,BCL10,ADA,IL2RA,CD74,TP53,LYN,BCL2,BMP4,CCL5,MIF,IDO1,IL7R,IL10,FAS,CD27,AKT1,BCL6,WNT5A,RORC,JAK3,BTK,BAX,FADD,PKN1,HIF1A,ZC3H8,P2RX7,TSC22D3,CD274,IRS2"
"GO:BP","regulation of stress fiber assembly","GO:0051492","4.4559824715630047e-14","13.3510565262092","91","1691","34","21017","ITGB1BP1,NRP1,ROCK2,BAG4,WNT11,ABL1,APOA1,SERPINF2,TPM1,TACSTD2,TGFB3,BRAF,EPHA1,PIK3R1,SDC4,PFN2,NF2,PTGER4,MTOR,WAS,WNT4,SMAD3,PPFIA1,PAK1,AMOT,CLASP1,PHLDB2,SFRP1,DLC1,BBS4,INPP5K,RGCC,EVL,F11R"
"GO:BP","synaptic transmission, glutamatergic","GO:0035249","4.464176699517179e-14","13.350258623634433","112","1691","38","21017","UNC13B,PARK2,DGKI,EGFR,TNF,SERPINE2,NPS,CCL2,DRD2,NF1,CNR1,SYT1,DRD1,HTR1B,HTR2A,ADORA2A,ADORA1,OXTR,PTGS2,DRD3,CCR2,NAPA,STXBP1,CDK5,ROR2,MEF2C,ABCC8,PTK2B,GRM7,GRM4,RAB3GAP1,GRIK5,LRRK2,NLGN1,UNC13C,DTNBP1,NRXN1,UNC13A"
"GO:BP","positive regulation of B cell activation","GO:0050871","4.4818374418338777e-14","13.34854389956241","86","1691","33","21017","TLR4,ADA,TGFB1,CD74,IL4,IL6,PTPRC,BCL2,MIF,CHRNB2,IL10,TNFSF4,CD27,CD38,IL13,BCL6,STAT6,MSH2,TNFRSF4,MMP14,STAT5B,WNT3A,TIRAP,BTK,MEF2C,TICAM1,INPP5D,BAD,PELI1,IL21,TLR9,MAD2L2,IRS2"
"GO:BP","cell maturation","GO:0048469","4.570713256820317e-14","13.340016023271334","208","1691","54","21017","CCL21,EREG,AURKA,FOXO3,KDM1A,TUSC2,REC8,SIX3,SPINK1,TGFB1,EPO,FGG,ANG,SEMG1,TYMS,EDN1,RB1,WEE2,BCL2,G6PD,KCNE1,VEGFA,GJA1,PRKACA,NPR2,HOXA5,NPPC,GATA2,EDNRB,PPP2R1A,CDC25B,AXL,CTNNB1,PPARG,BRCA2,CX3CL1,SEMG2,GHRHR,BTK,PTK2B,HES1,DMC1,IHH,KCNB1,RPS6KA2,SHB,TRIP13,HIF1A,LRRK2,FOXJ1,CCL19,BCL11A,IL21,FBXO5"
"GO:BP","positive regulation of neuron projection development","GO:0010976","4.655755682196932e-14","13.332009818018324","158","1691","46","21017","APBB1,DVL1,KALRN,KDM1A,SNX3,ABL1,INS,EPO,APOE,LYN,DMD,BRAF,BMP7,PTN,CNR1,BMP5,SERPINF1,WNT5A,ARF6,RAP1A,FKBP1B,CX3CL1,ROR2,EP300,DPYSL3,PTK2B,PRKD1,EZH2,NFE2L2,NTRK3,NTRK2,DAB2IP,CAPRIN2,SETX,MAGI2,NLGN1,KAT2B,ANKRD27,PACSIN1,BCL11A,ADNP,NRXN1,PLXNB3,NDRG4,FZD1,STK24"
"GO:BP","regulation of morphogenesis of a branching structure","GO:0060688","4.88080630880739e-14","13.31150842665719","54","1691","26","21017","SNAI2,GREM1,ABL1,TGFB1,TNF,ESR1,PDGFA,TACSTD2,BMP4,VEGFA,BMP7,CTNNB1,GDNF,WNT5A,SOX9,CAV3,NOG,SHH,LRRK2,SULF1,SFRP1,PHB2,LGR4,BCL11A,RTN4,MAGED1"
"GO:BP","cellular response to insulin stimulus","GO:0032869","5.055898255026964e-14","13.296201674386463","202","1691","53","21017","MSTN,OGT,PDPK1,TBC1D4,HRAS,INS,IL1B,PRKCB,RB1,FBP1,INHBB,PARP1,SRC,CEACAM1,FER,RHOQ,PTPN2,SRD5A1,ENPP1,PIK3R1,AKT1,IRS1,SREBF1,PPARG,LEP,STAT1,MTOR,GSK3A,GSK3B,UCP2,VAMP2,PRKDC,GHRHR,PRKCD,PTPN11,ZFP36L1,PRKAA1,GRB10,NCOA2,NCOA1,ADIPOQ,PID1,MZB1,KAT2B,ADIPOR1,SIRT1,NR1H4,INPP5K,RBM4,OSBPL8,HDAC5,IRS2,MYO5A"
"GO:BP","nitric oxide biosynthetic process","GO:0006809","5.4777595941466494e-14","13.261397031816738","72","1691","30","21017","TLR4,KLF4,ROCK2,TNF,IFNG,IL1B,SOD2,EDN1,HSP90AB1,NQO1,CD36,IL10,KLRK1,NOS3,NOS1,GCH1,AKT1,NOS2,PTGS2,OPRM1,CX3CR1,HBB,SMAD3,PKD2,PTK2B,RGN,CYP1B1,ZC3H12A,TICAM1,TRPV1"
"GO:BP","reactive nitrogen species metabolic process","GO:2001057","6.517033836396115e-14","13.1859500241445","82","1691","32","21017","TLR4,KLF4,ROCK2,TNF,IFNG,IL1B,SOD2,EDN1,HSP90AB1,NQO1,CD36,IL10,KLRK1,NOS3,NOS1,GCH1,AKT1,NOS2,PTGS2,OPRM1,CX3CR1,HBB,SMAD3,PPARA,PKD2,PTK2B,RGN,CYP1B1,ZC3H12A,TICAM1,TRPV1,CYGB"
"GO:BP","regulation of myeloid leukocyte mediated immunity","GO:0002886","7.203093148517326e-14","13.142480969004303","59","1691","27","21017","LGALS9,PDPK1,IL4,LYN,BCR,HLA-E,FER,GATA2,IL4R,IL13,CCR2,CX3CR1,F2RL1,STXBP1,BTK,FOXF1,IL13RA2,STXBP2,UNC13D,MAVS,TICAM2,TICAM1,VAMP8,CD300A,CD84,RABGEF1,STAP1"
"GO:BP","regulation of SMAD protein signal transduction","GO:0060390","7.203093148517326e-14","13.142480969004303","59","1691","27","21017","SMAD7,GREM1,BMP10,TGFB1,AMH,INHBA,PARP1,TGFB3,BMP4,ENG,BMP7,BMP5,BMPR1A,ACVRL1,TGFBR2,PPARG,NOV,TGFB2,DAB2,LRP1,NOG,PIN1,BMPR2,HFE,FAM89B,NODAL,GDF2"
"GO:BP","monocyte chemotaxis","GO:0002548","7.332756296589278e-14","13.134732748497537","68","1691","29","21017","CCL21,CCL25,GREM1,SLIT2,PDGFB,CXCL10,ANXA1,SERPINE1,IL6,LYN,CTSG,HMGB1,CCL3,CCL4,CCL2,CCL5,RPS19,NBL1,CCR2,XCL1,CXCL12,NOV,CX3CR1,AIF1,CX3CL1,S100A12,LGMN,CCL19,TNFRSF11A"
"GO:BP","regulation of postsynaptic membrane potential","GO:0060078","7.770315778425015e-14","13.109561331515584","148","1691","44","21017","WNT7A,DVL1,UNC13B,NPFF,HCRT,DGKI,ADRB2,ADRB1,DRD2,KCNA2,CHRNB2,GABRB1,DRD4,ADORA2A,ADORA1,CHRNB4,NTSR1,AKT1,ARRB2,CHRNA3,SNCA,GSK3A,GSK3B,PTEN,STX1B,GABRE,DLG4,ABAT,CDK5,MEF2C,PPP3CA,MTMR2,PTK2B,RAB3GAP1,GRIK5,STX1A,LRRK2,RIMS1,NLGN1,TRPV1,P2RX7,GHRL,NRXN1,ZMYND8"
"GO:BP","positive regulation of blood vessel endothelial cell migration","GO:0043536","8.463927801293913e-14","13.072428049896955","55","1691","26","21017","NRP1,PDPK1,ABL1,PLG,PDGFB,TGFB1,ANXA1,THBS1,FGF2,HMGB1,HMOX1,ETS1,VEGFA,PLCG1,GATA2,NOS3,AKT1,PTGS2,PRKD1,ANGPT1,NFE2L2,HIF1A,AMOT,SIRT1,CIB1,ANGPT4"
"GO:BP","positive regulation of epithelial to mesenchymal transition","GO:0010718","8.463927801293913e-14","13.072428049896955","55","1691","26","21017","SDCBP,SNAI1,TGFB1,IL1B,IL6,TGFB3,BMP4,ENG,BMP7,CTNNB1,TGFBR2,MTOR,NOTCH1,EMP2,TGFB2,SMAD3,DAB2,PTK2,TWIST1,EZH2,HDAC2,WWTR1,RGCC,TCF7L2,MAD2L2,AXIN2"
"GO:BP","ventricular septum development","GO:0003281","8.519890530170856e-14","13.069565985332849","73","1691","30","21017","PDE2A,SMAD7,SLIT3,PRDM1,SLIT2,WNT11,BMP4,NOS3,SOX11,BMPR1A,TGFBR2,WNT5A,NOTCH1,TGFB2,SOX4,NOG,BMPR2,HES1,ZFPM1,ZFPM2,PROX1,RBM15,TBX5,CITED2,EGLN1,SAV1,HEYL,SUFU,FZD1,ROBO1"
"GO:BP","disruption of anatomical structure in another organism","GO:0141060","8.718592691445221e-14","13.059553610900487","98","1691","35","21017","APOL1,PGLYRP1,TUSC2,F2,C5,IFNG,PF4,LTF,HRG,SEMG1,FCER2,ELANE,CTSG,GZMB,CHGA,MBL2,DEFA4,HTN1,AZU1,GBP1,NOS2,RPS19,CAMP,F2RL1,NLRP6,DEFA3,CSNK2A1,S100A12,HAMP,DCD,DEFA6,MICB,USP7,PGLYRP3,TREM1"
"GO:BP","homotypic cell-cell adhesion","GO:0034109","8.718592691445221e-14","13.059553610900487","98","1691","35","21017","STXBP3,FGA,FGB,FGG,ITGB3,IL6,SERPINE2,LYN,CTSG,CCL5,CEACAM1,PDGFRA,VCL,PTPN6,SLC6A4,RDX,WNT3A,RAP2B,STXBP1,HBB,PLAUR,PRKCD,TYRO3,ANK3,ILK,PRKG1,ADAMTS18,UBASH3B,PTPRU,TSPAN32,PKP2,C1QTNF1,VPS33B,BLOC1S4,F11R"
"GO:BP","regulation of systemic arterial blood pressure","GO:0003073","8.718592691445221e-14","13.059553610900487","98","1691","35","21017","ATP6AP2,PDGFB,TNF,SOD2,EDN1,CRH,ADRB2,CTSG,ADRB1,SERPINF2,TPM1,ADRB3,EDN3,DRD2,ENG,COMT,FSHR,EDNRB,F2R,NOS3,AVPR2,ADORA1,OXTR,NTSR1,GSK3A,EMP2,F2RL1,CYP4F2,BMPR2,GAS6,RPS6KA2,TRPV1,BBS4,SPX,WNK1"
"GO:BP","regulation of generation of precursor metabolites and energy","GO:0043467","9.497549490223513e-14","13.022388434727706","137","1691","42","21017","OGT,NCOR1,POMC,INS,TNF,IFNG,TP53,IGF1,IL4,FBP1,PRKACA,ENPP1,HTR2A,AKT1,NOS2,IRS1,ARL2,SNCA,STAT3,MTOR,GSK3A,GSK3B,PRKAA2,HDAC4,PPP1CA,PPP2CA,ATP7A,PPARA,EP300,PRKAA1,GRB10,HIF1A,FLCN,PNPT1,DYRK2,KAT2B,PARK7,P2RX7,PHB2,INPP5K,PPARGC1A,IRS2"
"GO:BP","production of molecular mediator involved in inflammatory response","GO:0002532","9.680786484501932e-14","13.014089358393651","88","1691","33","21017","SNAP23,TLR4,TLR3,PER1,F2,INS,TNF,APOD,SERPINE1,IL6,LYN,CD36,LBP,IL4R,IL1R2,PRDX2,NOS2,RPS19,STAT3,LEP,MAPK9,BTK,PPARA,EZH2,HIF1A,ZC3H12A,NLRC3,TICAM2,TICAM1,LILRB4,VAMP8,CUEDC2,PYCARD"
"GO:BP","peptidyl-threonine phosphorylation","GO:0018107","9.688248145534278e-14","13.013754746118504","83","1691","32","21017","SMAD7,PDPK1,ROCK2,TNKS,OXSR1,EGF,AZU1,AKT1,ACVR1B,WNT5A,MAPK8,GSK3A,GSK3B,PLK1,CSNK2A1,PRKDC,CDK5,MAP3K10,PRKCD,DMTN,CAMK2D,DYRK1A,CDK5R1,PRKD1,STK11,LRRK2,INPP5K,WNK3,WNK1,STK39,CAMK2A,CAB39"
"GO:BP","negative regulation of cell cycle phase transition","GO:1901988","1.0281716171296139e-13","12.987934389084163","259","1691","61","21017","EME2,APBB1,OVOL1,KLF4,XRCC3,NBN,UFL1,TP53,RB1,LYN,INHBA,BCL2,TPR,CCL2,PML,TTK,CASP2,MSH2,CDKN1B,BRCA2,PLK1,CDKN2D,PRMT2,PTEN,PRKDC,PTPN11,RAD51,ZFP36L1,DLG1,ATM,PKD2,CUL4A,GPNMB,TRIP13,EZH2,CRY1,JADE1,CDC73,HORMAD1,CRLF3,DCUN1D3,CCAR2,BRSK1,BTN2A2,PROX1,APBB2,RAD50,EME1,CDK5RAP3,MUS81,BARD1,BRIP1,FANCD2,RGCC,EIF2AK4,MAD2L2,FBXO5,TIMELESS,ATF5,FBXO7,MAD1L1"
"GO:BP","regulation of cell projection assembly","GO:0060491","1.1938564736021443e-13","12.923047881304884","206","1691","53","21017","WASL,CCL21,NRP1,MSTN,RAB11FIP3,TRPM2,SLIT2,HRAS,HRG,ICAM1,TACSTD2,SRGAP2C,TGFB3,KIT,SRC,FER,RHOQ,RAB5A,PIK3R1,AKT1,CCR7,PFN2,RDX,MTOR,WAS,HTT,GSK3B,HAP1,F2RL1,ARF6,ATP7A,PRKCD,FMR1,DMTN,TRIM32,DPYSL3,USP17L2,NLGN1,BBS4,P2RX7,CCL19,FUZ,TCHP,RAB17,CYLD,ATG3,RCC2,EVL,NRXN1,PLXNB3,ZMYND8,CORO1C,STAP1"
"GO:BP","regulation of synaptic transmission, glutamatergic","GO:0051966","1.402830071075725e-13","12.852994933151045","79","1691","31","21017","DGKI,EGFR,TNF,SERPINE2,NPS,CCL2,DRD2,CNR1,SYT1,DRD1,HTR1B,HTR2A,ADORA2A,ADORA1,OXTR,PTGS2,DRD3,CCR2,STXBP1,CDK5,ROR2,MEF2C,PTK2B,GRM7,GRM4,RAB3GAP1,LRRK2,NLGN1,DTNBP1,NRXN1,UNC13A"
"GO:BP","negative regulation of protein modification by small protein conjugation or removal","GO:1903321","1.4085405068156912e-13","12.851230659055505","89","1691","33","21017","SMAD7,OGT,UFL1,ABL1,PRKCG,ISG15,HSPA1A,TRIM21,CAPN3,TNFAIP3,DNAJA1,AKT1,ARRB2,CTNNB1,CDKN2A,ARRB1,CDK5,PRKCE,SOX4,GPS2,SQSTM1,CRY1,PARP10,NXN,DCUN1D3,SVBP,PARK7,CHP1,GTPBP4,WNK1,GNL3L,MAD2L2,FBXO5"
"GO:BP","positive regulation of canonical Wnt signaling pathway","GO:0090263","1.552622097969598e-13","12.808934236955313","105","1691","36","21017","FZD9,DDX3X,ZEB2,PPM1B,ATP6AP2,TNKS,RECK,EGFR,EGF,TGFB1,FGF2,SRC,NFKB1,CDH3,PPM1A,GPC3,WNT3A,UBE2B,SMAD3,SOX4,ILK,PIN1,SEMA5A,LRRK2,SFRP4,CAPRIN2,NRARP,CCAR2,SFRP1,EDA,SFRP2,VPS35,LGR4,TNKS2,ADNP,WNK1"
"GO:BP","positive regulation of lipid localization","GO:1905954","1.552622097969598e-13","12.808934236955313","105","1691","36","21017","CIDEA,IL1B,APOA1,APOE,EDN1,CRH,NMB,SPP1,CYP19A1,MIF,CD36,NFKB1,ABCB4,GAL,NFKBIA,NTSR1,PPARG,MAP2K6,NR1H2,CYP4F2,DAB2,PRKCD,LRP1,SREBF2,PLA2R1,NR1H3,GPS2,ADIPOQ,ZC3H12A,SIRT1,P2RX7,NKX3-1,C1QTNF1,RETN,GHRL,TNFRSF11A"
"GO:BP","regulation of mitotic cell cycle phase transition","GO:1901990","1.6114758546989435e-13","12.792776197287589","333","1691","71","21017","DDX3X,AURKA,RAD51B,KLF4,RAD51C,XRCC3,NBN,VPS4B,EGFR,TGFB1,ANXA1,TP53,RB1,INHBA,BCL2,CDK4,TPR,CCL2,PTPN6,PML,CDC25B,AKT1,TTK,RDX,CASP2,CDKN2A,CDKN2C,CDKN1B,SMARCA2,SMARCA4,PLK1,HSPA2,AIF1,CDKN2D,PRMT2,PTEN,PKIA,PPP2CA,PRKDC,PKD1,ID2,ZFP36L1,HYAL1,DLG1,ATM,PKD2,CUL4A,ESPL1,GPNMB,TRIP13,EZH2,ARID2,JADE1,CDC73,CRLF3,DCUN1D3,BRSK1,BTN2A2,RAD50,CDK5RAP3,PPP1R9B,PHB2,BARD1,RGCC,PLCB1,RCC2,ADAMTS1,MAD2L2,FBXO5,FBXO7,MAD1L1"
"GO:BP","regeneration","GO:0031099","1.6509681677665986e-13","12.782261300266333","201","1691","52","21017","FZD9,WNT7A,MSTN,AURKA,KLF4,DHFR,EGFR,PLG,TGFB1,TNF,APOA2,ANXA1,THY1,TYMS,IGF1,APOD,IL6,GPX1,F7,BCL2,SPP1,DMD,BRAF,GJA1,CEBPB,CAPN3,PTN,IL10,AXL,CTNNA1,PPARG,CDKN1B,NOTCH1,MAP1B,CXCL12,NOV,CPT1A,UCP2,FKBP1B,PPARD,PPP3CA,ADAM15,GAS6,IHH,RGN,EZH2,PNPT1,PTPRU,CERS2,CPB2,RTN4R,STK24"
"GO:BP","regulation of cellular response to transforming growth factor beta stimulus","GO:1903844","1.6893288046498986e-13","12.77228581274555","145","1691","43","21017","MEN1,SDCBP,SMAD7,OGT,PDPK1,SPRY1,ZEB2,CIDEA,TGFB1,TP53,IL4,THBS1,HSP90AB1,HSPA1A,TGFB3,ENG,CDH3,PBLD,FBN1,SOX11,PPM1A,PPARG,NKX2-1,CAV3,FKBP1A,SMAD3,PPARA,EP300,PIN1,HDAC1,STK11,RBBP7,FAM89B,FLCN,HTRA1,HDAC2,SIRT1,CITED1,CITED2,ING2,BRMS1,ING1,STRAP"
"GO:BP","superoxide metabolic process","GO:0006801","1.8027605189883736e-13","12.744061961680073","70","1691","29","21017","CCS,DHFR,SOD1,EGFR,TGFB1,SOD2,MPO,EDN1,SOD3,GSTP1,MAPT,NQO1,CD36,BMP7,MT3,NOS3,GCH1,PRDX2,NOS2,NAGLU,F2RL1,ATP7A,PRKCD,PRDX1,NFE2L2,CYGB,IMMP2L,DUOX2,DUOX1"
"GO:BP","positive regulation of peptidyl-serine phosphorylation","GO:0033138","1.9102519391887336e-13","12.718909350771218","95","1691","34","21017","BAG4,EGFR,TNF,IFNA2,IFNB1,IFNG,IL6,BCL2,TXN,OSM,MIF,LIF,BRAF,VEGFA,IL11,NOS1,AKT1,PFN2,PTGS2,SNCA,WNT5A,GSK3A,WNT3A,STK4,PAK1,PRKD1,ANGPT1,NTRK3,NTRK2,SFRP2,PARK7,IP6K2,MAD2L2,NRXN1"
"GO:BP","nuclear chromosome segregation","GO:0098813","2.090904943514879e-13","12.679665710580384","320","1691","69","21017","MEIKIN,SYCE3,MEIOC,SYCE1L,RNF212B,AURKA,MSH4,XRCC3,VPS4B,SUN1,REC8,PTTG1,CCNE2,RB1,HSPA1A,TOP2A,TPR,CCNE1,PPP2R1A,TTK,BAG6,SMARCA2,SMARCA4,PLK1,TERF1,PTEN,UBE2B,HNRNPU,TOP2B,CENPC,ATM,DCTN2,DMC1,ESPL1,SYCP1,TRIP13,MAJIN,RNF212,ARID2,PSRC1,SYCE2,CLASP1,HORMAD1,TEX11,SYCE1,MEIOB,TERB1,SPATA22,M1AP,PIBF1,P3H4,KAT2B,MAEL,NDC1,SYCP2,BRIP1,TEX15,TEX12,FANCD2,AGO4,CCNB1IP1,PTTG2,RCC2,MLH3,MAD2L2,FBXO5,CHMP3,SPO11,MAD1L1"
"GO:BP","positive regulation of intracellular transport","GO:0032388","2.161992863002831e-13","12.6651457440384","140","1691","42","21017","IPO5,RAB29,HDAC3,PARK2,OAZ2,SNAPIN,TGFB1,IFNG,IL1B,TPR,EZR,PRKACA,PIK3R1,NF2,RDX,PTGS2,ACTN2,PPM1A,LEP,NEDD4,GSK3B,EMD,OAZ1,VAMP2,SMAD3,DAB2,PRKCD,DHX9,EP300,HYAL2,TARDBP,TRIM28,MTMR2,GAS6,PRKD1,SHH,STK11,ZC3H12A,MAVS,PTPN23,OAZ3,PTPN22"
"GO:BP","cellular response to hydrogen peroxide","GO:0070301","2.431261435602999e-13","12.614168338591872","66","1691","28","21017","KLF4,TRPA1,TRPM2,ABL1,CAT,ANXA1,IL6,EDN1,FABP1,TXN,SRC,NQO1,TNFAIP3,AXL,STAT6,RHOB,TOP2B,PRKCD,PRKAA1,MAPK7,EZH2,NFE2L2,CYP1B1,SETX,HDAC2,SIRT1,PARK7,PLEKHA1"
"GO:BP","protein stabilization","GO:0050821","2.4323718488828654e-13","12.613970031548455","216","1691","54","21017","DVL1,SMAD7,PARK2,USP2,WFS1,TRIM37,BAG4,CRYAA,CRYAB,APOA1,APOA2,CD74,TP53,IGF1,HSP90AB1,HSPA1A,LAMP1,PIM1,CREB1,MT3,PIK3R1,MSX1,PML,PFN2,PHB,CDKN2A,BAG6,PER3,PTEN,STXBP1,UBE2B,SUMO1,CSNK2A1,SMAD3,ANK2,PRKCD,SOX4,EP300,STK4,STK3,PIN1,USP13,USP7,MUL1,PARK7,PHB2,CHP1,GTPBP4,SAV1,SOX17,RTN4,HPS4,PPARGC1A,IP6K2"
"GO:BP","organic hydroxy compound biosynthetic process","GO:1901617","2.436455350787432e-13","12.613241542864387","243","1691","58","21017","ALOX15B,CYP27B1,SNAI2,ZEB2,SNAI1,DHFR,SOD1,TNF,IFNG,APOA1,APOE,HMGCR,TH,G6PD,CYP19A1,TYR,ALOX15,CREB1,TPH1,NFKB1,NR1D1,DDC,BMP5,CDH3,ITPKB,GCH1,NTSR1,SREBF1,SNCA,PMEL,LEP,WNT5A,ASIP,P2RY1,STAR,PRKAA2,WNT4,RAB38,TGFB2,DAB2,SLC6A3,ATP7A,OCA2,SREBF2,REST,PRKAA1,PRKG1,TPH2,PROX1,SIRT1,VPS35,NR1H4,PARK7,GPER1,GFI1,CITED1,IP6K2,SLC45A2"
"GO:BP","neural tube development","GO:0021915","2.7694815495624095e-13","12.557601523801257","159","1691","45","21017","DVL1,SPINT2,FZD6,ATP6AP2,BCL10,ABL1,TGFB1,RARA,BMP4,PRKACA,BMP7,NF1,BMP5,PRKACB,SDC4,WNT5A,CASP3,NOTCH1,WNT3A,TGFB2,PKD1,EN1,ZFP36L1,STK4,STK3,NOG,PKD2,SCRIB,HES1,SHH,TWIST1,HIF1A,SFRP1,PROX1,SFRP2,DLC1,BBS4,NODAL,CITED2,SEMA3C,FUZ,SEMA4C,CHRD,SOX17,SUFU"
"GO:BP","regulation of sodium ion transport","GO:0002028","2.7947926345957355e-13","12.553650409957068","71","1691","29","21017","PER1,TGFB1,SERPINE2,ADRB2,DMD,DRD2,DRD4,NOS3,NOS1,AKT1,NEDD4,CAV3,SIK1,FGF12,PRKCE,ANK3,DLG1,CAMK2D,COMMD1,OSR1,WNK4,NEDD4L,P2RX7,CHP1,PKP2,WNK3,WNK1,BPIFA1,STK39"
"GO:BP","positive regulation of alpha-beta T cell differentiation","GO:0046638","2.8608786408029143e-13","12.543500564686","53","1691","25","21017","LGALS9,AP3B1,SOCS5,ADA,IFNG,ANXA1,RARA,TNFSF4,IL4R,ITPKB,IL12B,TGFBR2,CD86,ZBTB16,IHH,HLX,SHB,SHH,IL23R,LILRB4,NFKBID,NLRP3,CCL19,FOXP3,IL23A"
"GO:BP","killing of cells of another organism","GO:0031640","2.9335594554167846e-13","12.532605105368985","91","1691","33","21017","APOL1,PGLYRP1,TUSC2,F2,C5,IFNG,PF4,LTF,HRG,SEMG1,FCER2,ELANE,CTSG,GZMB,CHGA,MBL2,DEFA4,HTN1,AZU1,GBP1,NOS2,RPS19,CAMP,F2RL1,NLRP6,DEFA3,S100A12,HAMP,DCD,DEFA6,MICB,PGLYRP3,TREM1"
"GO:BP","disruption of cell in another organism","GO:0141061","2.9335594554167846e-13","12.532605105368985","91","1691","33","21017","APOL1,PGLYRP1,TUSC2,F2,C5,IFNG,PF4,LTF,HRG,SEMG1,FCER2,ELANE,CTSG,GZMB,CHGA,MBL2,DEFA4,HTN1,AZU1,GBP1,NOS2,RPS19,CAMP,F2RL1,NLRP6,DEFA3,S100A12,HAMP,DCD,DEFA6,MICB,PGLYRP3,TREM1"
"GO:BP","excitatory postsynaptic potential","GO:0060079","2.980438529832564e-13","12.52571983086514","107","1691","36","21017","WNT7A,DVL1,NPFF,HCRT,DGKI,ADRB2,DRD2,CHRNB2,ADORA2A,ADORA1,CHRNB4,AKT1,ARRB2,CHRNA3,SNCA,GSK3A,GSK3B,PTEN,STX1B,DLG4,CDK5,MEF2C,PPP3CA,MTMR2,PTK2B,RAB3GAP1,GRIK5,STX1A,LRRK2,RIMS1,NLGN1,TRPV1,P2RX7,GHRL,NRXN1,ZMYND8"
"GO:BP","regulation of plasma membrane bounded cell projection assembly","GO:0120032","3.116200021529068e-13","12.506374673766372","204","1691","52","21017","WASL,CCL21,NRP1,MSTN,RAB11FIP3,TRPM2,SLIT2,HRAS,HRG,ICAM1,TACSTD2,SRGAP2C,TGFB3,KIT,FER,RHOQ,RAB5A,PIK3R1,AKT1,CCR7,PFN2,RDX,MTOR,WAS,HTT,GSK3B,HAP1,F2RL1,ARF6,ATP7A,PRKCD,FMR1,DMTN,TRIM32,DPYSL3,USP17L2,NLGN1,BBS4,P2RX7,CCL19,FUZ,TCHP,RAB17,CYLD,ATG3,RCC2,EVL,NRXN1,PLXNB3,ZMYND8,CORO1C,STAP1"
"GO:BP","interleukin-2 production","GO:0032623","3.1671905867948166e-13","12.499325802020294","62","1691","27","21017","ABL1,IL1B,ANXA1,PRNP,PTPRC,TRIM27,EZR,CR1,LAG3,TNFAIP3,ZFP36,CD34,GBP1,SFTPD,CCR2,CD86,XCL1,STAT5B,PDE4D,IRF4,IL20RB,VTCN1,LILRB4,HAVCR2,NR1H4,FOXP3,VSIG4"
"GO:BP","regulation of interleukin-2 production","GO:0032663","3.1671905867948166e-13","12.499325802020294","62","1691","27","21017","ABL1,IL1B,ANXA1,PRNP,PTPRC,TRIM27,EZR,CR1,LAG3,TNFAIP3,ZFP36,CD34,GBP1,SFTPD,CCR2,CD86,XCL1,STAT5B,PDE4D,IRF4,IL20RB,VTCN1,LILRB4,HAVCR2,NR1H4,FOXP3,VSIG4"
"GO:BP","maintenance of cell number","GO:0098727","3.4187022791400767e-13","12.46613871849457","185","1691","49","21017","DLL1,WNT7A,OGT,KLF4,FOXO3,MYC,IGF1,FGF4,KIT,LIF,BRAF,BMP7,PTN,GATA2,CTNNB1,HNF1B,BMPR1A,STAT3,NOTCH1,SOX9,SMARCA2,SMARCA4,HMGA2,SOX4,KLF10,REST,NOG,HDAC1,CUL4A,HES1,EZH2,RBBP7,CDC73,CTR9,METTL3,LDB1,SFRP1,PAF1,PIWIL2,LEO1,HDAC2,PROX1,NODAL,FANCD2,TRIM8,ING2,SAV1,BRMS1,ING1"
"GO:BP","endothelial cell differentiation","GO:0045446","3.4662023587405673e-13","12.46014608653872","113","1691","37","21017","PDE2A,DLL1,NRP1,ROCK2,TNF,IL1B,PROC,ICAM1,GPX1,DMD,BMP4,CEACAM1,EZR,VEGFA,VCL,GSTM3,EDNRB,CTNNB1,RDX,TIE1,ACVRL1,NOTCH1,STC1,F2RL1,RAP1A,NRG1,PDE4D,BMPR2,PROX1,FOXP3,SOX17,PLCB1,GDF2,FZD4,FZD1,RAP2C,F11R"
"GO:BP","negative regulation of proteolysis","GO:0045861","3.623513744900927e-13","12.440870086954146","154","1691","44","21017","OGT,RECK,F2,TIMP1,INS,LTF,PRNP,TP53,SERPINE1,PRKCG,CSN2,SERPINE2,THBS1,HSP90AB1,SERPINF2,CR1,IL10,IL1R2,PML,AKT1,CDKN2A,BAG6,SERPINB4,SERPINB9,NR1H2,CSNK2A1,CDK5,LRP1,NR1H3,SHH,IFI16,HFE,LRRK2,USP17L2,CCAR2,USP7,CPB2,PARK7,TIMP4,SPOCK3,SPINK5,SUFU,SNX12,SIRT4"
"GO:BP","regulation of transforming growth factor beta receptor signaling pathway","GO:0017015","3.661957642260703e-13","12.436286683474746","142","1691","42","21017","MEN1,SDCBP,SMAD7,OGT,PDPK1,SPRY1,ZEB2,CIDEA,TGFB1,TP53,THBS1,HSP90AB1,HSPA1A,TGFB3,ENG,CDH3,PBLD,FBN1,SOX11,PPM1A,PPARG,NKX2-1,CAV3,FKBP1A,SMAD3,PPARA,EP300,PIN1,HDAC1,STK11,RBBP7,FAM89B,FLCN,HTRA1,HDAC2,SIRT1,CITED1,CITED2,ING2,BRMS1,ING1,STRAP"
"GO:BP","long-term synaptic potentiation","GO:0060291","4.0818995617429634e-13","12.389137685635982","108","1691","36","21017","LRRTM2,ABL1,INS,APOE,HMGCR,PRNP,PRKCG,CRH,SERPINE2,DRD2,BRAF,PTN,NF1,DRD1,ADORA2A,ADORA1,SNCA,CX3CR1,GSK3B,SNAP25,VAMP2,ADCY1,NOG,STX3,SQSTM1,PTK2B,ITPR3,AGER,SLC18A3,NTRK2,SNAP47,LRRTM1,SYT12,LILRB2,LGMN,EIF2AK4"
"GO:BP","response to ethanol","GO:0045471","4.2591292382254467e-13","12.370679181575325","125","1691","39","21017","MSTN,SOD1,SPINK1,GNRH1,TNF,CAT,SOD2,TYMS,PRKCB,CRH,TH,RARA,G6PD,DRD2,NQO1,CHRNB2,CNR1,DRD4,NPPC,CRHBP,CD27,HTR1B,IL13,OPRM1,SREBF1,OPRK1,LEP,CPT1A,CLDN18,ABAT,SLC6A3,PRKCE,PPARA,PRKAA1,PTK2B,ADIPOQ,HDAC2,TP53INP1,TNFRSF11A"
"GO:BP","negative regulation of cellular response to growth factor stimulus","GO:0090288","4.723524765529476e-13","12.325733803287642","103","1691","35","21017","CASK,SMAD7,SPRY1,CXCL13,GREM1,SLIT2,FSTL3,ABL1,HRG,IL4,DCN,THBS1,FGF2,IL12A,IL12B,FBN1,PPM1A,PPARG,WNT5A,NBL1,NOTCH1,NEDD4,WNT4,NOG,DAB2IP,SULF1,SPG20,SFRP1,HTRA1,SFRP2,FUZ,SEMA6A,CHRD,MMRN2,FZD1"
"GO:BP","negative regulation of transmembrane receptor protein serine/threonine kinase signaling pathway","GO:0090101","4.746875919435686e-13","12.323592120337397","149","1691","43","21017","SMAD7,OGT,PDPK1,SPRY1,CIDEA,GREM1,FSTL3,ABL1,TP53,HSPA1A,TGFB3,ENG,CDH3,PBLD,FBN1,PPM1A,PPARG,WNT5A,NBL1,NKX2-1,NOTCH1,NOV,FKBP1A,PPARA,LRP1,NOG,PIN1,HDAC1,RBBP7,MAGI2,SPG20,SFRP1,FAM89B,HTRA1,HDAC2,SIRT1,SFRP2,ING2,CHRD,BRMS1,ING1,FZD1,STRAP"
"GO:BP","positive regulation of wound healing","GO:0090303","5.052141475976135e-13","12.296524496324256","63","1691","27","21017","CLDN4,F2,PLG,F12,HRAS,APOH,ANXA1,HRG,SERPINE1,THBD,THBS1,SERPINF2,F7,ADRA2A,HTN1,CD36,F2R,PRDX2,MTOR,PRKCE,PTK2,DMTN,NFE2L2,CPB2,DUOX2,DUOX1,ARFGEF1"
"GO:BP","positive regulation of tyrosine phosphorylation of STAT protein","GO:0042531","5.052141475976135e-13","12.296524496324256","63","1691","27","21017","TNF,IFNG,EPO,CSF2,IGF1,IL4,IL6,LYN,KIT,CCL5,OSM,LIF,FGFR3,IL12A,IL12B,IL13,LEP,IL24,HES1,IL23R,IFNL1,IL31RA,PIBF1,HDAC2,IL21,IL23A,TNFSF18"
"GO:BP","glucose metabolic process","GO:0006006","5.308433774657266e-13","12.27503359631195","187","1691","49","21017","OGT,PARK2,INS,TNF,RBP4,TP53,IGF1,APOD,ENO1,FBP1,G6PD,SRC,PRKACA,PTPN2,PFKL,IGFBP3,ATF4,AKT1,IRS1,LEP,GSK3A,CPT1A,RORC,SIK1,SESN2,PPARD,PPARA,EP300,PRKAA1,KCNJ11,RGN,NCOA2,STK11,ADIPOQ,CRY1,MIDN,DYRK2,KAT2B,BAD,USP7,ADIPOR1,SIRT1,C1QTNF1,C1QTNF3,TCF7L2,PPARGC1A,GHRL,FOXA2,IRS2"
"GO:BP","leukocyte activation involved in inflammatory response","GO:0002269","5.567805428793098e-13","12.254315949884196","50","1691","24","21017","TLR3,IL33,TNF,IFNG,IL4,IL6,PTPRC,CCL3,MAPT,AZU1,NR1D1,IL13,SNCA,CX3CR1,NAGLU,AIF1,CX3CL1,ATM,AGER,LRRK2,TRPV1,SYT11,TLR9,STAP1"
"GO:BP","regulation of T cell migration","GO:2000404","5.567805428793098e-13","12.254315949884196","50","1691","24","21017","CCL21,TNFSF14,CXCL13,OXSR1,ABL1,CXCL10,APOD,ITGB3,CCL5,SPN,CORO1A,CD200,WNT5A,CCR2,XCL1,CXCL12,AIF1,FADD,IL27RA,SPNS2,TNFRSF14,WNK1,STK39,PYCARD"
"GO:BP","urogenital system development","GO:0001655","5.898404974137554e-13","12.229265412863336","68","1691","28","21017","ALOX15B,WNT11,ESR1,AMH,ANXA1,RARA,CYP19A1,BMP4,BMP7,SRD5A1,GATA2,HOXA9,CTNNB1,SERPINF1,WNT5A,CDKN1B,NOTCH1,ID4,SOX9,NOG,SHH,STK11,SULF1,SFRP1,OSR1,ACD,EAF2,NKX3-1"
"GO:BP","adenylate cyclase-modulating G protein-coupled receptor signaling pathway","GO:0007188","6.103075366005126e-13","12.214451266969828","248","1691","58","21017","CORT,PDE2A,ADGRL1,GHRH,PF4,CXCL10,ITGB3,EDN1,ADRB2,ADRB1,ADRA2A,GNAO1,PRKAR1A,CHGA,ADRB3,DRD2,PRKACA,ADRA2B,ADCYAP1,ADRA2C,CNR1,DRD1,DRD4,PRKACB,FSHR,PLN,HTR1D,HTR1B,HTR1E,ADORA2A,NOS1,GNA11,AVPR2,ADORA1,CNR2,OPRM1,PTGER4,DRD3,OPRK1,OPRL1,PTGER3,P2RY1,MTNR1A,NPY2R,GSK3A,GHRHR,CXCL9,ADCY1,GRM7,GRM4,ADGRG3,ADGRF5,ARRDC3,GPER1,LGR4,HRH3,PTGDR2,ADGRG1"
"GO:BP","ketone metabolic process","GO:0042180","6.166950624540142e-13","12.209929528722325","214","1691","53","21017","NCOR1,FSHB,INS,IL1B,APOC1,APOC2,ANXA1,CD74,FABP1,CYP19A1,CEACAM1,IDO1,NQO1,CREB1,EGR1,SRD5A1,NR1D1,CNR1,BMP5,EDNRB,AKT1,PTGS2,IRS1,SREBF1,PPARG,SNCA,SOX9,STAR,CPT1A,STAT5B,NR1H2,WNT4,CYP4F2,DAB2,PRKCE,PPARD,PPARA,REST,NR1H3,PRKG1,RGN,TWIST1,ADIPOQ,PNKD,PIBF1,PROX1,KAT2B,SIRT1,NR1H4,PARK7,PPARGC1A,IRS2,SIRT4"
"GO:BP","lysosome localization","GO:0032418","6.361040267708886e-13","12.196471855172026","88","1691","32","21017","SNAP23,LGALS9,PDPK1,RASGRP1,SNAPIN,IL4,LYN,CHGA,KIT,FER,RAB3A,GATA2,IL4R,IL13,STXBP1,BLOC1S1,BTK,FOXF1,IL13RA2,STXBP2,CPLX2,BLOC1S2,UNC13D,MILR1,FLCN,VPS33A,SYTL4,VAMP8,VPS33B,CD300A,CD84,RABGEF1"
"GO:BP","vacuolar localization","GO:1990849","6.361040267708886e-13","12.196471855172026","88","1691","32","21017","SNAP23,LGALS9,PDPK1,RASGRP1,SNAPIN,IL4,LYN,CHGA,KIT,FER,RAB3A,GATA2,IL4R,IL13,STXBP1,BLOC1S1,BTK,FOXF1,IL13RA2,STXBP2,CPLX2,BLOC1S2,UNC13D,MILR1,FLCN,VPS33A,SYTL4,VAMP8,VPS33B,CD300A,CD84,RABGEF1"
"GO:BP","ventricular cardiac muscle tissue development","GO:0003229","6.491808576408968e-13","12.187634294673742","59","1691","26","21017","SMAD7,FOXH1,BMP10,HAND1,TGFB1,TPM1,MYL2,COL11A1,ENG,BMPR1A,NOTCH1,NAGLU,TGFB2,FKBP1A,NRG1,ID2,NOG,KCNJ11,ZFPM2,RYR2,PROX1,TBX5,PKP2,DLL4,CHD7,ADAMTS9"
"GO:BP","positive regulation of lipid transport","GO:0032370","6.636108132477556e-13","12.178086545951519","83","1691","31","21017","IL1B,APOA1,APOE,EDN1,CRH,NMB,SPP1,CYP19A1,MIF,ABCB4,GAL,NFKBIA,NTSR1,PPARG,MAP2K6,NR1H2,CYP4F2,DAB2,PRKCD,LRP1,PLA2R1,NR1H3,GPS2,ADIPOQ,SIRT1,P2RX7,NKX3-1,C1QTNF1,RETN,GHRL,TNFRSF11A"
"GO:BP","renal tubule morphogenesis","GO:0061333","6.636108132477556e-13","12.178086545951519","83","1691","31","21017","GREM1,WNT11,MYC,TGFB1,FGF2,TACSTD2,BCL2,BMP4,VEGFA,WT1,CTNNB1,HNF1B,GDNF,SOX9,GPC3,WNT4,PKD1,MEF2C,DLG1,NOG,ILK,PKD2,HES1,SHH,OSR1,WNK4,CITED1,LZTS2,LGR4,CTNNBIP1,MAGED1"
"GO:BP","regulation of synapse structure or activity","GO:0050803","7.299745937193489e-13","12.136692254947356","249","1691","58","21017","WASL,WNT7A,DVL1,OGT,LRRTM2,KALRN,ADGRL1,NTN1,ABL1,INS,TNF,APOE,PRNP,TUBB,DRD2,CHRNB2,NF1,IL10,OXTR,AKT1,CTNNB1,SNCA,WNT5A,NEDD4,PPT1,WNT3A,PTEN,SNAP25,STX1B,ARF6,RHOB,CDK5,ROR2,MEF2C,SEMA3F,DCTN1,PTK2B,CDK5R1,SLC18A3,NTRK2,LRRK2,DAB2IP,CAPRIN2,LRRTM1,NLGN1,LILRB2,SEMA4D,DTNBP1,VPS35,SRCIN1,EGLN1,RAB17,ADNP,SEMA4A,GHRL,NRXN1,ZMYND8,FZD1"
"GO:BP","response to corticosteroid","GO:0031960","7.557547209446348e-13","12.121619131250641","157","1691","44","21017","MSTN,BCL2L11,FOXO3,SLIT3,SLIT2,EGFR,TGFB1,TNF,EPO,APOA2,ANXA1,TYMS,IL6,EDN1,CRH,TH,INHBA,PTPRC,PARP1,BCL2,SCGB1A1,SRC,SRD5A1,COMT,IL10,ZFP36,HTR1B,PTGS2,SERPINF1,CASP3,GSK3A,STC1,UCP2,HNRNPU,GHRHR,ZFP36L1,REST,ADIPOQ,AANAT,CYP1B1,PTPRU,GPER1,STK39,AXIN2"
"GO:BP","response to ionizing radiation","GO:0010212","7.954021344559663e-13","12.099413247922325","139","1691","41","21017","MEN1,XRCC2,SNAI2,KDM1A,MYC,HRAS,TGFB1,CRYAB,CXCL10,ANXA1,SOD2,TP53,GPX1,THBD,ERCC1,PTPRC,PARP1,BCL2,XRCC5,EGR1,PML,CASP3,MSH2,BRCA2,RHOB,PRKDC,RAD51,BAX,BCL2L1,PRKAA1,ATM,STK11,IFI16,DCUN1D3,SFRP1,SIRT1,SFRP2,BARD1,FANCD2,ABCG5,RAD54B"
"GO:BP","positive regulation of nucleocytoplasmic transport","GO:0046824","7.956080648683649e-13","12.09930082319708","64","1691","27","21017","IPO5,HDAC3,TGFB1,IFNG,IL1B,TPR,PRKACA,PIK3R1,PTGS2,PPM1A,LEP,NEDD4,GSK3B,EMD,SMAD3,PRKCD,DHX9,EP300,HYAL2,TARDBP,TRIM28,GAS6,PRKD1,SHH,ZC3H12A,MAVS,PTPN22"
"GO:BP","negative regulation of chromosome organization","GO:2001251","8.327407270798573e-13","12.079490194662569","94","1691","33","21017","XRCC3,NBN,TNKS,TP53,HNRNPC,ERCC1,HNRNPA1,PARP1,TOP2A,TPR,SRC,PML,TTK,PLK1,TERF1,HNRNPU,ATM,ESPL1,TERF2,TRIP13,SMG6,RAD50,ERCC4,ACD,TINF2,TNKS2,PIF1,GNL3L,TERF2IP,RTEL1,MAD2L2,FBXO5,MAD1L1"
"GO:BP","phenol-containing compound metabolic process","GO:0018958","8.518879422859329e-13","12.069617528763242","116","1691","37","21017","PARK2,ZEB2,TH,TPO,BCL2,DRD2,TYR,TPH1,CHRNB2,SRD5A1,DDC,DRD1,DRD4,COMT,CDH3,GCH1,DRD3,SNCA,PMEL,WNT5A,ASIP,RAB38,TGFB2,ABAT,SLC6A3,ATP7A,OCA2,TPH2,PNKD,BTBD9,VPS35,PARK7,CITED1,DUOX2,DUOX1,SLC45A2,SNCAIP"
"GO:BP","bone resorption","GO:0045453","9.037443793656808e-13","12.043954390685585","69","1691","28","21017","TNFRSF11B,EGFR,FSHB,ITGB3,IL6,ADRB2,SPP1,IAPP,SRC,NF1,TNFAIP3,FSHR,CD38,CTNNB1,CSK,RAB7A,CLDN18,HAMP,PTK2B,IHH,CARTPT,ZNF675,UBASH3B,INPP5D,P2RX7,DCSTAMP,GPR55,TNFRSF11A"
"GO:BP","embryonic epithelial tube formation","GO:0001838","9.28514843790326e-13","12.032211148978913","122","1691","38","21017","SPINT2,FZD6,GREM1,BCL10,HAND1,ABL1,TGFB1,RARA,BMP4,PRKACA,BMP7,BMP5,PRKACB,SDC4,CTNNB1,HNF1B,GDNF,WNT5A,CASP3,SOX9,WNT4,TGFB2,STK4,STK3,NOG,SCRIB,TWIST1,HIF1A,SFRP1,OSR1,SFRP2,DLC1,BBS4,NODAL,CITED2,FUZ,SEMA4C,SUFU"
"GO:BP","response to gamma radiation","GO:0010332","9.55145121827494e-13","12.019930638028104","51","1691","24","21017","MEN1,XRCC2,KDM1A,MYC,HRAS,CRYAB,CXCL10,SOD2,TP53,GPX1,PTPRC,PARP1,BCL2,XRCC5,EGR1,PML,BRCA2,PRKDC,BAX,BCL2L1,PRKAA1,ATM,DCUN1D3,FANCD2"
"GO:BP","vasculogenesis","GO:0001570","9.614219559128171e-13","12.017085964147354","84","1691","31","21017","WNT7A,NRP1,SGPL1,TGFB1,ITGAV,CEACAM1,VEGFA,ENG,WT1,NPR2,CD34,CTNNB1,TIE1,TGFBR2,NOTCH1,EMP2,RAP1A,ZFP36L1,FOXF1,SHH,NTRK2,AMOT,ZFPM2,HAS2,TBX5,CITED1,CITED2,SOX17,RTN4,GDF2,FZD4"
"GO:BP","platelet aggregation","GO:0070527","9.655716865780263e-13","12.015215477524634","74","1691","29","21017","STXBP3,FGA,FGB,FGG,ITGB3,IL6,SERPINE2,LYN,CTSG,CEACAM1,PDGFRA,VCL,PTPN6,SLC6A4,WNT3A,RAP2B,STXBP1,HBB,PRKCD,TYRO3,ILK,PRKG1,ADAMTS18,UBASH3B,TSPAN32,C1QTNF1,VPS33B,BLOC1S4,F11R"
"GO:BP","nephron tubule morphogenesis","GO:0072078","9.831215106614156e-13","12.00739280144719","79","1691","30","21017","GREM1,WNT11,MYC,TGFB1,FGF2,TACSTD2,BCL2,BMP4,VEGFA,WT1,CTNNB1,HNF1B,GDNF,SOX9,GPC3,WNT4,PKD1,DLG1,NOG,ILK,PKD2,HES1,SHH,OSR1,WNK4,CITED1,LZTS2,LGR4,CTNNBIP1,MAGED1"
"GO:BP","regulation of heart growth","GO:0060420","1.0425091509823784e-12","11.981920124168393","60","1691","26","21017","TP73,KCNK2,BMP10,RBP4,IGF1,EDN1,FGF2,PIM1,G6PD,WT1,BMPR1A,NOTCH1,GSK3A,CAV3,NRG1,MEF2C,PPARA,AKAP6,NOG,MAPK11,ZFPM2,PROX1,TBX5,CITED2,SAV1,CTDP1"
"GO:BP","response to endoplasmic reticulum stress","GO:0034976","1.1947096169964363e-12","11.922737640373617","231","1691","55","21017","DDX3X,BCL2L11,PARK2,WFS1,STC2,UFL1,ABL1,TP53,JUN,THBS1,HSPA1A,BCL2,ALOX15,ATP2A2,CEBPB,PTPN2,ATF4,EIF2AK2,PIK3R1,PML,ERP29,BAG6,GSK3B,NR1H2,TMBIM6,SESN2,UBE2G2,RACK1,BAX,BCL2L1,NR1H3,EIF2B5,TARDBP,OS9,TRIM25,ITPR1,NFE2L2,LRRK2,YOD1,DAB2IP,UBAC2,SVIP,SCAMP5,USP13,ERLEC1,SIRT1,ERO1A,CDK5RAP3,DERL3,PARK7,DERL2,EIF2AK4,UBQLN1,BOK,UBE2J1"
"GO:BP","regulation of receptor signaling pathway via STAT","GO:1904892","1.2171737022808815e-12","11.914647439387874","106","1691","35","21017","LEPROT,F2,EGF,TGFB1,PRL,TNF,IFNA2,IFNB1,IFNG,IL4,IL6,PTPRC,KIT,CCL5,LIF,IL7R,PTPN2,IL10,F2R,PPP2R1A,NF2,PPARG,LEP,NOTCH1,JAK3,PPP2CA,EP300,PTK2B,HES1,CYP1B1,IFNL1,CRLF3,PIBF1,ADIPOR1,CAMK2A"
"GO:BP","regulation of proteolysis involved in protein catabolic process","GO:1903050","1.2205403151980357e-12","11.913447870995764","238","1691","56","21017","DVL1,AURKA,SMAD7,OGT,PARK2,CCDC22,SOCS5,PSMD10,WFS1,UFL1,IL33,EGF,APOE,PRKCG,GPX1,HSP90AB1,HSPA1A,PRKACA,PML,AKT1,CDKN2A,MAPK9,BAG6,GSK3A,GSK3B,PLK1,CAV3,PTEN,SUMO1,RACK1,CSNK2A1,DAB2,PKD1,PTK2,FMR1,KEAP1,PTK2B,SHH,RGN,NFE2L2,HFE,LRRK2,DAB2IP,BBS7,CCAR2,COMMD1,USP13,USP7,RHBDF1,TRIB1,PARK7,UBQLN2,UBQLN1,SUFU,BTRC,AXIN2"
"GO:BP","membrane docking","GO:0022406","1.286048338120137e-12","11.890742707473764","90","1691","32","21017","STXBP3,UNC13B,SNPH,SNX3,PPFIA3,STX11,ICAM1,EZR,ATP2A2,RAB3A,RAB3B,SYT1,STX2,RAB7A,SNAP25,STX1B,STXBP1,STX3,KCNB1,STXBP2,VAMP3,STX1A,CPLX2,STX19,UNC13C,CHP1,VAMP8,SYTL2,VAPA,BLOC1S6,NDRG4,UNC13A"
"GO:BP","chemokine-mediated signaling pathway","GO:0070098","1.286048338120137e-12","11.890742707473764","90","1691","32","21017","CCL21,CCL25,CXCL13,SLIT3,SLIT2,OXSR1,PF4,CXCL10,EDN1,LYN,CCL3,CCL4,CCL2,CCL5,CCR7,CCR2,XCL1,CXCL12,CX3CR1,CX3CL1,CXCL9,GPR17,PTK2B,HIF1A,RBM15,CCL19,CIB1,WNK1,GPR35,STK39,PADI2,ROBO1"
"GO:BP","regulation of CD4-positive, alpha-beta T cell differentiation","GO:0043370","1.323638197085021e-12","11.878230708614112","56","1691","25","21017","LGALS9,SMAD7,SOCS5,IFNG,ANXA1,IL4,HMGB1,RARA,TNFSF4,IL4R,IL12B,BCL6,CD86,JAK3,HLX,IRF4,SHB,ZC3H12A,RC3H1,IL23R,NFKBID,NLRP3,CCL19,FOXP3,IL23A"
"GO:BP","actin filament organization","GO:0007015","1.3604456329271247e-12","11.866318809115041","464","1691","86","21017","WASL,CCL21,ITGB1BP1,NRP1,PARK2,ZEB2,DIAPH1,ROCK2,SLIT2,BAG4,WNT11,ABL1,APOA1,ANG,SERPINF2,TPM1,TACSTD2,BCL2,TGFB3,SRC,TRIM27,BRAF,EZR,ALOX15,FER,RHOQ,EPHA1,PIK3R1,CORO1A,SDC4,CCR7,PFN2,NF2,RDX,PTGER4,ACTN2,MTOR,WAS,CXCL12,ARRB1,EMP2,AIF1,F2RL1,CAV3,WNT4,ARF6,RHOB,CX3CL1,SMAD3,PRKCE,PRKCD,DMTN,DLG1,PPFIA1,PAK1,MYO7A,IQGAP2,SEMA5A,DPYSL3,PTK2B,RHOH,AMOT,AP1AR,CLASP1,PHLDB2,SFRP1,SHROOM3,PROX1,PAWR,DLC1,BBS4,PPP1R9B,CORO1B,INPP5K,PACSIN1,RGCC,GHRL,EVL,MAD2L2,MAGEL2,PPP1R9A,CORO1C,PYCARD,MYO5A,F11R,ARFGEF1"
"GO:BP","mesonephric tubule morphogenesis","GO:0072171","1.3706917277749228e-12","11.863060208215765","70","1691","28","21017","GREM1,WNT11,MYC,TGFB1,FGF2,TACSTD2,BCL2,BMP4,VEGFA,WT1,CTNNB1,HNF1B,GDNF,SOX9,GPC3,WNT4,DLG1,NOG,ILK,PKD2,HES1,SHH,OSR1,CITED1,LZTS2,LGR4,CTNNBIP1,MAGED1"
"GO:BP","muscle tissue morphogenesis","GO:0060415","1.3706917277749228e-12","11.863060208215765","70","1691","28","21017","SMAD7,FOXH1,BMP10,HAND1,TGFB1,COL3A1,TPM1,MYL2,COL11A1,MYF5,ENG,BMPR1A,NOTCH1,NAGLU,TGFB2,FKBP1A,ADARB1,NRG1,NOG,ZFPM1,ZFPM2,RYR2,PROX1,PKP2,EGLN1,DLL4,CHD7,FZD1"
"GO:BP","epithelial cell apoptotic process","GO:1904019","1.3797887727444342e-12","11.86018739320228","85","1691","31","21017","WFS1,SIX3,WNT11,ABL1,ESR1,IL6,RB1,FGF4,PKHD1,HMOX1,BCL2,ZFP36,TGFBR2,CASP3,CDKN1B,PRKAA2,ARF6,ZFP36L1,BAX,BCL2L1,PPARA,PLA2R1,STK4,PRKAA1,STK3,SFRP4,PIAS4,RYR2,SAV1,TCF7L2,BOK"
"GO:BP","anterior/posterior pattern specification","GO:0009952","1.3941575323565853e-12","11.855688150507914","225","1691","54","21017","DLL1,BHLHE40,AURKA,XRCC2,FOXH1,ATP6AP2,TP53,BMP4,MYF5,HOXB8,WT1,HOXA5,MSX1,HOXA7,HOXA9,CTNNB1,MSX2,HNF1B,BMPR1A,WNT5A,NOTCH1,MEOX2,GPC3,WNT3,WNT3A,PRKDC,SMAD3,ZBTB16,EN1,EP300,FOXF1,NOG,ATM,BMPR2,HES1,SHH,NRARP,LDB1,SFRP1,LFNG,OSR1,NKD1,SFRP2,NODAL,NKX3-1,SEMA3C,FUZ,HES7,BHLHE41,SOX17,HEYL,CTNNBIP1,FOXA2,AXIN2"
"GO:BP","regulation of DNA biosynthetic process","GO:2000278","1.415369515835951e-12","11.849130162444766","101","1691","34","21017","KCNK2,TNKS,PDGFB,TNF,TP53,HNRNPC,FGF2,HNRNPA1,SRC,XRCC5,VEGFA,NPPC,PML,GCH1,CTNNB1,TERF1,HNRNPU,ATM,PTK2B,RGN,TERF2,ADIPOQ,CYP1B1,JADE1,SMG6,ING5,ACD,TINF2,TNKS2,RGCC,PIF1,GNL3L,DACH1,ING4"
"GO:BP","positive regulation of cold-induced thermogenesis","GO:0120162","1.415369515835951e-12","11.849130162444766","101","1691","34","21017","SLN,OGT,HDAC3,HCRT,KDM1A,OXT,IL4,ADRB2,ADRB1,THRA,ADRB3,VEGFA,CD36,GJA1,CEBPB,ADCYAP1,IL4R,OXTR,IL13,LEP,CCR2,STAT6,SMARCA4,UCP2,GRB10,IRF4,ADIPOQ,HADH,FFAR4,ADIPOR2,ADIPOR1,PLAC8,PPARGC1A,GHRL"
"GO:BP","regulation of stem cell differentiation","GO:2000736","1.4306997475959528e-12","11.844451499464695","80","1691","30","21017","ABL1,FGF2,TACSTD2,OSM,PDGFRA,EIF2AK2,PTN,ZFP36,TGFBR2,HSPA9,GDNF,STAT3,NOTCH1,SOX9,GSK3B,WNT3,TGFB2,PRKDC,HNRNPU,REST,HDAC1,HES1,EZH2,NFE2L2,RBBP7,METTL3,HDAC2,TBX5,SOX17,FZD1"
"GO:BP","regulation of D-glucose transmembrane transport","GO:0010827","1.4306997475959528e-12","11.844451499464695","75","1691","29","21017","STXBP3,INS,TNF,IL1B,IGF1,EDN1,PRKCB,BRAF,RHOQ,ENPP1,PIK3R1,AKT1,IRS1,LEP,GSK3A,GPC3,OSTN,RNASEL,PTPN11,GRB10,PEA15,ADIPOQ,NFE2L2,FFAR4,PID1,RSC1A1,INPP5K,OSBPL8,IRS2"
"GO:BP","regulation of bone mineralization","GO:0030500","1.4306997475959528e-12","11.844451499464695","80","1691","30","21017","FZD9,BMPR1B,CYP27B1,GREM1,LTF,ISG15,ADRB2,MGP,SRGN,CCL3,BMP4,GJA1,BMP7,PTN,ENPP1,SLC8A1,BMPR1A,SOX9,WNT4,SMAD3,MEF2C,GPM6B,BMPR2,PTK2B,TWIST1,HIF1A,PKDCC,OSR1,P2RX7,FGF23"
"GO:BP","cellular response to nutrient levels","GO:0031669","1.471760149787e-12","11.832162960454616","246","1691","57","21017","OGT,CYP27B1,SUV39H1,FOXO3,SNAI2,ALB,TP53,INHBA,INHBB,HNRNPA1,BCL2,PIM1,SRD5A1,ATF4,EIF2AK2,COMT,FAS,SREBF1,PPARG,LEP,MTOR,MAPK8,PRKAA2,UCP2,WNT4,SESN2,PPARD,PPARA,EP300,SREBF2,KLF10,PRKAA1,BMPR2,GAS6,KCNB1,PRKD1,NCOA1,NFE2L2,CARTPT,IFI16,ZC3H12A,LRRK2,SZT2,SFRP1,FLCN,KAT2B,SIRT1,NR1H4,PRMT1,MYBBP1A,BRIP1,FGF23,EIF2AK4,FOXA2,STK24,SESN1,TNFRSF11A"
"GO:BP","endocardial cushion development","GO:0003197","1.6082385184308436e-12","11.79364954044053","52","1691","24","21017","SNAI2,SNAI1,BMP4,ENG,BMP7,ERBB3,BMP5,MSX1,NOS3,MSX2,BMPR1A,ACVRL1,TGFBR2,NOTCH1,SOX9,TGFB2,FOXF1,NOG,BMPR2,TWIST1,TBX5,CITED2,HEYL,ROBO1"
"GO:BP","cellular senescence","GO:0090398","1.946168259138423e-12","11.710819614809502","102","1691","34","21017","ABL1,HRAS,TP53,MIF,HLA-G,PML,GCH1,BMPR1A,BCL6,CDKN2A,MAPK8,MAPK9,CDKN1B,BRCA2,MAP2K6,HMGA2,MAPK10,PTEN,B2M,ID2,TOP2B,PRKCD,PLA2R1,ATM,TERF2,TWIST1,MAPK11,VASH1,PNPT1,SIRT1,PAWR,CITED2,ING2,FBXO5"
"GO:BP","astrocyte differentiation","GO:0048708","1.972657271055718e-12","11.704948362400476","86","1691","31","21017","TLR4,DLL1,ZEB2,ABL1,EGFR,F2,TNF,IFNG,IL1B,IL6,SERPINE2,MAPT,LIF,NR1D1,NF1,DRD1,ADORA2A,STAT3,NOTCH1,ID4,SOX9,NAGLU,ROR2,ID2,PTPN11,LRP1,EIF2B5,NOG,HES1,AGER,SHH"
"GO:BP","negative regulation of protein ubiquitination","GO:0031397","2.1169765078112613e-12","11.674283961340317","76","1691","29","21017","SMAD7,OGT,UFL1,ABL1,PRKCG,ISG15,HSPA1A,TNFAIP3,DNAJA1,AKT1,ARRB2,CDKN2A,ARRB1,CDK5,PRKCE,SOX4,GPS2,SQSTM1,CRY1,PARP10,NXN,SVBP,PARK7,CHP1,GTPBP4,WNK1,GNL3L,MAD2L2,FBXO5"
"GO:BP","cellular response to type II interferon","GO:0071346","2.129632070256612e-12","11.671695421753599","125","1691","38","21017","ACOD1,LGALS9,STXBP3,TLR4,CCL21,CCL25,TLR3,TNF,IFNG,TP53,EDN1,CCL3,IRF1,PIM1,CCL4,CCL2,CCL5,PTPN2,SP100,IL12B,GBP1,NOS2,PPARG,WNT5A,STAT1,WAS,XCL1,AIF1,NR1H2,STXBP1,CX3CL1,IRF8,NR1H3,VAMP3,NLRC5,RAB7B,CCL19,CAMK2A"
"GO:BP","tumor necrosis factor-mediated signaling pathway","GO:0033209","2.2365585920581855e-12","11.650419719948628","108","1691","35","21017","AIM2,FOXO3,PARK2,NOL3,TNF,APOA1,TP53,GSTP1,HSPA1A,NLRP2B,PTPN2,TNFAIP3,FAS,NFKBIA,STAT1,TNFRSF4,F2RL1,TRIM32,TRAF3,GPS2,ILK,PTK2B,GAS6,ADIPOQ,PYDC2,PIAS4,ZNF675,PYDC1,TNFRSF14,NR1H4,TXNDC17,CYLD,PYCARD,TNFSF18,TNFRSF11A"
"GO:BP","G1/S transition of mitotic cell cycle","GO:0000082","2.2786965018193122e-12","11.642313514381904","214","1691","52","21017","DDX3X,KLF4,CCNE2,EGFR,MYC,ANXA1,TP53,RB1,INHBA,BCL2,CDK4,CCL2,CCNE1,PTPN6,PML,AKT1,RDX,ACVR1B,CASP2,CDKN2A,CDKN2C,CDKN1B,ID4,SMARCA2,SMARCA4,AIF1,CDKN2D,PRMT2,PTEN,PPP2CA,PRKDC,PKD1,ID2,PPP3CA,HYAL1,DLG1,ATM,PKD2,CUL4A,GPNMB,EZH2,ARID2,JADE1,CDC73,CRLF3,DCUN1D3,BTN2A2,RGCC,PLCB1,ADAMTS1,CAMK2A,FBXO7"
"GO:BP","stem cell population maintenance","GO:0019827","2.342980640051288e-12","11.63023129994492","181","1691","47","21017","DLL1,WNT7A,OGT,KLF4,FOXO3,MYC,FGF4,KIT,LIF,BRAF,BMP7,PTN,GATA2,CTNNB1,HNF1B,BMPR1A,STAT3,NOTCH1,SOX9,SMARCA2,SMARCA4,HMGA2,SOX4,KLF10,REST,NOG,HDAC1,CUL4A,HES1,RBBP7,CDC73,CTR9,METTL3,LDB1,SFRP1,PAF1,PIWIL2,LEO1,HDAC2,PROX1,NODAL,FANCD2,TRIM8,ING2,SAV1,BRMS1,ING1"
"GO:BP","regulation of G1/S transition of mitotic cell cycle","GO:2000045","2.4343894793939965e-12","11.613609937519346","162","1691","44","21017","DDX3X,KLF4,EGFR,ANXA1,TP53,RB1,INHBA,BCL2,CCL2,PTPN6,PML,AKT1,RDX,CASP2,CDKN2A,CDKN2C,CDKN1B,SMARCA2,SMARCA4,AIF1,CDKN2D,PRMT2,PTEN,PPP2CA,PRKDC,PKD1,ID2,HYAL1,DLG1,ATM,PKD2,CUL4A,GPNMB,EZH2,ARID2,JADE1,CDC73,CRLF3,DCUN1D3,BTN2A2,RGCC,PLCB1,ADAMTS1,FBXO7"
"GO:BP","hindbrain development","GO:0030902","2.4343894793939965e-12","11.613609937519346","162","1691","44","21017","DLL1,WNT7A,ATRN,ABL1,EGF,TP53,SERPINE2,FGF2,BCL2,EGR2,KCNE1,BMP7,COMT,BMP5,GATA2,SLC6A4,CTNNB1,HNF1B,ARCN1,HAP1,NAGLU,ABAT,CDK5,NHLH2,ATP7A,EN1,PTPN11,NOG,PRKG1,HNRNPD,SCRIB,HES1,CDK5R1,SHH,NCOA1,EZH2,LDB1,PROX1,DLC1,SEMA4C,NRXN1,FZD4,ATF5,MAFB"
"GO:BP","regulation of synapse organization","GO:0050807","2.502280310062511e-12","11.601664041447352","242","1691","56","21017","WASL,WNT7A,DVL1,OGT,LRRTM2,KALRN,ADGRL1,NTN1,ABL1,INS,TNF,APOE,PRNP,TUBB,DRD2,CHRNB2,NF1,IL10,OXTR,AKT1,CTNNB1,SNCA,WNT5A,NEDD4,WNT3A,PTEN,SNAP25,ARF6,RHOB,CDK5,ROR2,MEF2C,SEMA3F,DCTN1,PTK2B,CDK5R1,SLC18A3,NTRK2,LRRK2,DAB2IP,CAPRIN2,LRRTM1,NLGN1,LILRB2,SEMA4D,DTNBP1,VPS35,SRCIN1,EGLN1,RAB17,ADNP,SEMA4A,GHRL,NRXN1,ZMYND8,FZD1"
"GO:BP","granulocyte migration","GO:0097530","2.590924858116282e-12","11.586545182220148","156","1691","43","21017","CCL21,MSTN,CCL25,CXCL13,SLIT2,IL1B,PF4,CXCL10,ANXA1,CD74,IL4,EDN1,THBS1,CCL3,CCL4,CCL2,CCL5,EDN3,VAV1,VEGFA,DPEP1,LBP,PRTN3,FCER1G,CCR7,PTGER4,XCL1,EMP2,TIRAP,TGFB2,CX3CL1,S100A12,PTK2,C1QBP,CXCL9,SLAMF1,JAGN1,CCL19,TREM1,IL23A,RTN4,C5AR2,CD300A"
"GO:BP","viral gene expression","GO:0019080","2.6544663828171113e-12","11.576022770360298","103","1691","34","21017","TRIM13,JUN,CCL3,CCL4,CCL5,TRIM27,TRIM21,SP100,ZFP36,GSK3A,GSK3B,SMARCA4,HMGA2,DHX9,EP300,TRIM32,REST,TARDBP,HDAC1,TRIM14,TARBP2,PARP10,TRIM11,PRMT1,INPP5K,TRIM62,TRIM8,TRIM31,MDFIC,EIF2AK4,ZNF639,MID2,POU2F3,CTDP1"
"GO:BP","fibroblast migration","GO:0010761","2.674550962450525e-12","11.572749122390322","53","1691","24","21017","ITGB1BP1,ZEB2,BAG4,SGPL1,TGFB1,ITGB3,THBS1,FGF2,BRAF,FER,PML,SDC4,AKT1,NOV,ARHGAP4,PRKCE,PTK2,DMTN,HYAL2,ILK,CYGB,HAS1,RCC2,CORO1C"
"GO:BP","action potential","GO:0001508","2.8108383409936692e-12","11.551164131138655","144","1691","41","21017","SOD1,TNF,NPS,DMD,KCNE1,KCNA2,ATP2A2,CD36,GJA1,CHRNB2,NPR2,CNR1,DRD1,GNA11,SRI,CHRNB4,SLC8A1,CNR2,MTOR,MTNR1B,CAV3,FGF12,SUMO1,FKBP1B,ANK2,FMR1,KCNH2,ANK3,DLG1,AKAP6,CAMK2D,KCNJ11,KCNB1,NTRK2,KCNMB4,RYR2,NEDD4L,GPER1,PKP2,GPR35,KCNE5"
"GO:BP","positive regulation of fat cell differentiation","GO:0045600","2.9090602871391306e-12","11.536247278374614","67","1691","27","21017","SNAI2,INS,PIM1,CREB1,CEBPB,TPH1,BMP7,ZFP36,HTR2A,HTR2C,AKT1,PTGS2,PPARG,HNRNPU,ID2,PPARD,ZBTB16,ZFP36L1,STK4,STK3,ZC3H12A,FFAR4,SFRP1,SFRP2,SAV1,NOCT,AXIN2"
"GO:BP","negative regulation of protein binding","GO:0032091","2.9090602871391306e-12","11.536247278374614","67","1691","27","21017","ITGB1BP1,AURKA,KDM1A,PEX14,PDGFB,SLPI,IFIT1,ATP2A2,IL10,AKT1,MAPK8,TMBIM6,B2M,RACK1,DAB2,PRKCD,BAX,NOG,ADAM15,PIN1,ADIPOQ,HFE,LRRK2,ZFPM1,PARK7,CTNNBIP1,GNL3L"
"GO:BP","regulation of steroid metabolic process","GO:0019218","3.09158766201096e-12","11.509818434564467","98","1691","33","21017","CYP27B1,SNAI2,SNAI1,SOD1,FSHB,TNF,IFNG,APOA1,APOE,KIT,CREB1,EGR1,NFKB1,NR1D1,BMP5,GAL,SREBF1,LEP,STAR,RORC,STAT5B,NR0B1,WNT4,DAB2,SREBF2,REST,PRKAA1,NR5A1,PRKG1,PROX1,SIRT1,NR1H4,GFI1"
"GO:BP","inflammatory response to antigenic stimulus","GO:0002437","3.0935757982118502e-12","11.509539238511975","77","1691","29","21017","RASGRP1,LTA,TNF,IL2RA,GPX1,LYN,ELANE,HMGB1,SRC,HLA-E,SPN,PLCG1,CNR1,ZP3,IL10,PSMB4,IL12B,CCR7,NOTCH1,NLRP6,BTK,GPR17,NPY5R,RHBDF2,IL20RB,IL31RA,PARK7,IL36RN,PLA2G2D"
"GO:BP","muscle organ morphogenesis","GO:0048644","3.0935757982118502e-12","11.509539238511975","77","1691","29","21017","SMAD7,FOXH1,BMP10,HAND1,TGFB1,COL3A1,TPM1,MYL2,COL11A1,MYF5,LIF,ENG,BMPR1A,NOTCH1,NAGLU,TGFB2,FKBP1A,ADARB1,NRG1,NOG,ZFPM1,ZFPM2,RYR2,PROX1,PKP2,EGLN1,DLL4,CHD7,FZD1"
"GO:BP","mast cell activation involved in immune response","GO:0002279","3.428400816136068e-12","11.464908410185153","58","1691","25","21017","SNAP23,LGALS9,PDPK1,RASGRP1,IL4,LYN,CHGA,KIT,FER,GATA2,IL4R,PTPN6,IL13,STXBP1,BTK,FOXF1,IL13RA2,STXBP2,CPLX2,UNC13D,MILR1,VAMP8,CD300A,CD84,RABGEF1"
"GO:BP","morphogenesis of embryonic epithelium","GO:0016331","3.4473298182382544e-12","11.462517164114933","151","1691","42","21017","DVL1,SPINT2,FZD6,GREM1,BCL10,HAND1,ABL1,TGFB1,RARA,BMP4,PRKACA,BMP7,BMP5,PRKACB,SDC4,CTNNB1,HNF1B,SOX11,GDNF,WNT5A,CASP3,SOX9,WNT4,TGFB2,STK4,STK3,NOG,SCRIB,SHH,TWIST1,HIF1A,SULF1,SFRP1,OSR1,SFRP2,DLC1,BBS4,NODAL,CITED2,FUZ,SEMA4C,SUFU"
"GO:BP","positive regulation of endothelial cell proliferation","GO:0001938","3.528526402719237e-12","11.452406628545173","93","1691","32","21017","NRP1,PDPK1,PDGFB,EGF,ANG,ITGB3,FGF2,HMGB1,HMOX1,BMP4,VEGFA,PLCG1,NF1,IL10,GATA2,AKT1,ACVRL1,STAT3,WNT5A,HTR2B,CXCL12,PROK1,EGR3,SEMA5A,PRKD1,HIF1A,NRARP,PROX1,SIRT1,GHRL,GDF2,PLXNB3"
"GO:BP","regulation of calcium-mediated signaling","GO:0050848","3.528526402719237e-12","11.452406628545173","93","1691","32","21017","ADA,TNF,PRNP,IGF1,EDN1,CCL3,MAPT,IAPP,CCL4,PDGFRA,PPP3CB,ERBB3,HTR2C,GBP1,MTOR,HTT,GSK3B,GPR143,PPP3CA,AKAP6,MAPK7,ITPR1,RGN,LRRK2,TRAT1,TBC1D10C,CHERP,DYRK2,CHP1,CIB1,LACRT,SLA2"
"GO:BP","peptidyl-threonine modification","GO:0018210","3.528526402719237e-12","11.452406628545173","93","1691","32","21017","SMAD7,PDPK1,ROCK2,TNKS,OXSR1,EGF,AZU1,AKT1,ACVR1B,WNT5A,MAPK8,GSK3A,GSK3B,PLK1,CSNK2A1,PRKDC,CDK5,MAP3K10,PRKCD,DMTN,CAMK2D,DYRK1A,CDK5R1,PRKD1,STK11,LRRK2,INPP5K,WNK3,WNK1,STK39,CAMK2A,CAB39"
"GO:BP","extracellular matrix organization","GO:0030198","4.216825848798251e-12","11.375014334595216","325","1691","67","21017","TNFRSF11B,SPINT2,GREM1,RECK,ABL1,PLG,TGFB1,TNF,COL2A1,COL3A1,ITGB3,IL6,RB1,ELANE,CTSG,SERPINF2,MMP7,COL11A1,MYF5,BMP1,PDGFRA,ENG,WT1,NF1,FBLN1,FSHR,TIE1,PPARG,NOTCH1,SOX9,MMP14,WNT3A,ADAMTS20,TGFB2,SMAD3,NFKB2,ATP7A,LRP1,FOXF1,PRDX4,ADAM15,GPM6B,GAS6,IHH,CYP1B1,CLASP1,PHLDB2,SULF1,ADAMTS18,PXDN,P3H4,HAS2,HAS1,APBB2,ERO1A,SFRP2,CPB2,MMP19,MMP28,VPS33B,RGCC,SPINK5,ADAMTS9,ADAMTS1,MAD2L2,AXIN2,TLL2"
"GO:BP","cellular response to chemokine","GO:1990869","4.232638170068679e-12","11.373388855896179","99","1691","33","21017","CCL21,CCL25,CXCL13,SLIT3,SLIT2,OXSR1,PF4,CXCL10,EDN1,LYN,CCL3,CCL4,CCL2,CCL5,CCR7,CCR2,XCL1,CXCL12,CX3CR1,CX3CL1,CXCL9,GPR17,PTK2B,HIF1A,ZC3H12A,RBM15,CCL19,CIB1,WNK1,GPR35,STK39,PADI2,ROBO1"
"GO:BP","response to chemokine","GO:1990868","4.232638170068679e-12","11.373388855896179","99","1691","33","21017","CCL21,CCL25,CXCL13,SLIT3,SLIT2,OXSR1,PF4,CXCL10,EDN1,LYN,CCL3,CCL4,CCL2,CCL5,CCR7,CCR2,XCL1,CXCL12,CX3CR1,CX3CL1,CXCL9,GPR17,PTK2B,HIF1A,ZC3H12A,RBM15,CCL19,CIB1,WNK1,GPR35,STK39,PADI2,ROBO1"
"GO:BP","regulation of receptor signaling pathway via JAK-STAT","GO:0046425","4.232638170068679e-12","11.373388855896179","99","1691","33","21017","LEPROT,F2,EGF,PRL,TNF,IFNA2,IFNB1,IFNG,IL4,IL6,PTPRC,KIT,CCL5,LIF,IL7R,PTPN2,IL10,F2R,PPP2R1A,NF2,LEP,NOTCH1,JAK3,PPP2CA,EP300,PTK2B,HES1,CYP1B1,IFNL1,CRLF3,PIBF1,ADIPOR1,CAMK2A"
"GO:BP","regulation of cardiac muscle tissue growth","GO:0055021","4.370414269918806e-12","11.359477394468378","54","1691","24","21017","TP73,KCNK2,BMP10,RBP4,IGF1,EDN1,FGF2,PIM1,G6PD,BMPR1A,NOTCH1,GSK3A,CAV3,NRG1,MEF2C,PPARA,AKAP6,NOG,MAPK11,ZFPM2,TBX5,CITED2,SAV1,CTDP1"
"GO:BP","positive regulation of muscle cell differentiation","GO:0051149","4.393516669481797e-12","11.357187721498926","68","1691","27","21017","BMP10,TGFB1,SOD2,IGF1,EDN1,BCL2,KIT,BMP4,MYF5,ENG,ARRB2,MTOR,NOTCH1,MMP14,CAV3,WNT3A,NRG1,MEF2C,AKAP6,TRIM32,PRKD1,SHH,MAPK11,PROX1,SIRT1,GPER1,RBM4"
"GO:BP","stem cell proliferation","GO:0072089","4.611962525120725e-12","11.336114230258389","122","1691","37","21017","OVOL1,SNAI2,KDM1A,WNT11,TGFB1,TP53,PTPRC,FGF4,FGF2,PIM1,XRCC5,GJA1,EIF2AK2,NF1,KITLG,FBLN1,CCNE1,CD34,CTNNB1,NF2,SOX11,TGFBR2,WNT5A,CDKN2C,NOTCH1,SOX9,BRCA2,HMGA2,WNT3,HNRNPU,ZFP36L1,SHB,SHH,SFRP2,CITED1,SOX17,AXIN2"
"GO:BP","extracellular structure organization","GO:0043062","4.8747302424670846e-12","11.312049412262771","326","1691","67","21017","TNFRSF11B,SPINT2,GREM1,RECK,ABL1,PLG,TGFB1,TNF,COL2A1,COL3A1,ITGB3,IL6,RB1,ELANE,CTSG,SERPINF2,MMP7,COL11A1,MYF5,BMP1,PDGFRA,ENG,WT1,NF1,FBLN1,FSHR,TIE1,PPARG,NOTCH1,SOX9,MMP14,WNT3A,ADAMTS20,TGFB2,SMAD3,NFKB2,ATP7A,LRP1,FOXF1,PRDX4,ADAM15,GPM6B,GAS6,IHH,CYP1B1,CLASP1,PHLDB2,SULF1,ADAMTS18,PXDN,P3H4,HAS2,HAS1,APBB2,ERO1A,SFRP2,CPB2,MMP19,MMP28,VPS33B,RGCC,SPINK5,ADAMTS9,ADAMTS1,MAD2L2,AXIN2,TLL2"
"GO:BP","response to vitamin","GO:0033273","4.889594053098194e-12","11.310727195644818","94","1691","32","21017","CYP27B1,SNAI2,STC2,EGFR,TGFB1,EPO,CXCL10,CAT,SOD2,TYMS,PRKCB,FABP1,GPX1,F7,RARA,SPP1,PIM1,TYR,BMP7,PTGS2,PPARG,LEP,MAP1B,STC1,CDKN2D,FKBP1B,TRIM25,GAS6,SFRP1,TPCN2,BRIP1,FGF23"
"GO:BP","positive regulation of cell cycle process","GO:0090068","4.958487289393767e-12","11.304650795701363","253","1691","57","21017","DDX3X,EREG,AURKA,PLSCR1,RAD51B,RAD51C,XRCC3,ROCK2,VPS4B,EGFR,PDGFB,EGF,TGFB1,INS,TNF,IL1B,ANXA1,IGF1,EDN1,RB1,CDK4,TPR,EDN3,DRD2,NPR2,MSX1,CDC25B,AKT1,RDX,DRD3,MSX2,WNT5A,HSPA2,AIF1,WNT4,UBE2B,HNRNPU,PRKCE,HYAL1,CUL4A,ESPL1,EZH2,CDC73,STRA8,PAF1,PIWIL2,KAT2B,PHB2,WNK1,RGCC,PLCB1,RCC2,ADAMTS1,FBXO5,CHMP3,DMRT1,MAD1L1"
"GO:BP","chromosome segregation","GO:0007059","5.126356642062781e-12","11.290191183112375","427","1691","80","21017","MEIKIN,SYCE3,MEIOC,SYCE1L,RNF212B,DDX3X,AURKA,PLSCR1,HDAC3,MSH4,XRCC3,VPS4B,NCOR1,SUN1,REC8,TNKS,PTTG1,CCNE2,SLC25A5,RB1,TUBB,HSPA1A,TOP1,TOP2A,TPR,CCNE1,PPP2R1A,TTK,BAG6,SMARCA2,SMARCA4,PLK1,TERF1,PTEN,UBE2B,CSNK2A1,HNRNPU,TOP2B,CENPC,ATM,DCTN2,DMC1,ESPL1,SYCP1,TRIP13,MAJIN,RNF212,ARID2,PSRC1,SYCE2,CLASP1,HORMAD1,TEX11,SYCE1,MEIOB,TERB1,SPATA22,M1AP,PIBF1,P3H4,KAT2B,MAEL,SRPK1,LZTS2,NDC1,SYCP2,BRIP1,TEX15,TEX12,FANCD2,AGO4,CCNB1IP1,PTTG2,RCC2,MLH3,MAD2L2,FBXO5,CHMP3,SPO11,MAD1L1"
"GO:BP","negative regulation of osteoblast differentiation","GO:0045668","5.35268633710726e-12","11.271428205160314","50","1691","23","21017","MEN1,GREM1,TNF,IGFBP5,PPARG,NOTCH1,SOX9,GSK3B,HDAC4,OSTN,SMAD3,ID3,NOG,TWIST1,SFRP1,RORB,SEMA4D,CITED1,FGF23,CHRD,NOCT,SUFU,AXIN2"
"GO:BP","regulation of viral entry into host cell","GO:0046596","5.35268633710726e-12","11.271428205160314","50","1691","23","21017","LGALS9,FCN1,TRIM38,SNX3,FCN3,IFNA2,APCS,CD74,HMGB1,TRIM21,IFITM2,TRIM26,TRIM25,TRIM59,LRRC15,NECTIN2,TRIM11,TRIM62,TRIM8,TRIM31,TRIM5,TRIM10,MID2"
"GO:BP","lymphocyte costimulation","GO:0031294","5.35268633710726e-12","11.271428205160314","50","1691","23","21017","CCL21,PDPK1,TNFSF14,IL4,LCK,LYN,SRC,VAV1,SPN,TNFSF4,KLRK1,PTPN6,AKT1,CCR7,CSK,CD86,MTOR,PTPN11,LILRB2,LILRB4,TNFRSF14,CCL19,CD274"
"GO:BP","mesenchyme morphogenesis","GO:0072132","5.397713099354579e-12","11.267790202898892","59","1691","25","21017","SNAI2,SNAI1,WNT11,MYC,ENG,BMP7,BMP5,MSX1,NOS3,MSX2,BMPR1A,ACVRL1,TGFBR2,WNT5A,NOTCH1,SOX9,WNT3A,TGFB2,SMAD3,FOXF1,NOG,TWIST1,OSR1,HEYL,ROBO1"
"GO:BP","mast cell mediated immunity","GO:0002448","5.397713099354579e-12","11.267790202898892","59","1691","25","21017","SNAP23,LGALS9,PDPK1,RASGRP1,IL4,LYN,CHGA,KIT,FER,GATA2,IL4R,IL13,SERPINB9,STXBP1,BTK,FOXF1,IL13RA2,STXBP2,CPLX2,UNC13D,MILR1,VAMP8,CD300A,CD84,RABGEF1"
"GO:BP","membrane fusion","GO:0061025","5.397713099354579e-12","11.267790202898892","185","1691","47","21017","SNAP23,SYT7,TBC1D4,STX11,SNAPIN,ANXA1,RAB3A,SYT1,CORO1A,STX2,TIE1,SNCA,RAB7A,NAPA,SNAP25,STX1B,STXBP1,VAMP2,HYAL2,STX3,SLAMF1,DOC2A,DOC2B,GAS6,VAMP3,GRIK5,STX1A,SNAP47,CPLX2,SYT9,RIMS1,STX19,STXBP6,NECTIN2,RAB7B,VPS33A,ANKRD27,CHP1,SYT11,VAMP8,VPS33B,DCSTAMP,SYT4,OTOF,VAPA,BLOC1S6,CHMP3"
"GO:BP","actomyosin structure organization","GO:0031032","5.401840118548751e-12","11.267458274028536","205","1691","50","21017","ITGB1BP1,NRP1,ZEB2,ROCK2,BMP10,BAG4,WNT11,ABL1,APOA1,EDN1,SERPINF2,TPM1,TACSTD2,TGFB3,PRKAR1A,MYL2,SRC,BRAF,PDGFRA,CAPN3,EPHA1,PIK3R1,CASQ1,SDC4,PFN2,NF2,PTGER4,ACTN2,MTOR,WAS,ARRB1,CAV3,WNT4,SMAD3,PPFIA1,PAK1,IQGAP2,PTK2B,PRKD1,AMOT,CLASP1,PHLDB2,SFRP1,PROX1,DLC1,BBS4,INPP5K,RGCC,EVL,F11R"
"GO:BP","external encapsulating structure organization","GO:0045229","5.620129140138336e-12","11.250253705035012","327","1691","67","21017","TNFRSF11B,SPINT2,GREM1,RECK,ABL1,PLG,TGFB1,TNF,COL2A1,COL3A1,ITGB3,IL6,RB1,ELANE,CTSG,SERPINF2,MMP7,COL11A1,MYF5,BMP1,PDGFRA,ENG,WT1,NF1,FBLN1,FSHR,TIE1,PPARG,NOTCH1,SOX9,MMP14,WNT3A,ADAMTS20,TGFB2,SMAD3,NFKB2,ATP7A,LRP1,FOXF1,PRDX4,ADAM15,GPM6B,GAS6,IHH,CYP1B1,CLASP1,PHLDB2,SULF1,ADAMTS18,PXDN,P3H4,HAS2,HAS1,APBB2,ERO1A,SFRP2,CPB2,MMP19,MMP28,VPS33B,RGCC,SPINK5,ADAMTS9,ADAMTS1,MAD2L2,AXIN2,TLL2"
"GO:BP","vesicle fusion","GO:0006906","5.777446492545631e-12","11.238264068021035","117","1691","36","21017","SNAP23,SYT7,TBC1D4,STX11,SNAPIN,ANXA1,RAB3A,SYT1,CORO1A,STX2,SNCA,RAB7A,SNAP25,STX1B,STXBP1,VAMP2,STX3,SLAMF1,DOC2A,DOC2B,VAMP3,GRIK5,STX1A,SNAP47,CPLX2,SYT9,STX19,STXBP6,RAB7B,VPS33A,ANKRD27,SYT11,VAMP8,VPS33B,SYT4,CHMP3"
"GO:BP","regulation of nuclear division","GO:0051783","5.788081388462528e-12","11.237465370726522","147","1691","41","21017","EREG,AURKA,XRCC3,PDGFB,EGF,INS,TNF,IL1B,IGF1,EDN1,RB1,WEE2,TPR,BMP4,EDN3,LIF,BMP7,NPR2,MSX1,TTK,DRD3,MSX2,WNT5A,PLK1,WNT4,UBE2B,ATM,PIN1,ESPL1,RPS6KA2,TRIP13,FBXO43,STRA8,HORMAD1,PIWIL2,RGCC,PLCB1,MAD2L2,FBXO5,DMRT1,MAD1L1"
"GO:BP","negative regulation of mitotic cell cycle","GO:0045930","5.986578174267756e-12","11.222821341994933","233","1691","54","21017","MEIOC,EME2,OVOL1,KLF4,XRCC3,NBN,ABL1,EGFR,TNF,TP53,RB1,INHBA,BCL2,TPR,BMP4,CCL2,BMP7,IL10,PML,TTK,CTNNB1,BCL6,CASP2,MSH2,CDKN1B,PLK1,PRMT2,PTEN,PRKDC,ZFP36L1,DLG1,ATM,PKD2,SCRIB,GPNMB,TRIP13,EZH2,JADE1,CDC73,CRLF3,DCUN1D3,BRSK1,BTN2A2,RAD50,EME1,CDK5RAP3,MUS81,BARD1,FANCD2,RGCC,MAD2L2,FBXO5,FBXO7,MAD1L1"
"GO:BP","macrophage differentiation","GO:0030225","6.15173528920099e-12","11.211002360611161","64","1691","26","21017","TLR4,IL33,TGFB1,IFNG,PF4,CSF2,INHA,RB1,INHBA,PARP1,BMP4,LIF,VEGFA,PTPN2,GATA2,NAGLU,UCP2,IL1RL1,ROR2,ID2,FADD,ADIPOQ,ZBTB46,IL31RA,SIRT1,TRIB1"
"GO:BP","regulation of actin filament organization","GO:0110053","6.5415779142351205e-12","11.184317481524449","269","1691","59","21017","CCL21,ITGB1BP1,NRP1,PARK2,ROCK2,SLIT2,BAG4,WNT11,ABL1,APOA1,SERPINF2,TPM1,TACSTD2,TGFB3,TRIM27,BRAF,ALOX15,FER,EPHA1,PIK3R1,CORO1A,SDC4,CCR7,PFN2,NF2,RDX,PTGER4,ACTN2,MTOR,WAS,CXCL12,F2RL1,WNT4,ARF6,CX3CL1,SMAD3,PRKCE,PRKCD,DMTN,DLG1,PPFIA1,PAK1,SEMA5A,PTK2B,AMOT,AP1AR,CLASP1,PHLDB2,SFRP1,DLC1,BBS4,CORO1B,INPP5K,RGCC,EVL,MAGEL2,PYCARD,F11R,ARFGEF1"
"GO:BP","feeding behavior","GO:0007631","6.5415779142351205e-12","11.184317481524449","106","1691","34","21017","AGRP,HCRT,HCRTR1,HCRTR2,INS,TH,IAPP,ADRB3,DRD2,TRH,CNR1,DRD1,GAL,HTR1B,HTR2C,ADORA2A,OXTR,STAT3,OPRK1,OPRL1,LEP,ASIP,P2RY1,CPT1A,EN1,NPY5R,CARTPT,NTRK2,NPSR1,DERL2,RETN,EIF2AK4,GHRL,DACH1"
"GO:BP","ureteric bud morphogenesis","GO:0060675","6.561554011788414e-12","11.182993291902072","69","1691","27","21017","GREM1,WNT11,MYC,TGFB1,FGF2,TACSTD2,BCL2,BMP4,VEGFA,WT1,CTNNB1,HNF1B,GDNF,SOX9,GPC3,WNT4,DLG1,NOG,ILK,PKD2,HES1,SHH,CITED1,LZTS2,LGR4,CTNNBIP1,MAGED1"
"GO:BP","positive regulation of reactive oxygen species metabolic process","GO:2000379","6.561554011788414e-12","11.182993291902072","69","1691","27","21017","ACOD1,TLR4,FOXO3,SOD1,EGFR,F2,PDGFB,TGFB1,SOD2,TP53,THBS1,GSTP1,MAPT,CD36,TGFBR2,SNCA,LEP,RAB27A,F2RL1,PRKCD,PTK2B,NFE2L2,CYP1B1,ZC3H12A,PID1,PARK7,RNF41"
"GO:BP","regulation of steroid biosynthetic process","GO:0050810","6.6382727588336965e-12","11.177944906910438","74","1691","28","21017","CYP27B1,SNAI2,SNAI1,SOD1,FSHB,TNF,IFNG,APOE,CREB1,EGR1,NFKB1,NR1D1,BMP5,SREBF1,LEP,STAR,NR0B1,WNT4,DAB2,SREBF2,REST,PRKAA1,NR5A1,PRKG1,PROX1,SIRT1,NR1H4,GFI1"
"GO:BP","regulation of cardiac muscle contraction","GO:0055117","6.6382727588336965e-12","11.177944906910438","74","1691","28","21017","CASQ2,SMAD7,CLIC2,PDE5A,BMP10,CHGA,DMD,ATP2A2,PRKACA,HRC,PLN,GSTM2,NOS1,ADORA1,SRI,SLC8A1,STC1,HDAC4,CAV3,FKBP1B,GSTO1,ANK2,PDE4D,DLG1,CAMK2D,ZC3H12A,RYR2,PKP2"
"GO:BP","regulation of mitochondrial membrane potential","GO:0051881","6.6382727588336965e-12","11.177944906910438","74","1691","28","21017","FZD9,PARK2,TUSC2,ARL6IP5,SOD1,ABL1,ALB,SOD2,DCN,PARP1,BCL2,MAPT,SRC,ADORA2A,PRDX3,UCP2,RACK1,BAX,BCL2L1,LRRK2,PID1,SPG20,TRPV1,BAD,MUL1,PARK7,P2RX7,BOK"
"GO:BP","T cell migration","GO:0072678","6.6382727588336965e-12","11.177944906910438","74","1691","28","21017","CCL21,TNFSF14,CXCL13,OXSR1,ABL1,CXCL10,APOD,ITGB3,ICAM1,CCL3,CCL2,CCL5,SPN,CORO1A,CD200,WNT5A,CCR2,XCL1,CXCL12,AIF1,FADD,IL27RA,SPNS2,TNFRSF14,WNK1,STK39,PYCARD,F11R"
"GO:BP","hydrogen peroxide metabolic process","GO:0042743","7.014606377385973e-12","11.153996694261492","55","1691","24","21017","PXDNL,SOD1,EGFR,HP,CAT,SOD2,MPO,TPO,GPX1,TXN,LPO,GPX3,MT3,PRDX5,PRDX3,PRDX2,SNCA,HBB,PRDX1,PRDX4,PXDN,PARK7,DUOX2,DUOX1"
"GO:BP","cell migration involved in sprouting angiogenesis","GO:0002042","7.014606377385973e-12","11.153996694261492","55","1691","24","21017","ITGB1BP1,NRP1,KLF4,GREM1,SLIT2,ABL1,ANXA1,THBS1,FGF2,HMOX1,VEGFA,GATA2,AKT1,PTGS2,NOTCH1,MEOX2,EGR3,MAP2K5,CIB1,MMRN2,DLL4,HDAC5,STARD13,ROBO1"
"GO:BP","cell cycle G1/S phase transition","GO:0044843","8.476569737943726e-12","11.071779860629308","242","1691","55","21017","APBB1,DDX3X,KLF4,CCNE2,EGFR,MYC,ANXA1,TP53,RB1,INHBA,BCL2,CDK4,CCL2,CCNE1,PTPN6,PML,AKT1,RDX,ACVR1B,CASP2,CDKN2A,CDKN2C,CDKN1B,ID4,SMARCA2,SMARCA4,AIF1,CDKN2D,PRMT2,PTEN,PPP2CA,PRKDC,PKD1,ID2,PPP3CA,HYAL1,DLG1,ATM,PKD2,CUL4A,GPNMB,EZH2,ARID2,JADE1,CDC73,CRLF3,DCUN1D3,PAF1,BTN2A2,PHB2,RGCC,PLCB1,ADAMTS1,CAMK2A,FBXO7"
"GO:BP","cellular response to xenobiotic stimulus","GO:0071466","8.688833179730548e-12","11.06103854088483","194","1691","48","21017","PDE2A,AIM2,TLR3,EGFR,ADA,MYC,IL1B,PRNP,TP53,ITGB3,EDN1,RB1,TH,GSTA1,GSTP1,FBP1,GSTM1,BRAF,VAV1,NQO1,DPEP1,GSTM3,LPO,CRHBP,GSTM2,HTR1B,NOS1,NOS2,AHR,HNF4A,RORC,PRKAA2,CYP4F2,GSTO1,S100A12,MEF2C,KCNH2,REST,PRKAA1,GAS6,ADIPOQ,NFE2L2,CYP1B1,ABCC2,WNK4,PPP1R9B,NKX3-1,SUFU"
"GO:BP","positive regulation of pattern recognition receptor signaling pathway","GO:0062208","9.364324806490141e-12","11.028523530983538","65","1691","26","21017","TLR4,DDX3X,LTF,HMGB1,HSPA1A,CD36,LBP,MAPK8,F2RL1,TIRAP,PPP2CA,BTK,NR1H3,PRKD1,OASL,USP17L2,ZC3HAV1,MAVS,TICAM2,RSAD2,DHX58,PELI1,TRIM15,RTN4,TLR9,PTPN22"
"GO:BP","mitotic cell cycle phase transition","GO:0044772","9.4313562649256e-12","11.025425849572363","432","1691","80","21017","DDX3X,AURKA,RAD51B,KLF4,RAD51C,XRCC3,NBN,VPS4B,CCNE2,EGFR,MYC,TGFB1,ANXA1,TP53,RB1,INHBA,BCL2,CDK4,TPR,CCL2,CCNE1,PTPN6,PML,CDC25B,AKT1,TTK,RDX,ACVR1B,CASP2,CDKN2A,CDKN2C,CDKN1B,ID4,SMARCA2,SMARCA4,PLK1,HSPA2,AIF1,CDKN2D,PRMT2,PTEN,PKIA,PPP2CA,PRKDC,PKD1,ID2,ZFP36L1,PPP3CA,HYAL1,DLG1,ATM,PKD2,CUL4A,ESPL1,GPNMB,TRIP13,EZH2,ARID2,JADE1,CDC73,CLASP1,CRLF3,DCUN1D3,BRSK1,BTN2A2,RAD50,CDK5RAP3,PPP1R9B,PHB2,BARD1,RGCC,PLCB1,RCC2,ADAMTS1,MAD2L2,FBXO5,CAMK2A,FBXO7,CTDP1,MAD1L1"
"GO:BP","regulation of muscle cell apoptotic process","GO:0010660","9.717136466537059e-12","11.01246169803708","75","1691","28","21017","PDPK1,NOL3,IFNG,APOH,ESR1,SOD2,TP53,IGF1,EDN1,ATP2A2,BMP7,ATF4,IL12A,IL12B,GCH1,PPARG,CDKN2A,NRG1,MAP2K5,MAPK7,CAMK2D,PTK2B,NFE2L2,ZC3H12A,SIRT1,SFRP2,CAMK2A,SIRT4"
"GO:BP","regulation of cell cycle G1/S phase transition","GO:1902806","9.926920541892261e-12","11.003185454332415","188","1691","47","21017","APBB1,DDX3X,KLF4,EGFR,ANXA1,TP53,RB1,INHBA,BCL2,CCL2,PTPN6,PML,AKT1,RDX,CASP2,CDKN2A,CDKN2C,CDKN1B,SMARCA2,SMARCA4,AIF1,CDKN2D,PRMT2,PTEN,PPP2CA,PRKDC,PKD1,ID2,HYAL1,DLG1,ATM,PKD2,CUL4A,GPNMB,EZH2,ARID2,JADE1,CDC73,CRLF3,DCUN1D3,PAF1,BTN2A2,PHB2,RGCC,PLCB1,ADAMTS1,FBXO7"
"GO:BP","organelle membrane fusion","GO:0090174","9.991140413560456e-12","11.000384937494804","119","1691","36","21017","SNAP23,SYT7,TBC1D4,STX11,SNAPIN,ANXA1,RAB3A,SYT1,CORO1A,STX2,SNCA,RAB7A,SNAP25,STX1B,STXBP1,VAMP2,STX3,SLAMF1,DOC2A,DOC2B,VAMP3,GRIK5,STX1A,SNAP47,CPLX2,SYT9,STX19,STXBP6,RAB7B,VPS33A,ANKRD27,SYT11,VAMP8,VPS33B,SYT4,CHMP3"
"GO:BP","ERBB signaling pathway","GO:0038127","1.0242746017770076e-11","10.989583596046838","125","1691","37","21017","EREG,PDPK1,SOCS5,ABL1,EGFR,EGF,TGFB1,ERBB2,ADRA2A,SRC,CEACAM1,BRAF,FER,PTPN2,PLCG1,NPR2,ERBB3,AKT1,SOX9,RAB7A,DUSP3,HAP1,NRG3,NRG1,PLAUR,PTK2,PTPN11,PTPRJ,PTK2B,PTPRR,DAB2IP,RHBDF2,RHBDF1,ERBIN,GPER1,LGMN,RTN4"
"GO:BP","mast cell degranulation","GO:0043303","1.1235734293789057e-11","10.949398539682782","56","1691","24","21017","SNAP23,LGALS9,PDPK1,RASGRP1,IL4,LYN,CHGA,KIT,FER,GATA2,IL4R,IL13,STXBP1,BTK,FOXF1,IL13RA2,STXBP2,CPLX2,UNC13D,MILR1,VAMP8,CD300A,CD84,RABGEF1"
"GO:BP","positive regulation of cell-matrix adhesion","GO:0001954","1.1235734293789057e-11","10.949398539682782","56","1691","24","21017","CCL21,ITGB1BP1,NRP1,CCL25,ABL1,HRG,THY1,ITGB3,DMD,VEGFA,CD36,EPHA1,SDC4,CCR7,GSK3B,EMP2,WNT4,CX3CL1,SMAD3,PTPRJ,PTK2B,SFRP1,CIB1,CCL28"
"GO:BP","signal transduction by p53 class mediator","GO:0072331","1.123987065074504e-11","10.949238686630917","182","1691","46","21017","AURKA,TP73,FOXO3,SNAI2,PARK2,KDM1A,NBN,USP2,PSMD10,SNAI1,MYC,CD74,TP53,BCL2,MIF,SP100,MSX1,PML,AKT1,MTOR,CASP2,CDKN2A,MSH2,BAG6,CDKN1B,BRCA2,MAP2K6,SESN2,SOX4,BAX,EP300,PLA2R1,ATM,DYRK1A,TWIST1,STK11,IFI16,DYRK2,USP7,SIRT1,CDK5RAP3,MYBBP1A,ING2,PYCARD,BOK,ING4"
"GO:BP","DNA biosynthetic process","GO:0071897","1.123987065074504e-11","10.949238686630917","182","1691","46","21017","KCNK2,TNKS,PDGFB,TNF,TP53,TYMS,HNRNPC,HSP90AB1,FGF2,HNRNPA1,SRC,XRCC5,VEGFA,NPPC,PML,GCH1,CTNNB1,PHB,TERF1,CDKN2D,HNRNPU,ATM,PTK2B,SYCP1,RGN,TERF2,ADIPOQ,CYP1B1,PARP10,JADE1,SMG6,SPATA22,ING5,RAD50,ACD,SIRT1,TINF2,TEX12,TNKS2,RGCC,PIF1,GNL3L,TERF2IP,DACH1,MAD2L2,ING4"
"GO:BP","modulation by host of symbiont process","GO:0051851","1.2013057037976207e-11","10.920346460891732","86","1691","30","21017","RAB29,PARK2,ROCK2,CCNK,APOE,APCS,LTF,JUN,CCL3,CCL4,CCL5,RAB5A,PHB,CX3CR1,SMARCA4,HMGA2,NLRP6,FMR1,EP300,REST,TARDBP,HDAC1,ZC3H12A,APOBEC3H,INPP5K,VAPA,EIF2AK4,ZNF639,POU2F3,CTDP1"
"GO:BP","regulation of vascular associated smooth muscle cell proliferation","GO:1904705","1.3040640507487557e-11","10.884701077159617","61","1691","25","21017","PDGFB,TNF,SOD2,IGF1,EDN1,JUN,FGF2,TPM1,TGFB3,BMP4,SRC,GJA1,NF1,IL10,IGFBP5,HTR1B,BMPR1A,PPARG,CDKN1B,PTEN,MEF2C,PRKG1,ADIPOQ,GPER1,ADAMTS1"
"GO:BP","mammary gland epithelium development","GO:0061180","1.4424308141216703e-11","10.840905008512454","71","1691","27","21017","NTN1,TGFB1,ESR1,GPX1,FGF2,SRC,CEBPB,HOXA5,MSX1,PML,AKT1,MSX2,WNT5A,STAT6,BRCA2,CAV3,WNT3,WNT4,ID2,BAX,FOXF1,SCRIB,HIF1A,PHB2,RTN4,BTRC,ROBO1"
"GO:BP","positive chemotaxis","GO:0050918","1.4424308141216703e-11","10.840905008512454","71","1691","27","21017","NRP1,PDGFB,CXCL10,F7,FGF2,HMGB1,CCL3,BMP4,CCL5,MIF,VEGFA,AZU1,CORO1A,GDNF,WNT5A,CXCL12,F2RL1,CX3CL1,SMAD3,PTPRJ,SEMA5A,SCRIB,GPNMB,AGER,ANGPT1,NTRK3,PLXNB3"
"GO:BP","response to nicotine","GO:0035094","1.4471966988992592e-11","10.839472436786352","52","1691","23","21017","TNF,EDN1,TH,GPX1,HMOX1,BCL2,DRD2,CHRNB2,NFKB1,CNR1,CHRNB4,CHRNA3,IL13,OPRK1,CASP3,B2M,ABAT,SLC6A3,PPARA,KCNJ11,HDAC2,BAD,PPP1R9B"
"GO:BP","positive regulation of stress fiber assembly","GO:0051496","1.4471966988992592e-11","10.839472436786352","52","1691","23","21017","ITGB1BP1,NRP1,ROCK2,BAG4,WNT11,ABL1,APOA1,SERPINF2,TPM1,TGFB3,BRAF,EPHA1,SDC4,PFN2,NF2,MTOR,WNT4,SMAD3,PAK1,AMOT,SFRP1,RGCC,EVL"
"GO:BP","body fluid secretion","GO:0007589","1.4676491547451932e-11","10.833377751210786","92","1691","31","21017","SLC22A2,KALRN,EGFR,ADA,SPINK1,PRL,EDN1,CSN2,VEGFA,CREB1,GJA1,ADORA1,OXTR,OPRK1,STAT5B,NR1H2,NLRP6,SLC6A3,PRKCE,GHRHR,ATP7A,PPP3CA,NR1H3,NCOA1,HIF1A,WNK4,VAMP8,WNK3,LACRT,WNK1,STK39"
"GO:BP","regulation of fatty acid metabolic process","GO:0019217","1.4676491547451932e-11","10.833377751210786","92","1691","31","21017","NCOR1,INS,IL1B,APOC1,APOC2,ANXA1,CD74,FABP1,CEACAM1,CNR1,AKT1,PTGS2,IRS1,SREBF1,PPARG,SNCA,SOX9,CPT1A,NR1H2,PPARD,PPARA,NR1H3,RGN,TWIST1,ADIPOQ,PIBF1,KAT2B,SIRT1,PPARGC1A,IRS2,SIRT4"
"GO:BP","hematopoietic progenitor cell differentiation","GO:0002244","1.6443175920091844e-11","10.784014296810494","139","1691","39","21017","AP3B1,TNFRSF13B,UFL1,FSTL3,ABL1,TGFB1,TP53,LYN,INHBA,PTPRC,RARA,BCL2,KIT,TOP2A,BMP4,XRCC5,OSM,BRAF,PDGFRA,EIF2AK2,KITLG,GATA2,ZFP36,PTPN6,HSPA9,NOTCH1,PRKDC,SOX4,HYAL2,REST,HES1,SHH,NFE2L2,METTL3,SFRP1,ANKLE1,FLCN,CITED2,MIXL1"
"GO:BP","regulation of nervous system process","GO:0031644","1.6534077821626487e-11","10.781620022591675","115","1691","35","21017","WNT7A,DVL1,UNC13B,HCRT,ROCK2,TNF,ADRB2,CCL3,EGR2,F2R,HTR2C,NOS3,ADORA1,CHRNB4,NTSR1,NOV,MTNR1B,PTEN,STX1B,FGF12,DLG4,ABAT,FMR1,MTMR2,PTK2B,CARTPT,STX1A,LRRK2,RIMS1,NLGN1,SPX,GPR35,GHRL,NRXN1,ZMYND8"
"GO:BP","positive regulation of insulin secretion","GO:0032024","1.677793495281039e-11","10.77526149367353","87","1691","30","21017","BAIAP3,F2,RBP4,PRKCB,CRH,PRKAR1A,PPP3CB,PRKACA,TRH,CD38,GNA11,SRI,SNAP25,VSNL1,ABAT,PRKCE,SOX4,ABCC8,TARDBP,DOC2B,ITPR1,GPR68,HIF1A,BAD,NR1H4,GPER1,PLCB1,TCF7L2,GHRL,IRS2"
"GO:BP","modulation by symbiont of entry into host","GO:0052372","1.7676945197658172e-11","10.752592784482886","57","1691","24","21017","LGALS9,FCN1,TRIM38,SNX3,FCN3,IFNA2,APCS,CD74,ITGAV,HMGB1,TRIM21,IFITM2,TRIM26,TRIM25,TRIM59,LRRC15,NECTIN2,TRIM11,TRIM62,TRIM8,TRIM31,TRIM5,TRIM10,MID2"
"GO:BP","embryo implantation","GO:0007566","1.7676945197658172e-11","10.752592784482886","57","1691","24","21017","ACOD1,STC2,RECK,SOD1,TIMP1,IL1B,EPO,ITGB3,SPP1,SCGB1A1,LIF,VEGFA,GJA1,FBLN1,PTGS2,ACVR1B,ARHGDIB,STC1,EMP2,PPARD,C1QBP,TRIM28,ACVR1C,NODAL"
"GO:BP","limb development","GO:0060173","1.7939395773423167e-11","10.746192188754987","191","1691","47","21017","WNT7A,BCL2L11,FZD6,GREM1,RECK,COL2A1,COL3A1,FGF4,RARA,DMD,BMP4,GJA1,BMP7,NPR2,MSX1,HOXA9,CTNNB1,MSX2,BMPR1A,WNT5A,NOTCH1,SOX9,MEOX2,GPC3,NAGLU,WNT3,TGFB2,ZBTB16,EN1,BAX,NOG,HDAC1,BMPR2,IHH,SHH,TWIST1,PKDCC,BBS7,PIAS4,OSR1,HDAC2,KAT2B,ACD,SFRP2,TBX5,SEMA3C,CHD7"
"GO:BP","appendage development","GO:0048736","1.7939395773423167e-11","10.746192188754987","191","1691","47","21017","WNT7A,BCL2L11,FZD6,GREM1,RECK,COL2A1,COL3A1,FGF4,RARA,DMD,BMP4,GJA1,BMP7,NPR2,MSX1,HOXA9,CTNNB1,MSX2,BMPR1A,WNT5A,NOTCH1,SOX9,MEOX2,GPC3,NAGLU,WNT3,TGFB2,ZBTB16,EN1,BAX,NOG,HDAC1,BMPR2,IHH,SHH,TWIST1,PKDCC,BBS7,PIAS4,OSR1,HDAC2,KAT2B,ACD,SFRP2,TBX5,SEMA3C,CHD7"
"GO:BP","muscle cell apoptotic process","GO:0010657","1.8629521004277767e-11","10.729798311387887","82","1691","29","21017","PDPK1,NOL3,IFNG,APOH,ESR1,SOD2,TP53,IGF1,EDN1,ATP2A2,BMP7,ATF4,IL12A,IL12B,GCH1,PPARG,CDKN2A,NRG1,MAP2K5,MAPK7,CAMK2D,PTK2B,RPS6KA2,NFE2L2,ZC3H12A,SIRT1,SFRP2,CAMK2A,SIRT4"
"GO:BP","regulation of neural precursor cell proliferation","GO:2000177","1.9104389411038752e-11","10.71886683809356","104","1691","33","21017","FZD9,SPINT2,FOXO3,KDM1A,SIX3,EGF,TGFB1,TP53,LYN,FGF2,DRD2,VEGFA,PTN,NF1,GATA2,SLC6A4,CTNNA1,CTNNB1,NF2,WNT5A,NOTCH1,ID4,CX3CR1,WNT3A,CX3CL1,ID2,ILK,SHH,HIF1A,LRRK2,PROX1,DLL4,ADGRG1"
"GO:BP","neuron projection guidance","GO:0097485","1.968042937362863e-11","10.705965430672798","247","1691","55","21017","BMPR1B,DVL1,NRP1,SEMA3E,KALRN,SLIT3,SEMA7A,SLIT2,SEMA3D,NTN1,SEMA4F,ERBB2,EDN1,KIT,EGR2,EDN3,VEGFA,BMP7,PTPRM,GDNF,WNT5A,DCC,NKX2-1,NOTCH1,CXCL12,PLXNA3,WNT3,WNT3A,CDK5,PTK2,SEMA3B,NOG,SEMA3F,SEMA5A,BMPR2,CDK5R1,SHH,DRAXIN,SEMA6D,SEMA4D,APBB2,SEMA3C,SEMA4C,SEMA6A,SEMA4A,SEMA6C,SEMA6B,SEMA4B,SEMA3G,SEMA4G,SEMA5B,NRXN1,PLXNB3,NRXN3,ROBO1"
"GO:BP","axon guidance","GO:0007411","1.968042937362863e-11","10.705965430672798","247","1691","55","21017","BMPR1B,DVL1,NRP1,SEMA3E,KALRN,SLIT3,SEMA7A,SLIT2,SEMA3D,NTN1,SEMA4F,ERBB2,EDN1,KIT,EGR2,EDN3,VEGFA,BMP7,PTPRM,GDNF,WNT5A,DCC,NKX2-1,NOTCH1,CXCL12,PLXNA3,WNT3,WNT3A,CDK5,PTK2,SEMA3B,NOG,SEMA3F,SEMA5A,BMPR2,CDK5R1,SHH,DRAXIN,SEMA6D,SEMA4D,APBB2,SEMA3C,SEMA4C,SEMA6A,SEMA4A,SEMA6C,SEMA6B,SEMA4B,SEMA3G,SEMA4G,SEMA5B,NRXN1,PLXNB3,NRXN3,ROBO1"
"GO:BP","regulation of substrate adhesion-dependent cell spreading","GO:1900024","1.9793169594355056e-11","10.7034846541455","62","1691","25","21017","ITGB1BP1,NRP1,ABL1,APOA1,FGA,FGB,FGG,ITGB3,TACSTD2,BRAF,HTN1,FBLN1,GBP1,DAB2,PTK2,C1QBP,DMTN,ILK,AP1AR,UNC13D,HAS2,CIB1,PKP2,RCC2,CORO1C"
"GO:BP","regulation of receptor internalization","GO:0002090","1.9793169594355056e-11","10.7034846541455","62","1691","25","21017","SDCBP,LRRTM2,GREM1,EGF,ITGB3,CD63,DRD2,VEGFA,DRD4,ARRB2,ARRB1,NUMB,WNT3A,DLG4,NRG1,FMR1,MTMR2,SCRIB,ANGPT1,SFRP4,LRRTM1,MAGI2,DTNBP1,ATXN2,UBQLN2"
"GO:BP","positive regulation of nuclear division","GO:0051785","1.9793169594355056e-11","10.7034846541455","62","1691","25","21017","EREG,AURKA,PDGFB,EGF,INS,TNF,IL1B,IGF1,EDN1,RB1,EDN3,NPR2,MSX1,DRD3,MSX2,WNT5A,WNT4,UBE2B,ESPL1,STRA8,PIWIL2,RGCC,PLCB1,DMRT1,MAD1L1"
"GO:BP","response to retinoic acid","GO:0032526","2.056964433936209e-11","10.686773217434485","110","1691","34","21017","KLF4,WNT11,TNF,RBP4,LYN,CTSH,RARA,CREB1,SP100,CD38,SLC6A4,TIE1,SERPINF1,SREBF1,PPARG,LEP,WNT5A,SOX9,GSK3B,CDKN2D,WNT3,WNT3A,ATM,PTK2B,NCOA1,MICB,SETX,STRA8,OSR1,RORB,HDAC2,PHB2,NDUFA13,FZD4"
"GO:BP","skin epidermis development","GO:0098773","2.154940389124008e-11","10.666564738975442","134","1691","38","21017","AP3B1,DLL1,CLDN4,HDAC3,KLF4,FZD6,SNAI1,EGFR,TNF,PDGFA,KRT1,INHBA,KRT16,BCL2,NF1,CDH3,GAL,IGFBP5,CTNNB1,MSX2,ACVR1B,WNT5A,NOTCH1,SOX9,NAGLU,TGFB2,ATP7A,HDAC1,SHH,LDB1,PIAS4,HDAC2,EDA,FUZ,LGR4,SAV1,SPINK5,EDAR"
"GO:BP","phospholipase C-activating G protein-coupled receptor signaling pathway","GO:0007200","2.154940389124008e-11","10.666564738975442","116","1691","35","21017","HCRT,HCRTR2,F2,ESR1,EDN1,PRKCB,ADRA2A,CHGA,DRD2,DRD1,FSHR,EDNRB,F2R,HTR2A,HTR2C,GNA11,OPRM1,DRD3,ACTN2,OPRK1,OPRL1,HTR2B,PTGER3,P2RY1,CX3CR1,GPR143,F2RL1,GPR17,GPR18,ITPR1,FFAR4,GPR35,PLCB1,C5AR2,GPR55"
"GO:BP","cardiac muscle contraction","GO:0060048","2.154940389124008e-11","10.666564738975442","134","1691","38","21017","CASQ2,SMAD7,CLIC2,PDE5A,BMP10,TPM1,CHGA,MYL2,DMD,KCNE1,ATP2A2,GJA1,PRKACA,HRC,PLN,GSTM2,NOS1,ADORA1,SRI,SLC8A1,MTOR,MAP2K6,STC1,HDAC4,CAV3,FGF12,FKBP1B,GSTO1,ANK2,PDE4D,KCNH2,DLG1,CAMK2D,ZC3H12A,RYR2,NEDD4L,PKP2,KCNE5"
"GO:BP","regulation of type I interferon production","GO:0032479","2.2002656467639276e-11","10.657524881923722","122","1691","36","21017","ACOD1,TLR4,DDX3X,TRIM38,TLR3,PPM1B,ISG15,NMB,IRF1,TRIM27,TRIM21,IL10,STAT1,IRAK1,TIRAP,RELB,IRF8,PTPN11,DHX9,TRAF3,NMI,NLRC3,ZC3HAV1,MAVS,NLRX1,TICAM2,TICAM1,HAVCR2,TRAF3IP1,CACTIN,DHX58,TRIM15,CYLD,TLR9,PYCARD,PTPN22"
"GO:BP","type I interferon production","GO:0032606","2.2002656467639276e-11","10.657524881923722","122","1691","36","21017","ACOD1,TLR4,DDX3X,TRIM38,TLR3,PPM1B,ISG15,NMB,IRF1,TRIM27,TRIM21,IL10,STAT1,IRAK1,TIRAP,RELB,IRF8,PTPN11,DHX9,TRAF3,NMI,NLRC3,ZC3HAV1,MAVS,NLRX1,TICAM2,TICAM1,HAVCR2,TRAF3IP1,CACTIN,DHX58,TRIM15,CYLD,TLR9,PYCARD,PTPN22"
"GO:BP","bone development","GO:0060348","2.4227702437033023e-11","10.615687768950794","220","1691","51","21017","BMPR1B,GREM1,TGFB1,COL2A1,COL3A1,LTF,TP53,IGF1,PTPRC,FGF4,RARA,TGFB3,DMD,BMP4,SRC,GJA1,ENG,SRD5A1,NPR2,RYR1,FGFR3,NPPC,MSX1,PTGER4,MSX2,FBN1,TGFBR2,LEP,SOX9,MMP14,MAP2K6,STC1,CLDN18,OSTN,ZBTB16,MEF2C,BMPR2,IHH,RGN,TWIST1,GPR68,MAPK11,SFRP4,SPNS2,SULF1,HAS2,SEMA4D,CITED2,GHRL,RAB23,AXIN2"
"GO:BP","digestive system process","GO:0022600","2.5385453233733923e-11","10.595415078264793","105","1691","33","21017","TLR4,SPINK1,APOA1,APOA2,RBP4,CRH,FABP1,ADRA2A,EZR,CD36,NPR2,COMT,NPPC,PBLD,OPRK1,LEP,PTGER3,SOX9,NR1H2,HAMP,PPP3CA,NR1H3,NPSR1,WNK4,WNK3,ABCG8,ABCG5,WNK1,TLR9,GHRL,STK39,STRAP,F11R"
"GO:BP","regulation of nitric oxide biosynthetic process","GO:0045428","2.735522898085426e-11","10.56295964554726","58","1691","24","21017","TLR4,KLF4,ROCK2,TNF,IFNG,IL1B,SOD2,EDN1,HSP90AB1,CD36,IL10,KLRK1,AKT1,PTGS2,OPRM1,CX3CR1,HBB,SMAD3,PKD2,PTK2B,RGN,ZC3H12A,TICAM1,TRPV1"
"GO:BP","granulocyte chemotaxis","GO:0071621","2.8290756848872045e-11","10.548355433918335","129","1691","37","21017","CCL21,MSTN,CCL25,CXCL13,SLIT2,IL1B,PF4,CXCL10,ANXA1,CD74,IL4,EDN1,THBS1,CCL3,CCL4,CCL2,CCL5,EDN3,VAV1,VEGFA,DPEP1,LBP,FCER1G,CCR7,XCL1,TIRAP,TGFB2,CX3CL1,S100A12,PTK2,C1QBP,CXCL9,SLAMF1,CCL19,TREM1,IL23A,C5AR2"
"GO:BP","formation of primary germ layer","GO:0001704","2.8290756848872045e-11","10.548355433918335","129","1691","37","21017","KLF4,SNAI1,HAND1,WNT11,FN1,ITGB3,ITGAV,INHBA,PRKAR1A,COL11A1,BMP4,GJA1,PRKACA,BMP7,CTNNB1,NF2,HNF1B,BMPR1A,WNT5A,MMP14,NR0B1,HMGA2,WNT3,WNT3A,SMAD3,FOXF1,NOG,BMPR2,CDC73,CTR9,PAF1,LEO1,SFRP2,NODAL,TRIM15,MIXL1,SOX17"
"GO:BP","regulation of immunoglobulin mediated immune response","GO:0002889","2.9951541555455996e-11","10.523580820293065","63","1691","25","21017","TGFB1,LTA,TNF,C4BPA,IL4,FCER2,PTPRC,HLA-E,CD46,CR1,C4BPB,IL10,TNFSF4,PTPN6,BCL6,STAT6,MSH2,XCL1,BTK,IL27RA,NECTIN2,FOXJ1,NDFIP1,FOXP3,MAD2L2"
"GO:BP","vascular associated smooth muscle cell proliferation","GO:1990874","2.9951541555455996e-11","10.523580820293065","63","1691","25","21017","PDGFB,TNF,SOD2,IGF1,EDN1,JUN,FGF2,TPM1,TGFB3,BMP4,SRC,GJA1,NF1,IL10,IGFBP5,HTR1B,BMPR1A,PPARG,CDKN1B,PTEN,MEF2C,PRKG1,ADIPOQ,GPER1,ADAMTS1"
"GO:BP","regulation of B cell mediated immunity","GO:0002712","2.9951541555455996e-11","10.523580820293065","63","1691","25","21017","TGFB1,LTA,TNF,C4BPA,IL4,FCER2,PTPRC,HLA-E,CD46,CR1,C4BPB,IL10,TNFSF4,PTPN6,BCL6,STAT6,MSH2,XCL1,BTK,IL27RA,NECTIN2,FOXJ1,NDFIP1,FOXP3,MAD2L2"
"GO:BP","embryonic placenta development","GO:0001892","3.196640042996183e-11","10.495306264617193","89","1691","30","21017","SPINT2,PRDM1,SNAI1,HAND1,EGFR,PLG,PDGFB,CSF2,LIF,CEBPB,BMP7,BMP5,IL10,GATA2,AKT1,PKD1,ZFP36L1,STK4,STK3,TRIM28,PKD2,HES1,NCOA1,HIF1A,VASH1,NODAL,MDFI,CITED1,CITED2,EGLN1"
"GO:BP","regulation of nucleotide metabolic process","GO:0006140","3.656844023990262e-11","10.436893563305645","84","1691","29","21017","OGT,NCOR1,INS,IFNG,TP53,IGF1,IL4,ENO1,FBP1,PARP1,PRKACA,HTR2A,NOS3,CDA,ARL2,STAT3,MTOR,PRKAA2,HDAC4,PPP2CA,PPARA,EP300,PRKAA1,HIF1A,PID1,FLCN,KAT2B,P2RX7,PPARGC1A"
"GO:BP","positive regulation of immunoglobulin production","GO:0002639","3.6815113987924306e-11","10.4339738505112","54","1691","23","21017","IL33,TGFB1,RBP4,IL4,IL6,PTPRC,HLA-E,IL10,TNFSF4,IL4R,IL13,PHB,CD86,STAT6,MSH2,TNFRSF4,XCL1,BTK,MZB1,PHB2,IL21,TLR9,MAD2L2"
"GO:BP","positive regulation of ossification","GO:0045778","3.6815113987924306e-11","10.4339738505112","54","1691","23","21017","FZD9,BMPR1B,LTF,ISG15,ADRB2,BMP4,BMP7,PTN,SLC8A1,SOX11,BMPR1A,WNT5A,WNT4,SMAD3,ZBTB16,PTPN11,MEF2C,GPM6B,BMPR2,TOB2,PKDCC,OSR1,P2RX7"
"GO:BP","regulation of striated muscle contraction","GO:0006942","3.727854968477895e-11","10.428540992137524","95","1691","31","21017","CASQ2,SMAD7,CLIC2,PDE5A,BMP10,CHGA,MYL2,DMD,ATP2A2,PRKACA,HRC,PLN,GSTM2,NOS1,ADORA1,SRI,CASQ1,SLC8A1,STC1,HDAC4,CAV3,FKBP1B,GSTO1,ANK2,PDE4D,DLG1,CAMK2D,PRKD1,ZC3H12A,RYR2,PKP2"
"GO:BP","cardiac muscle tissue morphogenesis","GO:0055008","4.222467221638942e-11","10.374433713104873","59","1691","24","21017","SMAD7,FOXH1,BMP10,HAND1,TGFB1,TPM1,MYL2,COL11A1,ENG,BMPR1A,NOTCH1,NAGLU,TGFB2,FKBP1A,NRG1,NOG,ZFPM1,ZFPM2,RYR2,PROX1,PKP2,EGLN1,DLL4,CHD7"
"GO:BP","T cell apoptotic process","GO:0070231","4.222467221638942e-11","10.374433713104873","59","1691","24","21017","LGALS9,BCL2L11,BCL10,ADA,IL2RA,TP53,BCL2,BMP4,CCL5,IDO1,IL7R,FAS,CD27,AKT1,WNT5A,RORC,JAK3,BAX,FADD,HIF1A,ZC3H8,P2RX7,TSC22D3,CD274"
"GO:BP","regulation of meiotic cell cycle","GO:0051445","4.548840192947791e-11","10.342099320268318","69","1691","26","21017","MEIOC,OVOL1,WEE2,LIF,NPR2,NPPC,MSX1,CDC25B,TTK,MSX2,WNT5A,WNT4,UBE2B,RPS6KA2,TRIP13,FBXO43,STRA8,METTL3,HORMAD1,CNTD1,LFNG,SPATA22,PIWIL2,PLCB1,FBXO5,DMRT1"
"GO:BP","positive regulation of osteoblast differentiation","GO:0045669","4.548840192947791e-11","10.342099320268318","69","1691","26","21017","BMPR1B,LTF,IGF1,IL6,FGF2,BMP4,CEBPB,BMP7,NPPC,CTNNB1,MSX2,SOX11,BMPR1A,WNT3,WNT4,MEF2C,PPP3CA,ILK,BMPR2,PRKD1,FFAR4,SFRP2,WWTR1,CTNNBIP1,FBXO5,FZD1"
"GO:BP","myoblast differentiation","GO:0045445","4.704336686796507e-11","10.327501603601721","113","1691","34","21017","DLL1,MSTN,TNFSF14,GREM1,PLG,TGFB1,TNF,CXCL10,IGF1,RB1,GPX1,FGF6,BMP4,MYF5,IGFBP3,CAPN3,NOTCH1,SOX9,SMARCA2,SMARCA4,WNT3A,NRG1,ID3,PPARD,MEF2C,SOX4,CXCL9,ZFP36L1,REST,SHH,ZFHX3,ARID2,PLCB1,TCF7L2"
"GO:BP","positive regulation of mitotic cell cycle","GO:0045931","4.7879763172361155e-11","10.319848006410805","119","1691","35","21017","DDX3X,AURKA,RAD51B,RAD51C,VPS4B,USP2,ABL1,EGFR,TGFB1,ANXA1,RB1,CDK4,CDC25B,AKT1,RDX,DUSP3,BRCA2,STAT5B,HSPA2,AIF1,PTPN11,HYAL1,CUL4A,HES1,ESPL1,SHB,LGMN,PHB2,NKX3-1,RGCC,PLCB1,RCC2,ADAMTS1,FBXO5,MAD1L1"
"GO:BP","hexose transmembrane transport","GO:0008645","4.7879763172361155e-11","10.319848006410805","119","1691","35","21017","DHRS7C,STXBP3,INS,TNF,IL1B,IGF1,EDN1,PRKCB,BRAF,RHOQ,DRD1,ENPP1,PIK3R1,AKT1,IRS1,LEP,GSK3A,GPC3,SESN2,SLC26A5,OSTN,PPARD,RNASEL,PTPN11,GRB10,PEA15,ADIPOQ,NFE2L2,FFAR4,PID1,RSC1A1,INPP5K,OSBPL8,SLC45A2,IRS2"
"GO:BP","carbohydrate biosynthetic process","GO:0016051","4.821172993072431e-11","10.316847284905949","203","1691","48","21017","OGT,PDGFB,EGF,TGFB1,INS,RBP4,IGF1,ENO1,FBP1,PARP1,G6PD,PRKACA,PTPN2,ATF4,NFKB1,NR1D1,ENPP1,NTSR1,AKT1,IRS1,SNCA,LEP,P2RY1,GSK3A,GSK3B,SIK1,SESN2,PPP1CA,CLTC,PPARA,EP300,GRB10,PRKG1,RGN,STK11,ADIPOQ,CRY1,DYRK2,HAS2,KAT2B,USP7,SIRT1,GPER1,INPP5K,C1QTNF3,TCF7L2,PPARGC1A,IRS2"
"GO:BP","mesoderm development","GO:0007498","5.6607152185670805e-11","10.24712869321925","138","1691","38","21017","OVOL1,KLF4,FOXH1,SNAI1,HAND1,WNT11,AMH,ITGB3,INHBA,PRKAR1A,BMP4,VEGFA,GJA1,PRKACA,BMP7,NF2,TIE1,BMPR1A,WNT5A,HMGA2,WNT3,WNT3A,PPP2CA,SMAD3,BTK,ZFP36L1,FOXF1,NOG,BMPR2,SHH,OSR1,ZFPM2,SFRP2,NODAL,CITED2,HES7,TRIM15,MIXL1"
"GO:BP","negative regulation of synaptic transmission","GO:0050805","5.7949668764658515e-11","10.236949042083339","55","1691","23","21017","DGKI,IL1B,MAPT,DRD2,DRD1,HTR1B,HTR2A,CD38,ADORA1,SLC6A4,CNR2,PTGS2,DRD3,STXBP1,FMR1,PTK2B,KCNB1,AGER,NPY5R,ADIPOQ,LILRB2,ABHD6,ADNP"
"GO:BP","positive regulation of fibroblast proliferation","GO:0048146","5.7949668764658515e-11","10.236949042083339","55","1691","23","21017","EREG,ABL1,EGFR,MYC,HRAS,PDGFB,TGFB1,FN1,ESR1,PDGFA,CD74,IGF1,ITGB3,CDK4,MIF,LIF,PDGFRA,FBLN1,PML,IL13,WNT5A,DHX9,GAS6"
"GO:BP","regulation of ubiquitin-dependent protein catabolic process","GO:2000058","5.953553520293258e-11","10.225223737869262","177","1691","44","21017","DVL1,AURKA,SMAD7,OGT,PARK2,CCDC22,SOCS5,PSMD10,UFL1,IL33,EGF,HSP90AB1,HSPA1A,PML,AKT1,CDKN2A,MAPK9,BAG6,GSK3A,GSK3B,PLK1,CAV3,PTEN,SUMO1,RACK1,CSNK2A1,DAB2,PTK2,KEAP1,PTK2B,SHH,NFE2L2,HFE,LRRK2,BBS7,CCAR2,COMMD1,USP7,TRIB1,PARK7,UBQLN2,UBQLN1,SUFU,AXIN2"
"GO:BP","regulation of stem cell proliferation","GO:0072091","6.015244006238221e-11","10.220746750965292","91","1691","30","21017","OVOL1,SNAI2,KDM1A,WNT11,TGFB1,TP53,PTPRC,FGF4,FGF2,PIM1,GJA1,EIF2AK2,NF1,KITLG,FBLN1,CCNE1,CTNNB1,NF2,SOX11,TGFBR2,WNT5A,CDKN2C,NOTCH1,SOX9,HMGA2,HNRNPU,ZFP36L1,SHH,CITED1,SOX17"
"GO:BP","cellular response to BMP stimulus","GO:0071773","6.20570917087669e-11","10.207208581385276","164","1691","42","21017","BMPR1B,SMAD7,SPINT2,GREM1,BMP10,FSTL3,ABL1,COL2A1,BMP4,ENG,BMP7,EGR1,BMP5,MSX1,MSX2,FBN1,SOX11,PPM1A,BMPR1A,ACVRL1,PPARG,WNT5A,NBL1,NOTCH1,SOX9,GPC3,NOG,ILK,BMPR2,HES1,HFE,SFRP4,SULF1,SPG20,SFRP1,HTRA1,SFRP2,PRMT1,CHRD,HEYL,GDF2,FZD1"
"GO:BP","response to BMP","GO:0071772","6.20570917087669e-11","10.207208581385276","164","1691","42","21017","BMPR1B,SMAD7,SPINT2,GREM1,BMP10,FSTL3,ABL1,COL2A1,BMP4,ENG,BMP7,EGR1,BMP5,MSX1,MSX2,FBN1,SOX11,PPM1A,BMPR1A,ACVRL1,PPARG,WNT5A,NBL1,NOTCH1,SOX9,GPC3,NOG,ILK,BMPR2,HES1,HFE,SFRP4,SULF1,SPG20,SFRP1,HTRA1,SFRP2,PRMT1,CHRD,HEYL,GDF2,FZD1"
"GO:BP","Notch signaling pathway","GO:0007219","6.299627041900399e-11","10.200685161409787","184","1691","45","21017","WWP2,DLL1,ITGB1BP1,SNAI2,SNAI1,TGFB1,IL2RA,ANXA4,KIT,SRC,CD46,BMP7,GATA2,NFKBIA,PLN,NOS3,AKT1,HNF1B,ACVRL1,TGFBR2,STAT3,BCL6,CDKN1B,NOTCH1,SOX9,NOV,ARRB1,MMP14,SYNJ2BP,TGFB2,SREBF2,HES1,NRARP,METTL3,DTX1,LFNG,NR1H4,RBM15,TIMP4,HES7,HEYL,DLL4,GDF2,ANGPT4,ROBO1"
"GO:BP","macrophage migration","GO:1905517","6.410148272283898e-11","10.193131924757319","60","1691","24","21017","MSTN,C5,THBS1,CCL3,BCR,CYP19A1,CCL2,CCL5,MIF,AZU1,EDNRB,SFTPD,CD200,CCR2,CX3CR1,MMP14,CX3CL1,ROR2,PTK2,SLAMF1,PTK2B,MMP28,RTN4,STAP1"
"GO:BP","regulation of nitric oxide metabolic process","GO:0080164","6.410148272283898e-11","10.193131924757319","60","1691","24","21017","TLR4,KLF4,ROCK2,TNF,IFNG,IL1B,SOD2,EDN1,HSP90AB1,CD36,IL10,KLRK1,AKT1,PTGS2,OPRM1,CX3CR1,HBB,SMAD3,PKD2,PTK2B,RGN,ZC3H12A,TICAM1,TRPV1"
"GO:BP","glomerulus development","GO:0032835","6.563506463244407e-11","10.182864082760311","70","1691","26","21017","PDGFB,ITGB3,EDN1,BCL2,BMP4,PDGFRA,BMP7,EGR1,WT1,COMT,EDNRB,CD34,NOTCH1,MEF2C,PPP3CA,NOG,HES1,ANGPT1,ADIPOQ,MAGI2,SULF1,OSR1,FOXJ1,LGR4,WWTR1,HEYL"
"GO:BP","animal organ formation","GO:0048645","6.563506463244407e-11","10.182864082760311","70","1691","26","21017","SPRY1,FOXH1,WNT11,FGF2,PIM1,BMP4,BMP7,WT1,CTNNB1,BMPR1A,TGFBR2,GDNF,WNT5A,NOTCH1,EMP2,MEF2C,NOG,HES1,SHH,SULF1,LEMD2,TBX5,CITED2,SOX17,AXIN2,ROBO1"
"GO:BP","positive regulation of DNA metabolic process","GO:0051054","6.642148196495862e-11","10.177691438854708","284","1691","59","21017","EREG,NBN,TNKS,EGFR,PDGFB,TGFB1,TNF,IL4,PRKCG,IL6,ERCC1,PTPRC,FGF2,HMGB1,HNRNPA1,PARP1,XRCC5,VEGFA,TNFSF4,PML,GCH1,AKT1,CTNNB1,STAT6,WAS,MSH2,CDKN1B,SMARCA2,SMARCA4,CEBPG,TERF1,UBE2B,PRKDC,TOP2B,PRKCD,RAD51,BAX,DHX9,TRIM28,ATM,HNRNPD,PTK2B,TERF2,CYP1B1,ARID2,PIAS4,RAD50,ACD,SIRT1,NPAS2,TINF2,TNKS2,RGCC,TERF2IP,RTEL1,PPARGC1A,MAD2L2,FAF1,TIMELESS"
"GO:BP","organelle fusion","GO:0048284","6.866512094457772e-11","10.163263810653365","158","1691","41","21017","SNAP23,SYT7,PARK2,TBC1D4,CIDEA,STX11,SNAPIN,ANXA1,RAB3A,SYT1,CORO1A,STX2,SNCA,RAB7A,SNAP25,STX1B,STXBP1,VAMP2,BAX,STX3,SLAMF1,DOC2A,DOC2B,VAMP3,GRIK5,STX1A,SNAP47,CPLX2,PID1,SYT9,STX19,STXBP6,MUL1,RAB7B,VPS33A,ANKRD27,SYT11,VAMP8,VPS33B,SYT4,CHMP3"
"GO:BP","somite development","GO:0061053","6.968462619147434e-11","10.156863025297502","86","1691","29","21017","DLL1,RAD51B,XRCC2,WNT11,TP53,MYF5,BMPR1A,WNT5A,NOTCH1,MEOX2,WNT3A,WNT4,PRKDC,SMAD3,EP300,FOXF1,NOG,ATM,IHH,SHH,NRARP,SFRP1,LFNG,NKD1,SFRP2,NKX3-1,SEMA3C,HES7,AXIN2"
"GO:BP","cellular response to cAMP","GO:0071320","7.606793710828952e-11","10.118798361247736","51","1691","22","21017","PDE2A,KDM1A,FBP1,INHBB,EZR,KCNE1,SRD5A1,WT1,CRHBP,IGFBP5,AHR,STC1,RAP1A,ZFP36L1,DMTN,PDE4D,AKAP6,PKD2,ADIPOQ,AANAT,CYP1B1,INPP5K"
"GO:BP","prostate gland development","GO:0030850","7.606793710828952e-11","10.118798361247736","51","1691","22","21017","ALOX15B,ESR1,ANXA1,RARA,CYP19A1,BMP4,BMP7,HOXA9,CTNNB1,SERPINF1,WNT5A,CDKN1B,NOTCH1,ID4,SOX9,NOG,SHH,STK11,SULF1,SFRP1,EAF2,NKX3-1"
"GO:BP","positive regulation of extrinsic apoptotic signaling pathway","GO:2001238","7.606793710828952e-11","10.118798361247736","51","1691","22","21017","TLR4,BMPR1B,BCL10,TNF,THBS1,INHBA,PTPRC,NF1,PML,PPP2R1A,CTNNA1,PPP1CA,HYAL2,STK4,FADD,STK3,PEA15,SFRP1,GPER1,CYLD,PYCARD,FAF1"
"GO:BP","monosaccharide transmembrane transport","GO:0015749","7.924866358150224e-11","10.101008052820909","121","1691","35","21017","DHRS7C,STXBP3,INS,TNF,IL1B,IGF1,EDN1,PRKCB,BRAF,RHOQ,DRD1,ENPP1,PIK3R1,AKT1,IRS1,LEP,GSK3A,GPC3,SESN2,SLC26A5,OSTN,PPARD,RNASEL,PTPN11,GRB10,PEA15,ADIPOQ,NFE2L2,FFAR4,PID1,RSC1A1,INPP5K,OSBPL8,SLC45A2,IRS2"
"GO:BP","response to osmotic stress","GO:0006970","7.934296306755728e-11","10.100491584806402","81","1691","28","21017","DDX3X,TLR3,PDPK1,OXSR1,TNF,EPO,TP53,TH,FBP1,XRCC5,CAPN3,PTGS2,MTOR,CASP3,RELB,ZFP36L1,BAX,PKD2,PTK2B,PKN1,BAD,MARVELD3,TSC22D3,WNK3,WNK1,STK39,PYCARD,CAB39"
"GO:BP","regulation of neuron differentiation","GO:0045664","8.117532917169463e-11","10.090575941603584","199","1691","47","21017","MEIS1,DLL1,TP73,FOXO3,SIX3,EPO,FGF2,RARA,BCL2,DMD,BMP4,BMP7,ADRA2B,ADRA2C,GATA2,EDNRB,SLC6A4,SOX11,BCL6,NBL1,NOTCH1,MAP1B,ID4,CXCL12,SOX9,GSK3B,WNT3A,B2M,ID2,MEF2C,TRIM32,REST,HES1,CDK5R1,SHH,NCOA1,ZFHX3,LRRK2,DTX1,NLGN1,SFRP1,PROX1,SFRP2,CDK5RAP3,BCL11A,HEYL,EIF2AK4"
"GO:BP","steroid hormone receptor signaling pathway","GO:0043401","8.914323548886124e-11","10.04991160707441","140","1691","38","21017","PER1,KDM1A,NCOR1,FOXH1,UFL1,ESR1,PARP1,SRC,NR1D1,FSHR,DNAJA1,PHB,HNF4A,NEDD4,SMARCA4,NR0B1,PRMT2,DEFA3,DAB2,GHRHR,PPARD,PPARA,EP300,PAK1,HDAC1,PKN1,CRY1,SFRP1,ESR2,SIRT1,NODAL,PARK7,GPER1,PHB2,NKX3-1,HEYL,RNF6,PADI2"
"GO:BP","hair follicle development","GO:0001942","9.04697559601774e-11","10.043496581179834","98","1691","31","21017","FZD6,SNAI1,EGFR,TNF,PDGFA,INHBA,BCL2,NF1,CDH3,GAL,IGFBP5,CTNNB1,MSX2,ACVR1B,WNT5A,NOTCH1,SOX9,NAGLU,TGFB2,ATP7A,HDAC1,SHH,LDB1,PIAS4,HDAC2,EDA,FUZ,LGR4,SAV1,SPINK5,EDAR"
"GO:BP","aorta development","GO:0035904","9.611235737954461e-11","10.017220770534106","61","1691","24","21017","PDE2A,FOXH1,PRDM1,COL3A1,EGR2,ENG,BMPR1A,ACVRL1,TGFBR2,LEP,NOTCH1,NAGLU,TGFB2,SOX4,LRP1,PKD2,HES1,PROX1,NKX3-1,DLL4,CHD7,ADAMTS9,SUFU,ROBO1"
"GO:BP","glial cell migration","GO:0008347","9.611235737954461e-11","10.017220770534106","61","1691","24","21017","SUN1,NTN1,COL3A1,SRGAP2C,CCL3,CCL2,AZU1,NF1,CTNNB1,CCR2,P2RY1,CX3CR1,MMP14,TGFB2,CX3CL1,CDK5,SCRIB,CDK5R1,DAB2IP,CERS2,C16ORF45,RTN4,STAP1,ADGRG1"
"GO:BP","regulation of carbohydrate catabolic process","GO:0043470","9.611235737954461e-11","10.017220770534106","61","1691","24","21017","OGT,NCOR1,INS,IFNG,TP53,IGF1,FBP1,PRKACA,HTR2A,ARL2,STAT3,MTOR,GSK3A,PRKAA2,HDAC4,PPP1CA,PPP2CA,PPARA,EP300,PRKAA1,HIF1A,FLCN,KAT2B,P2RX7"
"GO:BP","cardiac muscle cell differentiation","GO:0055007","1.0270917366244145e-10","9.988390764844304","116","1691","34","21017","MEIS1,DLL1,HDAC3,GREM1,BMP10,TGFB1,IGF1,EDN1,RARA,MYL2,G6PD,BMP4,VEGFA,PDGFRA,WT1,ARRB2,SLC8A1,ACTN2,BMPR1A,MTOR,GSK3A,NAGLU,CAV3,WNT3A,SIK1,HNRNPU,NRG1,MEF2C,PPARA,AKAP6,PRKG1,PROX1,TBX5,CTDP1"
"GO:BP","D-glucose transmembrane transport","GO:1904659","1.0270917366244145e-10","9.988390764844304","116","1691","34","21017","DHRS7C,STXBP3,INS,TNF,IL1B,IGF1,EDN1,PRKCB,BRAF,RHOQ,DRD1,ENPP1,PIK3R1,AKT1,IRS1,LEP,GSK3A,GPC3,SESN2,OSTN,PPARD,RNASEL,PTPN11,GRB10,PEA15,ADIPOQ,NFE2L2,FFAR4,PID1,RSC1A1,INPP5K,OSBPL8,SLC45A2,IRS2"
"GO:BP","response to glucocorticoid","GO:0051384","1.1985938173963798e-10","9.92132796681771","135","1691","37","21017","MSTN,BCL2L11,FOXO3,SLIT3,SLIT2,EGFR,TGFB1,TNF,EPO,APOA2,ANXA1,TYMS,IL6,EDN1,CRH,TH,BCL2,SCGB1A1,SRD5A1,COMT,IL10,ZFP36,PTGS2,SERPINF1,CASP3,GSK3A,STC1,UCP2,HNRNPU,GHRHR,ZFP36L1,REST,ADIPOQ,AANAT,CYP1B1,PTPRU,AXIN2"
"GO:BP","regulation of platelet activation","GO:0010543","1.2058656397813824e-10","9.918701079552635","52","1691","22","21017","TLR4,F2,PDGFB,APOE,PDGFA,HRG,IL6,SERPINE2,THBD,LYN,CTSG,CEACAM1,PDGFRA,NOS3,FCER1G,PRKCD,PRKG1,ADAMTS18,UBASH3B,C1QTNF1,VPS33B,F11R"
"GO:BP","regulation of DNA binding","GO:0051101","1.2437687496054894e-10","9.905260359280328","77","1691","27","21017","PARK2,KDM1A,TNKS,HAND1,EGF,IFNG,IGF1,JUN,RB1,HMGB1,TXN,SP100,SOX11,PPARG,HMGA2,CEBPG,SUMO1,PLAUR,HES1,TWIST1,IFI16,ZNF675,ERCC4,ACD,PARK7,MDFI,MAD2L2"
"GO:BP","striated muscle contraction","GO:0006941","1.2953330932821333e-10","9.887618538939368","181","1691","44","21017","CASQ2,SMAD7,CLIC2,PDE5A,BMP10,TNF,TPM1,CHGA,MYL2,DMD,KCNE1,ATP2A2,GJA1,PRKACA,RYR1,HRC,PLN,GSTM2,NOS1,ADORA1,SRI,CASQ1,SLC8A1,MTOR,MAP2K6,STC1,HDAC4,CAV3,FGF12,FKBP1B,GSTO1,ANK2,PDE4D,KCNH2,DLG1,CAMK2D,PRKD1,RYR3,ZC3H12A,RYR2,JSRP1,NEDD4L,PKP2,KCNE5"
"GO:BP","vasoconstriction","GO:0042310","1.3086624908800905e-10","9.883172345235574","88","1691","29","21017","ABL1,EGFR,FGA,FGB,FGG,EDN1,ADRA2A,EDN3,ADRA2B,ADRA2C,KEL,EDNRB,F2R,HTR1D,HTR1B,HTR2A,CD38,AVPR2,OXTR,SLC6A4,SLC8A1,HTR7,PTGS2,LEP,HTR2B,MTNR1B,BMPR2,KCNMB4,BBS2"
"GO:BP","regulation of multicellular organism growth","GO:0040014","1.4240389364809336e-10","9.846478135932566","67","1691","25","21017","HDAC3,FOXS1,ATRN,STC2,SGPL1,SOD1,GHRH,ADRB2,ADRB1,BCL2,ADRB3,DRD2,EZR,CREB1,NPPC,STAT3,STAT5B,SLC6A3,GHRHR,BBS4,LGMN,BBS2,PLAC8,CHD7,GHRL"
"GO:BP","vesicle docking","GO:0048278","1.429004791312835e-10","9.844966315059809","62","1691","24","21017","STXBP3,UNC13B,SNPH,PPFIA3,STX11,RAB3A,RAB3B,SYT1,STX2,SNAP25,STX1B,STXBP1,STX3,KCNB1,STXBP2,VAMP3,STX1A,CPLX2,STX19,UNC13C,SYTL2,BLOC1S6,NDRG4,UNC13A"
"GO:BP","branching involved in ureteric bud morphogenesis","GO:0001658","1.429004791312835e-10","9.844966315059809","62","1691","24","21017","GREM1,MYC,TGFB1,FGF2,TACSTD2,BCL2,BMP4,VEGFA,WT1,CTNNB1,HNF1B,GDNF,SOX9,GPC3,WNT4,DLG1,NOG,ILK,PKD2,SHH,CITED1,LGR4,CTNNBIP1,MAGED1"
"GO:BP","positive regulation of actin filament bundle assembly","GO:0032233","1.429004791312835e-10","9.844966315059809","62","1691","24","21017","ITGB1BP1,NRP1,ROCK2,BAG4,WNT11,ABL1,APOA1,SERPINF2,TPM1,TGFB3,BRAF,EPHA1,SDC4,PFN2,NF2,MTOR,WNT4,CX3CL1,SMAD3,PAK1,AMOT,SFRP1,RGCC,EVL"
"GO:BP","regulation of purine nucleotide metabolic process","GO:1900542","1.5221295846943508e-10","9.817548372846622","83","1691","28","21017","OGT,NCOR1,INS,IFNG,TP53,IGF1,IL4,ENO1,FBP1,PARP1,PRKACA,HTR2A,NOS3,ARL2,STAT3,MTOR,PRKAA2,HDAC4,PPP2CA,PPARA,EP300,PRKAA1,HIF1A,PID1,FLCN,KAT2B,P2RX7,PPARGC1A"
"GO:BP","telomere maintenance","GO:0000723","1.5831145231196226e-10","9.80048766696969","162","1691","41","21017","RAD51C,XRCC3,NBN,RAD51D,TNKS,CCNE2,MYC,TP53,HNRNPC,ERCC1,HSP90AB1,HNRNPA1,PARP1,SRC,XRCC5,SP100,CCNE1,APEX1,PML,GCH1,CTNNB1,BRCA2,TERF1,PRKDC,HNRNPU,RAD51,ATM,HNRNPD,TERF2,SMG6,RAD50,ERCC4,USP7,ACD,TINF2,TNKS2,PIF1,GNL3L,TERF2IP,RTEL1,MAD2L2"
"GO:BP","regulation of heart rate","GO:0002027","1.5985048964617836e-10","9.796286029080703","100","1691","31","21017","CASQ2,ADA,TNF,EDN1,ADRB1,TPM1,DMD,SRC,EDN3,DRD2,KCNE1,ATP2A2,PRKACA,HRC,EDNRB,PLN,SRI,GCH1,SLC8A1,SREBF1,CAV3,FKBP1B,ANK2,PDE4D,KCNH2,CAMK2D,TRPV1,RYR2,PKP2,SPX,KCNE5"
"GO:BP","signal transduction in response to DNA damage","GO:0042770","1.6533123019309522e-10","9.781645102753716","196","1691","46","21017","EME2,FOXO3,SNAI2,KDM1A,NBN,PSMD10,UFL1,SNAI1,ABL1,CD74,TP53,LYN,MIF,SP100,MSX1,PML,CASP2,CDKN2A,MSH2,CDKN1B,BRCA2,MAP2K6,PLK1,SESN2,PRKDC,PTPN11,RAD51,SOX4,PLA2R1,ATM,CUL4A,DYRK1A,TWIST1,CRY1,CCAR2,BRSK1,EME1,SIRT1,CDK5RAP3,MUS81,BARD1,BRIP1,FANCD2,EIF2AK4,MAD2L2,ING4"
"GO:BP","regulation of potassium ion transmembrane transport","GO:1901379","1.7351912034021212e-10","9.76065266265569","78","1691","27","21017","WWP2,CASQ2,OXSR1,PRNP,CD63,EDN3,KCNE1,GAL,KEL,ACTN2,OPRK1,NEDD4,CAV3,VAMP2,SUMO1,ANK2,KCNH2,ANK3,DLG1,AKAP6,KCNAB1,KCNRG,WNK4,NEDD4L,STK39,KCNE5,CAB39"
"GO:BP","positive regulation of receptor-mediated endocytosis","GO:0048260","1.8792488055565163e-10","9.726015717117722","53","1691","22","21017","WASL,CCL21,GREM1,EGF,IL4,SERPINE1,CD63,DRD2,VEGFA,ARRB2,ARRB1,PPT1,WNT3A,B2M,DAB2,FMR1,ANGPT1,HFE,SFRP4,MAGI2,DTNBP1,CCL19"
"GO:BP","regulation of ATP metabolic process","GO:1903578","1.9229701298222435e-10","9.716027461759506","73","1691","26","21017","OGT,NCOR1,INS,IFNG,IGF1,IL4,ENO1,FBP1,PARP1,PRKACA,HTR2A,ARL2,STAT3,MTOR,PRKAA2,HDAC4,PPP2CA,PPARA,EP300,PRKAA1,HIF1A,PID1,FLCN,KAT2B,P2RX7,PPARGC1A"
"GO:BP","regulation of intracellular steroid hormone receptor signaling pathway","GO:0033143","1.9229701298222435e-10","9.716027461759506","73","1691","26","21017","PER1,KDM1A,NCOR1,FOXH1,UFL1,PARP1,SRC,FSHR,PHB,SMARCA4,NR0B1,PRMT2,DAB2,GHRHR,EP300,PAK1,HDAC1,PKN1,CRY1,SFRP1,SIRT1,NODAL,PARK7,PHB2,HEYL,RNF6"
"GO:BP","embryonic heart tube morphogenesis","GO:0003143","1.9229701298222435e-10","9.716027461759506","73","1691","26","21017","DLL1,DVL1,FOXH1,HAND1,GJA1,ENG,TGFBR2,WNT5A,NOTCH1,WNT3A,SMAD3,MEF2C,PKD2,HES1,IHH,SHH,HIF1A,BBS7,BBS5,RYR2,BBS4,NODAL,CITED2,SOX17,NDRG4,SUFU"
"GO:BP","maternal process involved in female pregnancy","GO:0060135","2.0565106748044675e-10","9.686869031840853","58","1691","23","21017","LGALS9,AGRP,CYP27B1,PRDM1,STC2,ESR1,PARP1,SPP1,LIF,PTN,CNR1,PRDX3,AKT1,PTGS2,STC1,WNT4,PPARD,BMPR2,IHH,HAVCR2,NODAL,CITED2,GHRL"
"GO:BP","glial cell proliferation","GO:0014009","2.0565106748044675e-10","9.686869031840853","58","1691","23","21017","UFL1,NTN1,IL33,EGFR,LTA,TNF,IL1B,TP53,IL6,RB1,LYN,NF1,NF2,SOX11,PPP1CC,NOTCH1,CX3CL1,SOX4,ABCC8,PTK2B,HES1,SHH,CERS2"
"GO:BP","molting cycle process","GO:0022404","2.107276347401313e-10","9.676278507447572","101","1691","31","21017","FZD6,SNAI1,EGFR,TNF,PDGFA,INHBA,BCL2,NF1,CDH3,GAL,IGFBP5,CTNNB1,MSX2,ACVR1B,WNT5A,NOTCH1,SOX9,NAGLU,TGFB2,ATP7A,HDAC1,SHH,LDB1,PIAS4,HDAC2,EDA,FUZ,LGR4,SAV1,SPINK5,EDAR"
"GO:BP","hair cycle process","GO:0022405","2.107276347401313e-10","9.676278507447572","101","1691","31","21017","FZD6,SNAI1,EGFR,TNF,PDGFA,INHBA,BCL2,NF1,CDH3,GAL,IGFBP5,CTNNB1,MSX2,ACVR1B,WNT5A,NOTCH1,SOX9,NAGLU,TGFB2,ATP7A,HDAC1,SHH,LDB1,PIAS4,HDAC2,EDA,FUZ,LGR4,SAV1,SPINK5,EDAR"
"GO:BP","positive regulation of protein localization to membrane","GO:1905477","2.1876928885589038e-10","9.660013644937132","107","1691","32","21017","ITGB1BP1,PDPK1,PARK2,EGFR,HRAS,TNF,IFNG,PRNP,ERBB2,EZR,PIK3R1,AKT1,WNT3A,ARF6,RACK1,CDK5,PRKCE,LRP1,ANK3,DLG1,STX3,SQSTM1,KCNJ11,KCNB1,CDK5R1,PPP1R9B,GPER1,CHP1,CIB1,WNK3,NRXN1,TCAF1"
"GO:BP","maintenance of protein location","GO:0045185","2.3870514042785933e-10","9.62213822851978","90","1691","29","21017","NFKBIE,CCDC22,PSMD10,SUN1,SRGN,TXN,IL10,SP100,NFKBIA,PML,AKT1,FBN1,ARL2,NBL1,RANGAP1,CDK5,HNRNPU,ANK3,NR5A1,OS9,TAF3,BBS4,PARK7,BARD1,MDFI,PKP2,G3BP2,FAF1,MAD1L1"
"GO:BP","striated muscle cell proliferation","GO:0014855","2.70344753748958e-10","9.568082053830118","74","1691","26","21017","MSTN,TP73,KCNK2,BMP10,ABL1,RBP4,FGF2,PRKAR1A,PIM1,SRC,BMPR1A,NOTCH1,TGFB2,NRG1,PPARD,MEF2C,NOG,ANGPT1,SHH,MAPK11,ARID2,ZFPM2,TBX5,CITED2,SAV1,NDRG4"
"GO:BP","cellular response to external stimulus","GO:0071496","2.70344753748958e-10","9.568082053830118","74","1691","26","21017","TLR4,PDE2A,TLR3,TNFSF14,IL33,BCL10,WNT11,EGFR,TGFB1,IL1B,ITGB3,FGF2,IRF1,ENG,NFKB1,FAS,CDA,IL13,PTGS2,PTGER4,CASP2,MAPK8,SOX9,FADD,BAD,F11R"
"GO:BP","insulin secretion involved in cellular response to glucose stimulus","GO:0035773","2.945291929617446e-10","9.530871652612522","69","1691","25","21017","BAIAP3,CRH,ADRA2A,PPP3CB,NR1D1,SRI,UCP2,VSNL1,FKBP1B,PRKCE,ABCC8,GPR68,HIF1A,PTPRN,PIM3,NDUFAF2,JAGN1,PTPRN2,BAD,NR1H4,RBM4,RAB11FIP5,ENY2,GHRL,FOXA2"
"GO:BP","positive regulation of phagocytosis","GO:0050766","2.945291929617446e-10","9.530871652612522","69","1691","25","21017","FCN1,FCN3,SOD1,IFNG,APOA1,APOA2,PTPRC,MBL2,BCR,CCL2,CD36,AZU1,GATA2,FCER1G,SFTPD,PPARG,RAB27A,F2RL1,BTK,MERTK,PTPRJ,GAS6,CD300LF,STAP1,PYCARD"
"GO:BP","glial cell development","GO:0021782","3.2071839771925353e-10","9.493876126448932","133","1691","36","21017","TLR4,DLL1,ZEB2,SOD1,EGFR,HRAS,TGFB1,TNF,IFNG,IL1B,ERBB2,IL6,LYN,MAPT,DMD,NR1D1,NF1,DRD1,ERBB3,ADORA2A,AKT1,SOX11,ID4,NAGLU,PTEN,CDK5,ROR2,SOX4,LRP1,EIF2B5,ILK,GPM6B,AGER,SHH,NTRK2,EIF2B4"
"GO:BP","membrane depolarization","GO:0051899","3.3349868522422563e-10","9.476905873894326","80","1691","27","21017","FZD9,SMAD7,ABL1,ALB,EDN1,DCN,PARP1,BCL2,SRC,GJA1,CHRNB2,ADORA2A,NTSR1,SLC6A4,SLC8A1,CAV3,RACK1,ANK2,KCNH2,ANK3,CAMK2D,LRRK2,NEDD4L,PARK7,P2RX7,TBX5,BOK"
"GO:BP","organelle localization by membrane tethering","GO:0140056","3.3349868522422563e-10","9.476905873894326","80","1691","27","21017","STXBP3,UNC13B,SNPH,PPFIA3,STX11,ATP2A2,RAB3A,RAB3B,SYT1,STX2,SNAP25,STX1B,STXBP1,STX3,KCNB1,STXBP2,VAMP3,STX1A,CPLX2,STX19,UNC13C,VAMP8,SYTL2,VAPA,BLOC1S6,NDRG4,UNC13A"
"GO:BP","memory","GO:0007613","3.417205540617163e-10","9.466328898148502","127","1691","35","21017","KALRN,KCNK2,APOE,PRNP,TH,MAPT,DRD2,CREB1,PPP3CB,CHRNB2,PTN,CNR1,DRD1,COMT,HTR2A,OXTR,SLC6A4,PTGS2,SERPINF1,CX3CR1,SNAP25,ASIC1,ADCY1,ABCC8,ITPR3,CRTC1,JPH3,KAT2B,BTBD9,LGMN,SYT11,SYT4,ADNP,PLCB1,EIF2AK4"
"GO:BP","positive regulation of intracellular protein transport","GO:0090316","3.4868949676115747e-10","9.4575611342626","97","1691","30","21017","IPO5,RAB29,HDAC3,OAZ2,TGFB1,IFNG,IL1B,TPR,PRKACA,PIK3R1,PTGS2,PPM1A,LEP,GSK3B,EMD,OAZ1,VAMP2,SMAD3,PRKCD,EP300,HYAL2,TARDBP,TRIM28,GAS6,PRKD1,SHH,ZC3H12A,MAVS,OAZ3,PTPN22"
"GO:BP","establishment or maintenance of cell polarity","GO:0007163","3.7013191466692946e-10","9.431643466198684","229","1691","50","21017","KRIT1,CCL21,WNT7A,LIN7A,HDAC3,SPINT2,SPRY1,ROCK2,CRTAM,WNT11,ABL1,PKHD1,CCL4,EZR,SPN,RHOQ,GJA1,CCR7,CTNNA1,WNT5A,HTT,MAP1B,GSK3B,PLK1,ARF6,RACK1,DLG4,PKD1,PTK2,FOXF1,DLG1,ILK,SCRIB,DCTN1,HES1,SHH,STK11,AMOT,SFRP5,CLASP1,PHLDB2,WWC1,FAM89B,BRSK1,FOXJ1,SIPA1,ERBIN,CCL19,FBXW11,ARFGEF1"
"GO:BP","hexose metabolic process","GO:0019318","3.7013191466692946e-10","9.431643466198684","229","1691","50","21017","OGT,PARK2,INS,TNF,RBP4,TP53,IGF1,APOD,ENO1,FBP1,G6PD,SRC,PRKACA,PTPN2,PFKL,IGFBP3,ATF4,AKT1,IRS1,LEP,GSK3A,CPT1A,RORC,SIK1,SESN2,PPARD,PPARA,EP300,PRKAA1,KCNJ11,RGN,NCOA2,STK11,ADIPOQ,CRY1,TKFC,MIDN,DYRK2,KAT2B,BAD,USP7,ADIPOR1,SIRT1,C1QTNF1,C1QTNF3,TCF7L2,PPARGC1A,GHRL,FOXA2,IRS2"
"GO:BP","cardiac muscle cell proliferation","GO:0060038","3.9565849060478173e-10","9.402679510125429","50","1691","21","21017","TP73,KCNK2,BMP10,ABL1,RBP4,FGF2,PRKAR1A,PIM1,BMPR1A,NOTCH1,TGFB2,NRG1,MEF2C,NOG,MAPK11,ARID2,ZFPM2,TBX5,CITED2,SAV1,NDRG4"
"GO:BP","positive regulation of post-translational protein modification","GO:1901875","4.020269354514213e-10","9.395744848592058","134","1691","36","21017","DDX3X,HDAC3,PARK2,KDM1A,PSMD10,WFS1,BCL10,EGR1,CDKN2A,MAPK9,GSK3A,GSK3B,PLK1,HDAC4,PTEN,NMI,TNIP1,ANGPT1,CRY1,ZC3H12A,LRRK2,TICAM1,DCUN1D3,FANCM,PIAS4,COMMD1,MUL1,ARRDC3,PELI1,CDK5RAP3,NDFIP1,NDFIP2,UBQLN1,BTRC,PTPN22,RWDD3"
"GO:BP","cellular response to retinoic acid","GO:0071300","4.1978533682798877e-10","9.376972735467554","70","1691","25","21017","KLF4,WNT11,TNF,LYN,RARA,CREB1,SLC6A4,SERPINF1,PPARG,LEP,WNT5A,SOX9,GSK3B,WNT3,WNT3A,ATM,PTK2B,SETX,STRA8,OSR1,RORB,HDAC2,PHB2,NDUFA13,FZD4"
"GO:BP","p38MAPK cascade","GO:0038066","4.404025427443213e-10","9.356150182214728","55","1691","22","21017","LGALS9,PER1,PHLPP1,IL1B,BMP4,EZR,VEGFA,ZFP36,OPRK1,LEP,MAP2K6,CAV3,ZFP36L1,DLG1,AGER,MAPK11,ZC3H12A,DAB2IP,PRMT1,CYLD,STK39,PTPN22"
"GO:BP","chondrocyte differentiation","GO:0002062","4.5515316727352826e-10","9.341842430798042","122","1691","34","21017","BMPR1B,WNT7A,SMAD7,SNAI2,GREM1,TGFB1,COL2A1,COL3A1,RB1,COL11A1,BMP4,NPR2,FGFR3,NPPC,CTNNB1,MSX2,BMPR1A,ACVRL1,TGFBR2,SOX9,NOV,HMGA2,SMAD3,ZBTB16,PTPN11,MEF2C,BMPR2,IHH,HIF1A,PKDCC,SULF1,OSR1,SFRP2,AXIN2"
"GO:BP","appendage morphogenesis","GO:0035107","4.5708205011176267e-10","9.340005833382465","154","1691","39","21017","WNT7A,BCL2L11,FZD6,GREM1,RECK,COL2A1,COL3A1,FGF4,BMP4,GJA1,BMP7,NPR2,MSX1,HOXA9,CTNNB1,MSX2,BMPR1A,WNT5A,NOTCH1,SOX9,GPC3,WNT3,TGFB2,ZBTB16,EN1,BAX,NOG,HDAC1,IHH,SHH,TWIST1,PKDCC,OSR1,HDAC2,ACD,SFRP2,TBX5,SEMA3C,CHD7"
"GO:BP","response to axon injury","GO:0048678","4.5708205011176267e-10","9.340005833382465","81","1691","27","21017","KLF4,KCNK2,DHFR,SOD1,EPO,SOD2,APOD,LYN,FGF2,BCL2,SPP1,DRD2,BRAF,PTN,NPPC,AXL,CTNNA1,RANGAP1,MAP1B,FKBP1B,BAX,DPYSL3,KCNB1,SARM1,CERS2,RTN4R,STK24"
"GO:BP","limb morphogenesis","GO:0035108","4.5708205011176267e-10","9.340005833382465","154","1691","39","21017","WNT7A,BCL2L11,FZD6,GREM1,RECK,COL2A1,COL3A1,FGF4,BMP4,GJA1,BMP7,NPR2,MSX1,HOXA9,CTNNB1,MSX2,BMPR1A,WNT5A,NOTCH1,SOX9,GPC3,WNT3,TGFB2,ZBTB16,EN1,BAX,NOG,HDAC1,IHH,SHH,TWIST1,PKDCC,OSR1,HDAC2,ACD,SFRP2,TBX5,SEMA3C,CHD7"
"GO:BP","regulation of cell morphogenesis","GO:0022604","4.6082278938821126e-10","9.336466051588289","245","1691","52","21017","CLDN4,DVL1,SEMA3E,KALRN,PARK2,DIAPH1,F2,FN1,ANXA1,TPM1,CCL3,KIT,SRC,CCL2,EZR,VEGFA,RHOQ,SYT1,CORO1A,NF2,RDX,WNT5A,P2RY1,PLXNA3,SLC26A5,OSTN,DLG4,PRKDC,PTK2,DMTN,DLG1,PTK2B,CAPRIN2,RIMS1,SHROOM3,SEMA4D,MUL1,ANKRD27,NEDD4L,DLC1,SYT3,CORO1B,BCL11A,SYT4,SEMA4A,AGO4,CDC42SE1,PLXNB3,FZD4,CORO1C,UNC13A,F11R"
"GO:BP","positive regulation of binding","GO:0051099","4.709987268685429e-10","9.326980266787693","116","1691","33","21017","NRP1,CLIC2,PARK2,ABL1,EGF,IFNG,APOE,IGF1,RB1,HMGB1,RARA,TXN,BMP4,TRIM21,PPARG,GSK3B,CEBPG,B2M,FKBP1A,PPP2CA,PLAUR,LRP1,STK4,STK3,PIN1,HES1,TWIST1,HFE,LRRK2,ACD,DPH3,PARK7,TCF7L2"
"GO:BP","regulation of mitochondrion organization","GO:0010821","4.709987268685429e-10","9.326980266787693","116","1691","33","21017","FZD9,PDE2A,AURKA,BCL2L11,PARK2,NOL3,PSMD10,TP53,IGF1,SLC25A5,GPX1,DCN,HSPA1A,MAPT,AKT1,PPARG,GSK3A,GSK3B,PLAUR,BAX,BCL2L1,EP300,SQSTM1,LRRK2,PID1,SLC35F6,BAD,MUL1,VPS35,GPER1,PPARGC1A,PYCARD,BOK"
"GO:BP","epidermal growth factor receptor signaling pathway","GO:0007173","4.738403663416331e-10","9.32436794459958","104","1691","31","21017","EREG,PDPK1,SOCS5,ABL1,EGFR,EGF,TGFB1,ERBB2,ADRA2A,SRC,CEACAM1,BRAF,FER,PTPN2,PLCG1,NPR2,AKT1,SOX9,RAB7A,DUSP3,HAP1,PLAUR,PTK2,PTPN11,PTPRJ,PTK2B,DAB2IP,RHBDF2,RHBDF1,ERBIN,GPER1"
"GO:BP","apoptotic mitochondrial changes","GO:0008637","4.738403663416331e-10","9.32436794459958","104","1691","31","21017","FZD9,BCL2L11,PARK2,NOL3,PSMD10,SOD2,TP53,IGF1,SLC25A5,GPX1,HSPA1A,BCL2,AKT1,CDKN2A,GSK3A,GSK3B,PLAUR,BAX,BCL2L1,NAIF1,BLOC1S2,CCAR2,SLC35F6,BAD,MUL1,VPS35,GPER1,ATG3,PYCARD,BOK,CAMK2A"
"GO:BP","embryonic heart tube development","GO:0035050","5.214597394049186e-10","9.282779216727862","87","1691","28","21017","DLL1,DVL1,FOXH1,HAND1,EDN1,GJA1,ENG,CTNNB1,TGFBR2,WNT5A,NOTCH1,WNT3A,SMAD3,MEF2C,PKD2,HES1,IHH,SHH,HIF1A,BBS7,BBS5,RYR2,BBS4,NODAL,CITED2,SOX17,NDRG4,SUFU"
"GO:BP","molting cycle","GO:0042303","5.754797826142141e-10","9.23996992912075","123","1691","34","21017","PER1,FZD6,SNAI1,EGFR,TNF,PDGFA,INHBA,KRT16,BCL2,NF1,CDH3,GAL,IGFBP5,CTNNB1,PTGS2,MSX2,ACVR1B,WNT5A,NOTCH1,SOX9,NAGLU,TGFB2,ATP7A,HDAC1,SHH,LDB1,PIAS4,HDAC2,EDA,FUZ,LGR4,SAV1,SPINK5,EDAR"
"GO:BP","hair cycle","GO:0042633","5.754797826142141e-10","9.23996992912075","123","1691","34","21017","PER1,FZD6,SNAI1,EGFR,TNF,PDGFA,INHBA,KRT16,BCL2,NF1,CDH3,GAL,IGFBP5,CTNNB1,PTGS2,MSX2,ACVR1B,WNT5A,NOTCH1,SOX9,NAGLU,TGFB2,ATP7A,HDAC1,SHH,LDB1,PIAS4,HDAC2,EDA,FUZ,LGR4,SAV1,SPINK5,EDAR"
"GO:BP","nuclear receptor-mediated steroid hormone signaling pathway","GO:0030518","5.754797826142141e-10","9.23996992912075","123","1691","34","21017","PER1,KDM1A,NCOR1,FOXH1,UFL1,ESR1,PARP1,SRC,FSHR,DNAJA1,PHB,NEDD4,SMARCA4,NR0B1,PRMT2,DEFA3,DAB2,GHRHR,EP300,PAK1,HDAC1,PKN1,CRY1,SFRP1,ESR2,SIRT1,NODAL,PARK7,GPER1,PHB2,NKX3-1,HEYL,RNF6,PADI2"
"GO:BP","positive regulation of interleukin-1 production","GO:0032732","5.89784547185032e-10","9.229306610489184","71","1691","25","21017","LGALS9,TLR4,AIM2,TNF,IFNG,IL6,HMGB1,CCL3,CD36,EGR1,AZU1,STAT3,WNT5A,F2RL1,NLRP12,SMAD3,AGER,IFI16,HAVCR2,PYDC1,HDAC2,NLRP3,P2RX7,CCL19,PYCARD"
"GO:BP","regulation of lipid storage","GO:0010883","6.101214158410365e-10","9.214583730591364","51","1691","21","21017","CIDEA,TNF,ITGB3,IL6,ITGAV,CD36,PTPN2,NFKB1,NFKBIA,SREBF1,PPARG,LEP,CPT1A,NR1H2,PPARD,PPARA,SREBF2,NR1H3,ZC3H12A,SIRT1,OSBPL8"
"GO:BP","protein destabilization","GO:0031648","6.101214158410365e-10","9.214583730591364","51","1691","21","21017","PARK2,PRNP,CTSH,SRC,TRIM21,NR1D1,CAPN3,SNCA,MTOR,CDKN2A,HTT,PLK1,PRKDC,EP300,CDC73,MUL1,SIRT1,VPS35,SOX17,FBXW11,BTRC"
"GO:BP","cellular response to ketone","GO:1901655","6.150230264780994e-10","9.211108623923495","111","1691","32","21017","ACOD1,MSTN,KLF4,FOXO3,ROCK2,EGFR,TGFB1,CRH,FBP1,SPP1,CDK4,SRC,CREB1,SRD5A1,TNFSF4,AKT1,PTGER4,AHR,SERPINF1,PPARG,PRKAA2,PRKCE,ADCY1,PRKAA1,ADAM15,GAS6,PRKD1,CYP1B1,SFRP1,SIRT1,PARK7,AXIN2"
"GO:BP","segmentation","GO:0035282","6.161701501836445e-10","9.210299344520424","105","1691","31","21017","DLL1,NRP1,XRCC2,TP53,EGR2,MYF5,WT1,BMPR1A,WNT5A,NOTCH1,MEOX2,WNT3A,PRKDC,SMAD3,EP300,FOXF1,SEMA3F,ATM,SHH,NRARP,SFRP1,LFNG,OSR1,NKD1,ACD,SFRP2,NKX3-1,SEMA3C,HES7,AXIN2,MAFB"
"GO:BP","regulation of D-glucose import","GO:0046324","6.579349874302758e-10","9.181817018232874","56","1691","22","21017","STXBP3,INS,TNF,IGF1,RHOQ,ENPP1,PIK3R1,AKT1,IRS1,LEP,GSK3A,GPC3,OSTN,RNASEL,PTPN11,GRB10,PEA15,ADIPOQ,NFE2L2,PID1,OSBPL8,IRS2"
"GO:BP","positive regulation of myeloid leukocyte differentiation","GO:0002763","6.651786876939557e-10","9.177061674012332","61","1691","23","21017","TGFB1,TNF,IFNG,PF4,CD74,RB1,LIF,CREB1,KITLG,IL12B,ROR2,ID2,ZFP36L1,PPP3CA,KLF10,FADD,GPR68,IL23R,TRIB1,DCSTAMP,IL23A,CTNNBIP1,TNFRSF11A"
"GO:BP","muscle hypertrophy","GO:0014896","6.984222052831882e-10","9.155881961343361","88","1691","28","21017","MEIS1,MSTN,ROCK2,PDE5A,BMP10,IGF1,EDN1,PARP1,G6PD,ATP2A2,IGFBP5,PPARG,LEP,HTR2B,NOTCH1,GSK3A,HDAC4,CAV3,SMAD3,PPARA,PPP3CA,AKAP6,CAMK2D,PRKG1,EZH2,RYR2,HDAC2,CTDP1"
"GO:BP","B cell activation involved in immune response","GO:0002312","6.984222052831882e-10","9.155881961343361","88","1691","28","21017","TLR4,DLL1,NBN,ABL1,ADA,TGFB1,IFNB1,IL4,IL6,ERCC1,PTPRC,CD19,CR1,IL10,TNFSF4,BCL6,STAT6,MSH2,MSH6,IRF8,PTK2B,IL27RA,LFNG,NDFIP1,FOXP3,IL21,MAD2L2,PLCL2"
"GO:BP","neural tube formation","GO:0001841","7.870004491403777e-10","9.104025019789434","100","1691","30","21017","SPINT2,FZD6,BCL10,ABL1,TGFB1,RARA,BMP4,PRKACA,BMP7,BMP5,PRKACB,SDC4,WNT5A,CASP3,TGFB2,STK4,STK3,NOG,SCRIB,TWIST1,HIF1A,SFRP1,SFRP2,DLC1,BBS4,NODAL,CITED2,FUZ,SEMA4C,SUFU"
"GO:BP","regulation of proteasomal protein catabolic process","GO:0061136","8.050062421299281e-10","9.094200752039495","198","1691","45","21017","DVL1,AURKA,SMAD7,OGT,PARK2,SOCS5,PSMD10,WFS1,UFL1,IL33,APOE,PRKCG,GPX1,HSP90AB1,HSPA1A,PRKACA,AKT1,MAPK9,BAG6,GSK3A,GSK3B,PLK1,SUMO1,RACK1,DAB2,PKD1,FMR1,KEAP1,SHH,NFE2L2,HFE,LRRK2,DAB2IP,BBS7,CCAR2,COMMD1,USP13,USP7,RHBDF1,TRIB1,PARK7,UBQLN2,UBQLN1,BTRC,AXIN2"
"GO:BP","heart looping","GO:0001947","9.074865891285113e-10","9.042159784264875","67","1691","24","21017","DLL1,DVL1,FOXH1,HAND1,GJA1,ENG,TGFBR2,WNT5A,NOTCH1,WNT3A,SMAD3,MEF2C,PKD2,IHH,SHH,HIF1A,BBS7,BBS5,BBS4,NODAL,CITED2,SOX17,NDRG4,SUFU"
"GO:BP","regulation of glycolytic process","GO:0006110","9.28673040101314e-10","9.032137162081108","52","1691","21","21017","OGT,NCOR1,INS,IFNG,IGF1,FBP1,PRKACA,HTR2A,ARL2,STAT3,MTOR,PRKAA2,HDAC4,PPP2CA,PPARA,EP300,PRKAA1,HIF1A,FLCN,KAT2B,P2RX7"
"GO:BP","regulation of nucleotide catabolic process","GO:0030811","9.28673040101314e-10","9.032137162081108","52","1691","21","21017","OGT,NCOR1,INS,IFNG,IGF1,FBP1,PRKACA,HTR2A,ARL2,STAT3,MTOR,PRKAA2,HDAC4,PPP2CA,PPARA,EP300,PRKAA1,HIF1A,FLCN,KAT2B,P2RX7"
"GO:BP","regulation of purine nucleotide catabolic process","GO:0033121","9.28673040101314e-10","9.032137162081108","52","1691","21","21017","OGT,NCOR1,INS,IFNG,IGF1,FBP1,PRKACA,HTR2A,ARL2,STAT3,MTOR,PRKAA2,HDAC4,PPP2CA,PPARA,EP300,PRKAA1,HIF1A,FLCN,KAT2B,P2RX7"
"GO:BP","negative regulation of cytoplasmic pattern recognition receptor signaling pathway","GO:0039532","9.28673040101314e-10","9.032137162081108","52","1691","21","21017","TSPAN6,PARP1,TNFAIP3,AKT1,F2RL1,PRKDC,C1QBP,TARBP2,TKFC,PYDC2,NLRC3,NLRX1,TAX1BP1,SEC14L1,RAB7B,DHX58,TRIM11,ERBIN,TRIM31,UBQLN1,PTPN22"
"GO:BP","positive regulation of transporter activity","GO:0032411","9.291809158221645e-10","9.03189971862884","89","1691","28","21017","IFNG,EDN1,ADRB2,DMD,CCL2,DRD4,GAL,GSTM2,CASQ1,ACTN2,CCR2,HTT,HAP1,GSTO1,ANK2,PRKCD,ANK3,AKAP6,TRDN,NR1H3,PKD2,ADIPOQ,RYR2,CHP1,JPH2,WNK3,STK39,TCAF1"
"GO:BP","regulation of G protein-coupled receptor signaling pathway","GO:0008277","9.43984316051798e-10","9.025035221283227","151","1691","38","21017","SLIT3,ROCK2,SLIT2,F2,ADA,ITGB3,EDN1,CHGA,CCL5,DRD2,ADCYAP1,HTR1B,NOS1,ARRB2,PHB,DRD3,SNCA,OPRL1,HTR2B,ARRB1,GSK3A,GNG4,PPP3CA,CRY1,HIF1A,LRRK2,ARRDC3,DTNBP1,VPS35,PPP1R9B,GPER1,ABHD6,PLCB1,UBQLN2,CAMK2A,PADI2,PTGDR2,ROBO1"
"GO:BP","T cell selection","GO:0045058","9.738072080564657e-10","9.011527015159233","57","1691","22","21017","CD74,IL6,PTPRC,BCL2,BRAF,SPN,PTPN2,ITPKB,IL12B,CCR7,STAT3,STAT6,MTOR,IRF4,SHH,STK11,IL23R,ZFPM1,SLAMF6,FOXP3,IL23A,CYLD"
"GO:BP","limbic system development","GO:0021761","1.1428068977912385e-9","8.942027146952551","126","1691","34","21017","NRP1,SEMA3E,CRH,RARA,DRD2,SRD5A1,NF1,DRD1,CTNNB1,NF2,CASP3,NKX2-1,ID4,GSK3B,PLXNA3,NR0B1,HAP1,WNT3A,PTEN,CDK5,NHLH2,BAX,EIF2B5,HDAC1,RAB3GAP1,CDK5R1,NCOA1,EZH2,PROX1,BBS4,PPP1R9B,BBS2,SEMA6B,SLC32A1"
"GO:BP","cellular response to mechanical stimulus","GO:0071260","1.142974177371649e-9","8.94196358128598","73","1691","25","21017","TLR4,PDE2A,TLR3,TNFSF14,IL33,BCL10,WNT11,EGFR,TGFB1,IL1B,ITGB3,FGF2,IRF1,ENG,NFKB1,FAS,IL13,PTGS2,PTGER4,CASP2,MAPK8,SOX9,FADD,BAD,F11R"
"GO:BP","glandular epithelial cell differentiation","GO:0002067","1.142974177371649e-9","8.94196358128598","73","1691","25","21017","DLL1,PDPK1,PAX4,KLF4,FGF2,RARA,BMP4,HOXA5,BMP5,GATA2,AKT1,CTNNB1,IL13,WNT5A,NOTCH1,SOX9,GSK3A,GSK3B,WNT4,HES1,HIF1A,IL31RA,PROX1,BAD,RBM4"
"GO:BP","calcium ion import","GO:0070509","1.238049317531566e-9","8.90726205490781","90","1691","28","21017","CACNA1A,SLN,CASK,TRPM2,SPINK1,PDGFB,EGF,PRNP,SEMG1,CRH,CCL3,CCL2,TRIM27,PPP3CB,PLN,SLC8A1,CTNNB1,CXCL12,STC1,CAV3,CDK5,CACNA1B,PPP3CA,PKD2,HES1,TRPV1,WNK3,SLC30A1"
"GO:BP","carbohydrate transmembrane transport","GO:0034219","1.3150466762267886e-9","8.881058832065499","133","1691","35","21017","DHRS7C,STXBP3,INS,TNF,IL1B,IGF1,EDN1,PRKCB,BRAF,RHOQ,DRD1,ENPP1,PIK3R1,AKT1,IRS1,LEP,GSK3A,GPC3,SESN2,SLC26A5,OSTN,PPARD,RNASEL,PTPN11,GRB10,PEA15,ADIPOQ,NFE2L2,FFAR4,PID1,RSC1A1,INPP5K,OSBPL8,SLC45A2,IRS2"
"GO:BP","positive regulation of protein modification by small protein conjugation or removal","GO:1903322","1.3150466762267886e-9","8.881058832065499","133","1691","35","21017","DDX3X,HDAC3,PARK2,KDM1A,PSMD10,WFS1,BCL10,CDKN2A,MAPK9,GSK3A,GSK3B,PLK1,HDAC4,PTEN,NMI,TNIP1,ANGPT1,CRY1,ZC3H12A,LRRK2,TICAM1,DCUN1D3,FANCM,PIAS4,COMMD1,MUL1,ARRDC3,PELI1,CDK5RAP3,NDFIP1,NDFIP2,UBQLN1,BTRC,PTPN22,RWDD3"
"GO:BP","regulation of protein targeting","GO:1903533","1.3560784584274431e-9","8.867715182831516","79","1691","26","21017","ITGB1BP1,LEPROT,PARK2,BAG4,HRAS,PRNP,ERBB2,KCNE1,GDI1,SREBF1,GSK3A,CDK5,DMTN,SREBF2,ANK3,PRKAA1,KCNB1,CDK5R1,LRRK2,USP17L2,SIAH3,CHP1,CIB1,INPP5K,HPS4,TCAF1"
"GO:BP","cellular response to radiation","GO:0071478","1.3572527934924023e-9","8.867339255808155","180","1691","42","21017","GNB5,SNAI2,KDM1A,TIMP1,MYC,HRAS,TGFB1,CRYAB,TP53,ERCC1,PARP1,XRCC5,KCNE1,EGR1,ATF4,PIK3R1,NEDD4,BRCA2,RHOB,PRKCD,RAD51,BAX,BCL2L1,EP300,HYAL1,HYAL2,ATM,CUL4A,PTPRK,MAPK11,STK11,CRY1,IFI16,METTL3,SFRP1,ERCC4,TP53INP1,SIRT1,SFRP2,BARD1,EIF2AK4,OPN4"
"GO:BP","response to cocaine","GO:0042220","1.4081542886185695e-9","8.851349757818454","53","1691","21","21017","CRH,DRD2,CHRNB2,CNR1,DRD1,DRD4,COMT,CRHBP,HTR1B,HTR2A,OXTR,DRD3,OPRK1,ABAT,CDK5,SLC6A3,EN1,FADD,PTK2B,HDAC2,HDAC5"
"GO:BP","BMP signaling pathway","GO:0030509","1.4149704195721614e-9","8.849252639115566","153","1691","38","21017","BMPR1B,SMAD7,GREM1,BMP10,FSTL3,ABL1,BMP4,ENG,BMP7,EGR1,BMP5,MSX1,MSX2,FBN1,SOX11,PPM1A,BMPR1A,ACVRL1,PPARG,WNT5A,NBL1,NOTCH1,GPC3,NOG,ILK,BMPR2,HES1,HFE,SFRP4,SULF1,SPG20,SFRP1,HTRA1,SFRP2,PRMT1,CHRD,GDF2,FZD1"
"GO:BP","regulation of epithelial cell apoptotic process","GO:1904035","1.4369706692985537e-9","8.842552096369456","58","1691","22","21017","WFS1,WNT11,ESR1,IL6,RB1,PKHD1,HMOX1,BCL2,ZFP36,CDKN1B,PRKAA2,ZFP36L1,BAX,PPARA,PLA2R1,STK4,PRKAA1,SFRP4,PIAS4,SAV1,TCF7L2,BOK"
"GO:BP","dendrite development","GO:0016358","1.488948687189899e-9","8.827120268839005","238","1691","50","21017","WASL,WNT7A,DVL1,NRP1,DCLK1,KALRN,ABL1,APOE,SRGAP2C,CHRNB2,BMP7,PTN,BMP5,CHRNA3,DCC,MAP1B,NEDD4,GSK3B,PTEN,ARF6,DLG4,CDK5,MEF2C,FMR1,PPP3CA,PICALM,PRKG1,CDK5R1,STK11,EZH2,LRRK2,DAB2IP,CAPRIN2,SARM1,NLGN1,HDAC2,SEMA4D,DTNBP1,ANKRD27,NEDD4L,BBS4,PPP1R9B,PACSIN1,SRCIN1,RAB17,BCL11A,GHRL,ZMYND8,FZD4,CAMK2A"
"GO:BP","potassium ion transport","GO:0006813","1.488948687189899e-9","8.827120268839005","238","1691","50","21017","WWP2,CASQ2,HCRT,VPS4B,KCNK2,OXSR1,PRNP,ADRA2A,CD63,EDN3,DRD2,KCNE1,KCNA2,ATF4,DRD1,GAL,KEL,HTR2A,NOS3,NOS1,ADORA1,DRD3,ACTN2,OPRK1,CDKN1B,NEDD4,CAV3,SNAP25,VAMP2,SUMO1,ANK2,KCNC4,ABCC8,KCNH2,ANK3,DLG1,AKAP6,PKD2,PTK2B,KCNJ11,KCNB1,KCNAB1,KCNMB4,KCNRG,WNK4,NEDD4L,CHP1,STK39,KCNE5,CAB39"
"GO:BP","D-glucose import","GO:0046323","1.5747113056278662e-9","8.802799054487068","74","1691","25","21017","DHRS7C,STXBP3,INS,TNF,IGF1,RHOQ,DRD1,ENPP1,PIK3R1,AKT1,IRS1,LEP,GSK3A,GPC3,SESN2,OSTN,RNASEL,PTPN11,GRB10,PEA15,ADIPOQ,NFE2L2,PID1,OSBPL8,IRS2"
"GO:BP","defense response to Gram-negative bacterium","GO:0050829","1.6293573066634992e-9","8.787983667504554","91","1691","28","21017","SSC5D,TLR4,TUSC2,F2,LTF,SERPINE1,IL6,ELANE,CTSG,CHGA,DEFA4,BPI,LBP,AZU1,IL12B,NOS2,RPS19,CAMP,F2RL1,DEFA3,DEFA6,PRKD1,IL23R,TNFRSF14,TREM1,IL23A,TLR9,PYCARD"
"GO:BP","lipid storage","GO:0019915","1.6293573066634992e-9","8.787983667504554","91","1691","28","21017","CIDEA,TNF,IL1B,APOA1,APOE,ITGB3,IL6,ITGAV,CD36,PTPN2,NFKB1,ENPP1,NFKBIA,SREBF1,PPARG,LEP,CPT1A,STAT5B,NR1H2,PPARD,PPARA,SREBF2,NR1H3,CRY1,ZC3H12A,ACVR1C,SIRT1,OSBPL8"
"GO:BP","central nervous system neuron differentiation","GO:0021953","1.8595173458940862e-9","8.730599766113318","203","1691","45","21017","UNCX,BMPR1B,WNT7A,NRP1,SEMA3E,DCLK1,SLIT2,INHBA,MAPT,DRD2,CHRNB2,GABRB1,DRD1,GATA2,CTNNB1,BMPR1A,LEP,WNT5A,DCC,NKX2-1,ID4,PLXNA3,WNT3,WNT3A,PTEN,B2M,ADARB1,CDK5,NHLH2,ATP7A,HES1,SHH,NTRK2,SZT2,LDB1,SFRP1,DRAXIN,PROX1,SFRP2,DLL4,NRXN1,SUFU,FZD1,ATF5,ROBO1"
"GO:BP","striated muscle hypertrophy","GO:0014897","2.0270855290761352e-9","8.693127926678393","86","1691","27","21017","MEIS1,ROCK2,PDE5A,BMP10,IGF1,EDN1,PARP1,G6PD,ATP2A2,IGFBP5,PPARG,LEP,HTR2B,NOTCH1,GSK3A,HDAC4,CAV3,SMAD3,PPARA,PPP3CA,AKAP6,CAMK2D,PRKG1,EZH2,RYR2,HDAC2,CTDP1"
"GO:BP","response to starvation","GO:0042594","2.03440555783423e-9","8.691562466372734","218","1691","47","21017","SUV39H1,FOXO3,HCRT,ALB,TP53,INHBB,HNRNPA1,BCL2,SRD5A1,ATF4,EIF2AK2,COMT,FAS,ZFP36,SREBF1,PPARG,MTOR,MAPK8,PRKAA2,UCP2,WNT4,SESN2,PPARA,SREBF2,KLF10,PRKAA1,BMPR2,GAS6,PRKD1,NFE2L2,CARTPT,IFI16,HFE,ZC3H12A,LRRK2,SZT2,ULK2,SFRP1,FLCN,SIRT1,MYBBP1A,BCAS3,EIF2AK4,PPARGC1A,STK24,SESN1,TNFRSF11A"
"GO:BP","interferon-beta production","GO:0032608","2.084525603404786e-9","8.68099276623731","59","1691","22","21017","TLR4,DDX3X,TRIM38,TLR3,PPM1B,ISG15,IRF1,TIRAP,RELB,PTPN11,DHX9,TRAF3,NMI,NLRC3,ZC3HAV1,MAVS,NLRX1,TICAM1,CACTIN,TLR9,PYCARD,PTPN22"
"GO:BP","cell differentiation involved in kidney development","GO:0061005","2.084525603404786e-9","8.68099276623731","59","1691","22","21017","GREM1,PDGFB,EDN1,LIF,WT1,EDNRB,CD34,CTNNB1,GDNF,STAT1,NOTCH1,WNT4,MEF2C,HES1,SHH,ADIPOQ,MAGI2,OSR1,FOXJ1,LGR4,GLIS2,WWTR1"
"GO:BP","regulation of interferon-beta production","GO:0032648","2.084525603404786e-9","8.68099276623731","59","1691","22","21017","TLR4,DDX3X,TRIM38,TLR3,PPM1B,ISG15,IRF1,TIRAP,RELB,PTPN11,DHX9,TRAF3,NMI,NLRC3,ZC3HAV1,MAVS,NLRX1,TICAM1,CACTIN,TLR9,PYCARD,PTPN22"
"GO:BP","response to cadmium ion","GO:0046686","2.084525603404786e-9","8.68099276623731","59","1691","22","21017","EGFR,CAT,PRNP,SOD2,MT1A,JUN,MT1B,ERCC1,HMOX1,KIT,MT1G,MT3,AKT1,MAPK8,MAPK9,CDKN1B,SUMO1,MT1H,MT1X,ATP7A,MT1M,SLC30A1"
"GO:BP","positive regulation of biomineral tissue development","GO:0070169","2.0931356804731736e-9","8.679202619071278","54","1691","21","21017","FZD9,BMPR1B,LTF,ISG15,ADRB2,BMP4,CEBPB,BMP7,ATF4,PTN,SLC8A1,BMPR1A,WNT4,SMAD3,MEF2C,GPM6B,BMPR2,PKDCC,OSR1,P2RX7,FBXO5"
"GO:BP","roof of mouth development","GO:0060021","2.149045827884329e-9","8.667754323184653","92","1691","28","21017","WNT7A,SNAI2,SGPL1,SNAI1,WNT11,COL2A1,INHBA,TGFB3,PDGFRA,MSX1,SOX11,BMPR1A,TGFBR2,WNT5A,MEOX2,WNT3A,TGFB2,SUMO1,DLG1,LRRC32,SHH,TWIST1,PKDCC,BBS7,OSR1,PLEKHA1,CHD7,FZD1"
"GO:BP","regulation of signal transduction by p53 class mediator","GO:1901796","2.14936432919449e-9","8.667689962941363","110","1691","31","21017","AURKA,SNAI2,PARK2,KDM1A,USP2,PSMD10,SNAI1,MYC,CD74,TP53,BCL2,MIF,MSX1,PML,AKT1,MTOR,CDKN2A,MAP2K6,SOX4,EP300,PLA2R1,ATM,DYRK1A,TWIST1,STK11,DYRK2,USP7,SIRT1,CDK5RAP3,ING2,ING4"
"GO:BP","response to activity","GO:0014823","2.1608970388633036e-9","8.665365925628924","75","1691","25","21017","MSTN,TNF,CAT,SOD2,ITGB3,IL6,EDN1,TH,SRD5A1,CAPN3,IL10,LEP,PRKAA2,PRKAA1,STK11,ADIPOQ,CRY1,HIF1A,HADH,RYR2,ABCG8,ABCG5,PPARGC1A,HDAC5,CAB39"
"GO:BP","positive regulation of protein localization to cell periphery","GO:1904377","2.1608970388633036e-9","8.665365925628924","75","1691","25","21017","PDPK1,EGFR,TNF,IFNG,PRNP,EZR,PIK3R1,AKT1,SNCA,WNT3A,RAB38,ARF6,RACK1,PRKCE,LRP1,DLG1,STX3,SQSTM1,KCNJ11,VPS35,PPP1R9B,GPER1,CIB1,WNK3,NRXN1"
"GO:BP","regulation of Notch signaling pathway","GO:0008593","2.204817535632309e-9","8.6566273456732","98","1691","29","21017","WWP2,DLL1,ITGB1BP1,KIT,SRC,CD46,BMP7,GATA2,NFKBIA,NOS3,AKT1,ACVRL1,STAT3,BCL6,NOTCH1,NOV,ARRB1,MMP14,SYNJ2BP,TGFB2,SREBF2,HES1,NRARP,METTL3,DTX1,LFNG,DLL4,GDF2,ROBO1"
"GO:BP","neutrophil migration","GO:1990266","2.217227870997094e-9","8.654189670876903","129","1691","34","21017","CCL21,CCL25,CXCL13,SLIT2,IL1B,PF4,CXCL10,CD74,EDN1,CCL3,CCL4,CCL2,CCL5,EDN3,VAV1,DPEP1,LBP,PRTN3,FCER1G,CCR7,XCL1,EMP2,TIRAP,TGFB2,CX3CL1,S100A12,C1QBP,CXCL9,JAGN1,CCL19,TREM1,IL23A,RTN4,C5AR2"
"GO:BP","muscle cell development","GO:0055001","2.7072674172256623e-9","8.567468843568475","191","1691","43","21017","MEIS1,KDM1A,BMP10,IGF1,EDN1,GPX1,TPM1,BCL2,PRKAR1A,MYL2,G6PD,DMD,BMP4,MYF5,VEGFA,PDGFRA,PPP3CB,ATP2A2,ENG,CAPN3,RYR1,KEL,CASQ1,SLC8A1,ACTN2,BMPR1A,MTOR,NOTCH1,GSK3A,NAGLU,HDAC4,CAV3,HNRNPU,ANK2,PPARA,PPP3CA,AKAP6,PRKG1,HES1,PRKD1,PROX1,TBX5,CTDP1"
"GO:BP","regulation of insulin receptor signaling pathway","GO:0046626","2.790164357338788e-9","8.554370213435035","65","1691","23","21017","MSTN,OGT,INS,IL1B,PRKCB,SRC,PTPN2,ENPP1,IRS1,LEP,GSK3A,PRKCD,PTPN11,PRKAA1,GRB10,PID1,MZB1,ADIPOR1,SIRT1,NR1H4,INPP5K,RBM4,OSBPL8"
"GO:BP","positive regulation of viral process","GO:0048524","2.790164357338788e-9","8.554370213435035","65","1691","23","21017","LGALS9,DDX3X,TRIM38,CD74,HMGB1,IFIT1,TOP2A,CCL5,TRIM21,AXL,NOTCH1,RAB7A,ADARB1,TOP2B,TYRO3,FMR1,PPARA,DHX9,TARBP2,CLEC4G,TRIM11,SRPK1,MDFIC"
"GO:BP","primary neural tube formation","GO:0014020","2.8154918918986923e-9","8.550445719009787","93","1691","28","21017","SPINT2,FZD6,BCL10,ABL1,TGFB1,RARA,BMP4,PRKACA,BMP7,BMP5,PRKACB,SDC4,WNT5A,CASP3,TGFB2,NOG,SCRIB,TWIST1,HIF1A,SFRP1,SFRP2,DLC1,BBS4,NODAL,CITED2,FUZ,SEMA4C,SUFU"
"GO:BP","monosaccharide metabolic process","GO:0005996","2.8893053060311603e-9","8.539206564864353","250","1691","51","21017","OGT,PARK2,INS,TNF,RBP4,TP53,IGF1,APOD,ENO1,FBP1,G6PD,SRC,PRKACA,PTPN2,PFKL,IGFBP3,ATF4,AKT1,IRS1,LEP,GSK3A,CPT1A,RORC,SIK1,SESN2,GSTO1,PPARD,PPARA,EP300,PRKAA1,KCNJ11,RGN,NCOA2,STK11,ADIPOQ,CRY1,TKFC,MIDN,DYRK2,KAT2B,BAD,USP7,ADIPOR1,SIRT1,C1QTNF1,C1QTNF3,TCF7L2,PPARGC1A,GHRL,FOXA2,IRS2"
"GO:BP","positive regulation of interleukin-1 beta production","GO:0032731","3.0074721567091247e-9","8.521798384684232","60","1691","22","21017","LGALS9,TLR4,AIM2,TNF,IFNG,IL6,CCL3,CD36,EGR1,AZU1,STAT3,WNT5A,F2RL1,NLRP12,SMAD3,AGER,IFI16,PYDC1,NLRP3,P2RX7,CCL19,PYCARD"
"GO:BP","male meiotic nuclear division","GO:0007140","3.0943006698618627e-9","8.50943748865942","55","1691","21","21017","MEIKIN,MEIOC,RAD51C,REC8,BRCA2,HSPA2,ATM,DMC1,TRIP13,BRDT,TEX11,SYCP3,MEIOB,M1AP,MAEL,SYCP2,TEX15,ING2,AGO4,MLH3,SPO11"
"GO:BP","fatty acid transport","GO:0015908","3.268354312555716e-9","8.485670869016337","118","1691","32","21017","SLC22A2,LYPLA1,IL1B,APOE,ANXA1,EDN1,FABP1,THBS1,NMB,MIF,DRD2,CD36,DRD4,NTSR1,AKT1,NOS2,PTGS2,DRD3,PPARG,LEP,CPT1A,MAP2K6,CYP4F2,PPARD,PPARA,PLA2R1,P2RX7,SPX,PLA2G2F,PLA2G2D,IRS2,TNFRSF11A"
"GO:BP","positive regulation of gliogenesis","GO:0014015","3.4557388806605553e-9","8.461459080710663","71","1691","24","21017","TP73,UFL1,NTN1,IL33,EGFR,TGFB1,LTA,TNF,IL1B,IL6,SERPINE2,LYN,EGR2,LIF,PTN,PPP1CC,PPARG,MTOR,NOTCH1,ID2,HDAC1,HES1,SHH,HDAC2"
"GO:BP","B cell receptor signaling pathway","GO:0050853","3.4557388806605553e-9","8.461459080710663","71","1691","24","21017","LPXN,ABL1,PRKCB,LCK,LYN,PTPRC,BCL2,CD19,NFKB1,NFKBIA,CD38,PTPN6,MNDA,BTK,MEF2C,BAX,GPS2,GCSAM,BANK1,PLEKHA1,CD300A,STAP1,PLCL2,PTPN22"
"GO:BP","B cell mediated immunity","GO:0019724","3.5624977744038333e-9","8.448245398299767","207","1691","45","21017","NBN,BCL10,C5,TGFB1,LTA,TNF,C4BPA,CD74,IL4,SERPING1,FCER2,ERCC1,CD55,PTPRC,MBL2,HLA-E,CD19,CD46,HLA-G,CR1,C4BPB,ZP3,IL10,TNFSF4,IL4R,CD27,PTPN6,FCER1G,BCL6,STAT6,MSH2,XCL1,MSH6,PRKCD,BTK,C1QBP,IL13RA2,IL27RA,NECTIN2,INPP5D,FOXJ1,NDFIP1,FOXP3,SLA2,MAD2L2"
"GO:BP","neutrophil chemotaxis","GO:0030593","3.608614680292092e-9","8.442659488446674","106","1691","30","21017","CCL21,CCL25,CXCL13,SLIT2,IL1B,PF4,CXCL10,CD74,EDN1,CCL3,CCL4,CCL2,CCL5,EDN3,VAV1,DPEP1,LBP,FCER1G,CCR7,XCL1,TIRAP,TGFB2,CX3CL1,S100A12,C1QBP,CXCL9,CCL19,TREM1,IL23A,C5AR2"
"GO:BP","regulation of BMP signaling pathway","GO:0030510","3.608614680292092e-9","8.442659488446674","106","1691","30","21017","SMAD7,GREM1,FSTL3,ABL1,BMP4,ENG,MSX1,MSX2,FBN1,SOX11,PPM1A,ACVRL1,PPARG,WNT5A,NBL1,NOTCH1,GPC3,NOG,ILK,HES1,SFRP4,SULF1,SPG20,SFRP1,HTRA1,SFRP2,PRMT1,CHRD,GDF2,FZD1"
"GO:BP","regulation of peptidase activity","GO:0052547","3.608614680292092e-9","8.442659488446674","106","1691","30","21017","CLDN4,AIM2,ROCK2,RECK,TIMP1,LTF,SEMG1,SERPINE1,CSN2,LYN,CTSH,CR1,AKT1,STAT3,SERPINB4,SERPINB9,SEMG2,LRP1,FADD,PICALM,HDAC1,AGER,IFI16,SVBP,BAD,PARK7,LGMN,SPOCK3,NDUFA13,PYCARD"
"GO:BP","hematopoietic or lymphoid organ development","GO:0048534","3.6842924284299568e-9","8.433645906430334","100","1691","29","21017","BCL2L11,SOD1,ABL1,ADA,TGFB1,LTA,TP53,PTPRC,BCL2,TYR,BRAF,IL7R,PRDX2,CTNNB1,RORC,STAT5B,NFKB2,FADD,ATM,HES1,SHH,PKN1,RC3H1,SPNS2,RBM15,CITED2,MAFB,MAD1L1,TNFRSF11A"
"GO:BP","embryonic appendage morphogenesis","GO:0035113","3.755453731429266e-9","8.425337584318505","125","1691","33","21017","WNT7A,BCL2L11,FZD6,GREM1,RECK,FGF4,BMP4,GJA1,BMP7,MSX1,HOXA9,CTNNB1,MSX2,BMPR1A,WNT5A,NOTCH1,GPC3,WNT3,TGFB2,ZBTB16,EN1,BAX,NOG,HDAC1,IHH,SHH,TWIST1,OSR1,HDAC2,ACD,SFRP2,TBX5,CHD7"
"GO:BP","embryonic limb morphogenesis","GO:0030326","3.755453731429266e-9","8.425337584318505","125","1691","33","21017","WNT7A,BCL2L11,FZD6,GREM1,RECK,FGF4,BMP4,GJA1,BMP7,MSX1,HOXA9,CTNNB1,MSX2,BMPR1A,WNT5A,NOTCH1,GPC3,WNT3,TGFB2,ZBTB16,EN1,BAX,NOG,HDAC1,IHH,SHH,TWIST1,OSR1,HDAC2,ACD,SFRP2,TBX5,CHD7"
"GO:BP","skin development","GO:0043588","3.857505204706978e-9","8.413693479296183","322","1691","60","21017","AP3B1,DLL1,CLDN4,OVOL1,EREG,ALOX15B,HDAC3,CYP27B1,KLF4,FZD6,ROCK2,SNAI1,EGFR,TNF,COL3A1,ANXA1,PDGFA,KRT1,INHBA,KRT16,BCL2,BCR,NF1,RYR1,CDH3,GAL,IGFBP5,ZFP36,HOXA7,CTNNB1,MSX2,ACVR1B,WNT5A,CASP3,NOTCH1,SOX9,NAGLU,TGFB2,PKD1,ATP7A,ZFP36L1,PPP3CA,STK4,HDAC1,SHH,EZH2,LDB1,PIAS4,HDAC2,EDA,ARRDC3,FUZ,LGR4,VPS33B,SAV1,SPINK5,POU2F3,SUFU,EDAR,MAFB"
"GO:BP","positive regulation of small GTPase mediated signal transduction","GO:0051057","3.991998007262967e-9","8.39880968417698","77","1691","25","21017","DGKI,RASGRP1,EPO,COL3A1,APOA1,ERBB2,IGF1,ITGAV,SRC,KITLG,F2R,ITPKB,NOTCH1,ARRB1,F2RL1,GPR17,GPR18,SEMA4D,RTN4R,GPR35,RTN4,GPR55,F11R,ADGRG1,ROBO1"
"GO:BP","heterotypic cell-cell adhesion","GO:0034113","4.294468523838979e-9","8.367090576057693","61","1691","22","21017","KLF4,TNF,IL1B,APOA1,FGA,FGB,FGG,THY1,ITGB3,LCK,ITGAV,PTPRC,BMP7,IL10,CD200,MAP2K5,MAPK7,AGER,ADIPOQ,LILRB2,PKP2,WNK1"
"GO:BP","protein export from nucleus","GO:0006611","4.294468523838979e-9","8.367090576057693","61","1691","22","21017","TGFB1,IL1B,TXN,EGR2,TPR,PRKACA,SP100,PPM1A,HSPA9,CDKN2A,RANGAP1,GSK3B,EMD,PKD1,CDK5,PTPN11,GAS6,PRKD1,ANKLE1,PARK7,CHP1,BARD1"
"GO:BP","cardiac muscle hypertrophy","GO:0003300","4.400142175745525e-9","8.356533290526501","83","1691","26","21017","MEIS1,ROCK2,PDE5A,BMP10,IGF1,EDN1,PARP1,G6PD,ATP2A2,PPARG,LEP,HTR2B,NOTCH1,GSK3A,HDAC4,CAV3,SMAD3,PPARA,PPP3CA,AKAP6,CAMK2D,PRKG1,EZH2,RYR2,HDAC2,CTDP1"
"GO:BP","synaptic vesicle recycling","GO:0036465","4.400142175745525e-9","8.356533290526501","83","1691","26","21017","RAB27B,WNT7A,TOR1A,SYNJ1,SYT7,PARK2,SNCG,PPP3CB,RAB3A,RAB5A,SYT1,SNCA,WNT3A,STX1B,ARF6,VAMP2,CDK5,PICALM,SCRIB,STX1A,LRRK2,NLGN1,SYT8,BTBD9,SYT11,PACSIN1"
"GO:BP","pallium development","GO:0021543","4.458395659079233e-9","8.350821392802846","194","1691","43","21017","KDM1A,SLIT2,SUN1,EGFR,COL3A1,TH,SRGAP2C,RARA,DMD,KCNA2,SRD5A1,NF1,DRD1,CTNNB1,NF2,CASP3,NKX2-1,ID4,GSK3B,PLXNA3,WNT3A,PTEN,CDK5,BAX,EIF2B5,HDAC1,CDK5R1,NCOA1,EZH2,NTRK2,HIF1A,DAB2IP,PROX1,C16ORF45,BBS4,PPP1R9B,BBS2,SEMA6B,SLC32A1,PLCB1,RTN4,ADGRG1,ROBO1"
"GO:BP","ruffle organization","GO:0031529","4.508857465559533e-9","8.34593349343581","56","1691","21","21017","CCL21,BAG4,HRAS,ICAM1,TPM1,TACSTD2,CCR7,PFN2,RDX,MTOR,AIF1,ARF6,USP17L2,NLGN1,CORO1B,INPP5K,PLEKHA1,RCC2,EVL,CORO1C,STAP1"
"GO:BP","oligodendrocyte differentiation","GO:0048709","4.596675249885736e-9","8.337556177599389","107","1691","30","21017","TP73,IL33,TGFB1,ERBB2,LYN,PTN,NF1,CTNNB1,DRD3,SOX11,PPARG,CSK,MTOR,CDKN2C,NKX2-1,NOTCH1,ID4,SOX9,PTEN,CDK5,EIF2B5,GPR17,GPM6B,HDAC1,HES1,SHH,NTRK2,HDAC2,EIF2B4,BOK"
"GO:BP","regulation of cartilage development","GO:0061035","4.712647255499933e-9","8.326735066228721","72","1691","24","21017","BMPR1B,SMAD7,SNAI2,GREM1,BMP10,WNT11,TGFB1,RARA,BMP4,BMP1,CTNNB1,ACVRL1,LEP,WNT5A,SOX9,SMAD3,ZBTB16,PTPN11,NOG,BMPR2,IHH,PKDCC,GDF2,AXIN2"
"GO:BP","negative regulation of transforming growth factor beta receptor signaling pathway","GO:0030512","4.746574834802238e-9","8.323619667622008","95","1691","28","21017","SMAD7,OGT,PDPK1,SPRY1,CIDEA,TP53,HSPA1A,TGFB3,ENG,CDH3,PBLD,FBN1,PPM1A,PPARG,NKX2-1,FKBP1A,PPARA,PIN1,HDAC1,RBBP7,FAM89B,HTRA1,HDAC2,SIRT1,ING2,BRMS1,ING1,STRAP"
"GO:BP","acidic amino acid transport","GO:0015800","5.4235398173296075e-9","8.265717167089543","67","1691","23","21017","ARL6IP5,TNF,GJA1,TRH,NF1,ADORA2A,ADORA1,NTSR1,SNCA,STXBP1,ABAT,ABCC8,PRKG1,GRM7,RAB3GAP1,NPY5R,NTRK2,TRPV1,DTNBP1,P2RX7,SYT4,SLC32A1,HRH3"
"GO:BP","regulation of cellular response to insulin stimulus","GO:1900076","5.4235398173296075e-9","8.265717167089543","67","1691","23","21017","MSTN,INS,IL1B,PRKCB,SRC,PTPN2,ENPP1,IRS1,PPARG,LEP,GSK3A,PRKCD,PTPN11,PRKAA1,GRB10,NCOA2,NCOA1,PID1,ADIPOR1,SIRT1,NR1H4,INPP5K,OSBPL8"
"GO:BP","regulation of cytokine production involved in inflammatory response","GO:1900015","6.0686833760139365e-9","8.216905520548263","62","1691","22","21017","TLR4,TLR3,PER1,F2,TNF,APOD,IL6,IL1R2,NOS2,STAT3,LEP,MAPK9,PPARA,EZH2,HIF1A,ZC3H12A,NLRC3,TICAM2,TICAM1,LILRB4,CUEDC2,PYCARD"
"GO:BP","cytokine production involved in inflammatory response","GO:0002534","6.0686833760139365e-9","8.216905520548263","62","1691","22","21017","TLR4,TLR3,PER1,F2,TNF,APOD,IL6,IL1R2,NOS2,STAT3,LEP,MAPK9,PPARA,EZH2,HIF1A,ZC3H12A,NLRC3,TICAM2,TICAM1,LILRB4,CUEDC2,PYCARD"
"GO:BP","determination of heart left/right asymmetry","GO:0061371","6.43194230552215e-9","8.191657859860623","73","1691","24","21017","DLL1,DVL1,FOXH1,HAND1,GJA1,ENG,TGFBR2,WNT5A,NOTCH1,WNT3A,SMAD3,MEF2C,PKD2,IHH,SHH,HIF1A,BBS7,BBS5,BBS4,NODAL,CITED2,SOX17,NDRG4,SUFU"
"GO:BP","neuron migration","GO:0001764","6.487818552100777e-9","8.187901304746857","182","1691","41","21017","NRP1,SEMA3E,DCLK1,ASTN2,SOX14,NTN1,GNRH1,COL3A1,SRGAP2C,DRD2,VEGFA,GJA1,DRD1,GATA2,AXL,CTNNB1,STAT3,DCC,NKX2-1,MAP1B,CXCL12,PLXNA3,NRG3,CX3CL1,CDK5,TOP2B,MEF2C,TYRO3,BAX,PRKG1,GAS6,CDK5R1,TWIST1,NTRK2,DAB2IP,APBB2,BBS4,SEMA6A,GPR173,CAMK2A,ADGRG1"
"GO:BP","vascular endothelial growth factor receptor signaling pathway","GO:0048010","6.5064500162867e-9","8.186655902192934","57","1691","21","21017","DLL1,NRP1,IL1B,ITGB3,PRKCB,SRC,VAV1,VEGFA,MT3,AXL,NEDD4,PTK2,GRB10,PTK2B,PRKD1,HIF1A,DAB2IP,SULF1,MMRN2,FZD4,ROBO1"
"GO:BP","platelet-derived growth factor receptor signaling pathway","GO:0048008","6.5064500162867e-9","8.186655902192934","57","1691","21","21017","NRP1,SGPL1,ABL1,PDGFB,PDGFA,APOD,ITGB3,F7,SRC,VEGFA,PDGFRA,FER,PTPN2,FSHR,SNCA,PTPN11,LRP1,PTPRJ,ADIPOQ,PLEKHA1,NDRG4"
"GO:BP","negative regulation of lipid biosynthetic process","GO:0051055","6.5064500162867e-9","8.186655902192934","57","1691","21","21017","CYP27B1,SNAI2,SNAI1,SOD1,PDGFB,APOE,APOC1,PDGFA,CEACAM1,NFKB1,BMP5,NR0B1,WNT4,SIK1,REST,PRKAA1,PIBF1,PROX1,SIRT1,GPER1,GFI1"
"GO:BP","positive regulation of neuron apoptotic process","GO:0043525","6.5064500162867e-9","8.186655902192934","57","1691","21","21017","BCL2L11,FOXO3,ABL1,TNF,PRNP,TP53,CCL3,NQO1,ATF4,NF1,HTR2A,GCH1,CTNNB1,PHB,CASP3,CASP2,TGFB2,CDK5,BAX,ATM,CDK5R1"
"GO:BP","negative regulation of cell cycle G1/S phase transition","GO:1902807","7.172357373222438e-9","8.144338079211394","79","1691","25","21017","APBB1,KLF4,TP53,RB1,INHBA,BCL2,CCL2,PML,CASP2,CDKN1B,CDKN2D,PRMT2,PTEN,PRKDC,DLG1,ATM,PKD2,GPNMB,EZH2,JADE1,CDC73,CRLF3,DCUN1D3,BTN2A2,FBXO7"
"GO:BP","energy homeostasis","GO:0097009","7.172357373222438e-9","8.144338079211394","79","1691","25","21017","DLL1,VGF,SUV39H1,APOE,ADRB2,ADRB1,ADRB3,CD36,STAT3,LEP,PRKAA2,PPARD,PRKAA1,SQSTM1,NR1D2,TWIST1,CRTC1,BMP8A,TRPV1,ACVR1C,FLCN,SIRT1,WNK4,PPARGC1A,STK39"
"GO:BP","somitogenesis","GO:0001756","7.487423896787782e-9","8.125667578809388","68","1691","23","21017","DLL1,XRCC2,TP53,MYF5,BMPR1A,WNT5A,NOTCH1,MEOX2,WNT3A,PRKDC,SMAD3,EP300,FOXF1,ATM,NRARP,SFRP1,LFNG,NKD1,SFRP2,NKX3-1,SEMA3C,HES7,AXIN2"
"GO:BP","animal organ regeneration","GO:0031100","7.487423896787782e-9","8.125667578809388","68","1691","23","21017","AURKA,EGFR,TGFB1,TNF,APOA2,TYMS,IL6,F7,CEBPB,IL10,AXL,PPARG,NOTCH1,CXCL12,CPT1A,UCP2,GAS6,IHH,RGN,EZH2,PNPT1,PTPRU,CPB2"
"GO:BP","cardiac cell development","GO:0055006","7.665619810726395e-9","8.115452724110899","85","1691","26","21017","MEIS1,SPRY1,BMP10,IGF1,EDN1,INHBA,MYL2,G6PD,BMP4,VEGFA,PDGFRA,SLC8A1,ACTN2,BMPR1A,MTOR,NOTCH1,GSK3A,NAGLU,CAV3,HNRNPU,PPARA,AKAP6,PRKG1,PROX1,TBX5,CTDP1"
"GO:BP","carboxylic acid transport","GO:0046942","7.739963398301512e-9","8.11126109305784","344","1691","62","21017","NFKBIE,SLC22A2,LYPLA1,ARL6IP5,TNF,IL1B,APOE,ANXA1,EDN1,FABP1,THBS1,NMB,CEACAM1,MIF,DRD2,CD36,GJA1,TRH,NF1,ABCB4,DRD4,HTR1B,ADORA2A,ADORA1,NTSR1,AKT1,NOS2,PTGS2,DRD3,PPARG,SNCA,LEP,SLC6A9,CPT1A,MAP2K6,UCP2,SLC26A5,STXBP1,CYP4F2,ABAT,PPARD,PPARA,ABCC8,PLA2R1,PRKAA1,PRKG1,GRM7,RAB3GAP1,NPY5R,NTRK2,TRPV1,ABCC2,DTNBP1,P2RX7,SPX,PLA2G2F,SYT4,SLC32A1,PLA2G2D,IRS2,HRH3,TNFRSF11A"
"GO:BP","insulin receptor signaling pathway","GO:0008286","7.867112124735261e-9","8.104184660075333","122","1691","32","21017","MSTN,OGT,PDPK1,HRAS,INS,IL1B,PRKCB,SRC,FER,RHOQ,PTPN2,ENPP1,PIK3R1,AKT1,IRS1,SREBF1,LEP,GSK3A,GSK3B,PRKCD,PTPN11,PRKAA1,GRB10,PID1,MZB1,ADIPOR1,SIRT1,NR1H4,INPP5K,RBM4,OSBPL8,IRS2"
"GO:BP","double-strand break repair","GO:0006302","7.885844585655492e-9","8.103151786260682","312","1691","58","21017","MEIOC,EME2,RAD51B,RAD51C,XRCC3,XRCC2,KDM1A,NBN,RAD51D,REC8,ABL1,TP53,ERCC1,HMGB1,PARP1,XRCC5,SFPQ,PML,WAS,MSH2,SMARCA2,SMARCA4,BRCA2,HMGA2,PLK1,CSNK2A1,PRKDC,TOP2B,RAD51,ATM,DMC1,TRIP13,TWIST1,MAJIN,ARID2,SETX,FANCM,PIAS4,MEIOB,TERB1,ANKLE1,RAD50,ERCC4,EME1,SIRT1,TONSL,MUS81,CIB1,BRIP1,TEX15,FANCD2,TERF2IP,RTEL1,MAD2L2,ZMYND8,TIMELESS,SPO11,RAD54B"
"GO:BP","positive regulation of GTPase activity","GO:0043547","8.341042839364005e-9","8.078779648274944","142","1691","35","21017","GNB5,TAX1BP3,CXCL13,RASGRP1,APC2,WNT11,HRAS,THY1,ADRB1,BCR,ADCYAP1,NF1,EPHA1,PRTN3,F2R,RANGAP1,GSK3B,F2RL1,RAP1A,RACK1,ABR,PICALM,PIN1,SCRIB,RAB3GAP1,EZH2,NTRK3,USP17L2,SFRP1,ARAP3,SEMA4D,FOXJ1,CCL19,RTN4R,CORO1C"
"GO:BP","positive regulation of protein localization to plasma membrane","GO:1903078","8.490642183340155e-9","8.071059460977052","63","1691","22","21017","PDPK1,EGFR,TNF,IFNG,PRNP,EZR,PIK3R1,AKT1,WNT3A,ARF6,RACK1,PRKCE,LRP1,DLG1,STX3,SQSTM1,KCNJ11,PPP1R9B,GPER1,CIB1,WNK3,NRXN1"
"GO:BP","antigen processing and presentation","GO:0019882","8.60177881016072e-9","8.065411729273409","116","1691","31","21017","AP3B1,CCL21,CD74,ICAM1,HLA-DOA,FCER2,THBS1,CTSH,HLA-E,HLA-G,RAB3B,FCER1G,CCR7,WAS,RAB27A,B2M,RELB,RAB32,MICB,HFE,RAET1L,RAET1G,LILRB2,RAET1E,LGMN,CCL19,TAPBPL,ULBP3,ULBP2,ULBP1,PYCARD"
"GO:BP","organic acid transport","GO:0015849","8.649055784870226e-9","8.063031301760995","345","1691","62","21017","NFKBIE,SLC22A2,LYPLA1,ARL6IP5,TNF,IL1B,APOE,ANXA1,EDN1,FABP1,THBS1,NMB,CEACAM1,MIF,DRD2,CD36,GJA1,TRH,NF1,ABCB4,DRD4,HTR1B,ADORA2A,ADORA1,NTSR1,AKT1,NOS2,PTGS2,DRD3,PPARG,SNCA,LEP,SLC6A9,CPT1A,MAP2K6,UCP2,SLC26A5,STXBP1,CYP4F2,ABAT,PPARD,PPARA,ABCC8,PLA2R1,PRKAA1,PRKG1,GRM7,RAB3GAP1,NPY5R,NTRK2,TRPV1,ABCC2,DTNBP1,P2RX7,SPX,PLA2G2F,SYT4,SLC32A1,PLA2G2D,IRS2,HRH3,TNFRSF11A"
"GO:BP","mesoderm formation","GO:0001707","8.649055784870226e-9","8.063031301760995","74","1691","24","21017","KLF4,SNAI1,HAND1,WNT11,ITGB3,INHBA,PRKAR1A,BMP4,GJA1,PRKACA,BMP7,NF2,BMPR1A,WNT5A,HMGA2,WNT3,WNT3A,SMAD3,FOXF1,NOG,BMPR2,SFRP2,NODAL,TRIM15"
"GO:BP","establishment of cell polarity","GO:0030010","9.029838379991785e-9","8.04432002281007","156","1691","37","21017","KRIT1,CCL21,WNT7A,HDAC3,SPRY1,ROCK2,CRTAM,ABL1,PKHD1,GJA1,CCR7,WNT5A,HTT,MAP1B,GSK3B,PLK1,ARF6,RACK1,PKD1,PTK2,FOXF1,SCRIB,DCTN1,HES1,SHH,STK11,AMOT,CLASP1,PHLDB2,WWC1,FAM89B,BRSK1,FOXJ1,SIPA1,CCL19,FBXW11,ARFGEF1"
"GO:BP","cellular response to starvation","GO:0009267","9.167237217799295e-9","8.037761530398765","177","1691","40","21017","SUV39H1,FOXO3,ALB,TP53,INHBB,HNRNPA1,BCL2,SRD5A1,ATF4,EIF2AK2,COMT,FAS,SREBF1,MTOR,MAPK8,PRKAA2,UCP2,WNT4,SESN2,PPARA,SREBF2,KLF10,PRKAA1,BMPR2,GAS6,PRKD1,NFE2L2,CARTPT,IFI16,ZC3H12A,LRRK2,SZT2,SFRP1,FLCN,SIRT1,MYBBP1A,EIF2AK4,STK24,SESN1,TNFRSF11A"
"GO:BP","digestion","GO:0007586","9.485765537280542e-9","8.022927614147957","136","1691","34","21017","TLR4,SPINK1,APOA1,APOA2,RBP4,CRH,FABP1,ADRA2A,EZR,CD36,NPR2,COMT,NPPC,PBLD,OPRK1,LEP,PTGER3,SOX9,NR1H2,HAMP,PPP3CA,NR1H3,NPSR1,WNK4,WNK3,ABCG8,ABCG5,WNK1,TLR9,PPARGC1A,GHRL,STK39,STRAP,F11R"
"GO:BP","regulation of muscle adaptation","GO:0043502","9.485765537280542e-9","8.022927614147957","80","1691","25","21017","FOXO3,NOL3,ROCK2,PDE5A,BMP10,IGF1,EDN1,PARP1,G6PD,DMD,ATP2A2,IGFBP5,NOS3,CASQ1,PPARG,NOTCH1,GSK3A,HDAC4,CAV3,SMAD3,PPARA,PPP3CA,AKAP6,CAMK2D,CTDP1"
"GO:BP","pancreas development","GO:0031016","9.485765537280542e-9","8.022927614147957","80","1691","25","21017","DLL1,PDPK1,PAX4,WFS1,ANXA1,IL6,BMP4,BMP5,AKT1,CTNNB1,HNF1B,WNT5A,SOX9,GSK3A,GSK3B,SOX4,FOXF1,HES1,IHH,SHH,PROX1,BAD,RBM4,TCF7L2,FOXA2"
"GO:BP","regulation of neuroblast proliferation","GO:1902692","9.635242607926042e-9","8.01613734567308","53","1691","20","21017","KDM1A,SIX3,TGFB1,TP53,FGF2,DRD2,VEGFA,PTN,NF1,GATA2,CTNNA1,CTNNB1,NOTCH1,ID4,CX3CR1,CX3CL1,SHH,HIF1A,LRRK2,PROX1"
"GO:BP","regulation of small GTPase mediated signal transduction","GO:0051056","9.948253760049409e-9","8.002253145277495","306","1691","57","21017","NRP1,OGT,SRGAP3,SPRY1,KALRN,DGKI,SLIT2,RASGRP1,ABL1,EPO,COL3A1,APOA1,APOE,ERBB2,IGF1,ITGAV,FBP1,BCR,SRC,VAV1,NF1,KITLG,F2R,ITPKB,RDX,BCL6,NOTCH1,ARRB1,ARHGDIB,F2RL1,TGFB2,ARF6,ARHGAP4,ABR,GPR17,SQSTM1,GPR18,RASA3,AMOT,DAB2IP,SCAI,FLCN,SEMA4D,SIPA1,DLC1,RTN4R,GPR35,RTN4,CDC42SE1,GMIP,RABGEF1,GPR55,STARD13,F11R,ADGRG1,ARFGEF1,ROBO1"
"GO:BP","telomere maintenance via telomere lengthening","GO:0010833","9.967640272485001e-9","8.001407643888538","86","1691","26","21017","TNKS,TP53,HNRNPC,HSP90AB1,HNRNPA1,PARP1,SRC,XRCC5,PML,GCH1,CTNNB1,TERF1,HNRNPU,RAD51,ATM,TERF2,SMG6,RAD50,ERCC4,ACD,TINF2,TNKS2,PIF1,GNL3L,TERF2IP,RTEL1"
"GO:BP","Rho protein signal transduction","GO:0007266","1.004949402926915e-8","7.9978558035000145","143","1691","35","21017","NRP1,TAX1BP3,ROCK2,NTN1,ABL1,COL3A1,APOA1,APOE,ERBB2,ADRA2A,BCR,F2R,BCL6,WAS,ARRB1,ARHGDIB,F2RL1,SYNJ2BP,RHOB,ARHGAP4,GPR17,GPR18,LRRK2,SCAI,FLCN,SEMA4D,DLC1,RTN4R,GPR35,CDC42SE1,GPR55,STARD13,F11R,ADGRG1,ROBO1"
"GO:BP","regulation of cell division","GO:0051302","1.0577469799533085e-8","7.975618205979164","185","1691","41","21017","DLL1,ITGB1BP1,EREG,AURKA,RAB11FIP3,MYC,PDGFB,TGFB1,IL1B,CAT,PDGFA,FGF4,FGF2,TGFB3,FGF6,OSM,DRD2,VEGFA,PTN,CDC25B,DRD3,HTR2B,BRCA2,PLK1,PROK1,TGFB2,RACK1,PRKCE,BCL2L1,PIN1,SHH,FLCN,KAT2B,SFRP2,BBS4,NKX3-1,CIB1,KIF13A,WNK1,SOX17,CHMP3"
"GO:BP","cellular extravasation","GO:0045123","1.1564303936013797e-8","7.936880502611979","75","1691","24","21017","CCL21,CCL25,TNF,THY1,ICAM1,ELANE,BCR,CCL2,SPN,FER,AZU1,PRTN3,PTGER4,LEP,CCR2,CXCL12,CX3CR1,CX3CL1,FADD,AGER,IL27RA,PLCB1,CCL28,F11R"
"GO:BP","telomere organization","GO:0032200","1.2032559158233068e-8","7.919641994430905","193","1691","42","21017","RAD51C,XRCC3,NBN,RAD51D,TNKS,CCNE2,MYC,TP53,HNRNPC,ERCC1,HSP90AB1,HNRNPA1,PARP1,SRC,XRCC5,SP100,CCNE1,APEX1,PML,GCH1,CTNNB1,BRCA2,TERF1,PRKDC,HNRNPU,RAD51,ATM,HNRNPD,TERF2,EZH2,SMG6,RAD50,ERCC4,USP7,ACD,TINF2,TNKS2,PIF1,GNL3L,TERF2IP,RTEL1,MAD2L2"
"GO:BP","positive regulation of ion transmembrane transporter activity","GO:0032414","1.253481615873883e-8","7.901882031217593","81","1691","25","21017","IFNG,EDN1,ADRB2,DMD,CCL2,DRD4,GAL,GSTM2,CASQ1,ACTN2,CCR2,HTT,HAP1,GSTO1,ANK2,ANK3,AKAP6,TRDN,PKD2,RYR2,CHP1,JPH2,WNK3,STK39,TCAF1"
"GO:BP","regulation of cytosolic calcium ion concentration","GO:0051480","1.3097789556845073e-8","7.8828019916927685","59","1691","21","21017","FZD9,HCRTR1,HCRTR2,TSPOAP1,F2,PRKACA,CNR1,RYR1,HRC,PLN,HTR1B,ADORA1,WNT5A,P2RY1,CAV3,FKBP1B,ITPR1,TMEM178A,RYR2,GPER1,BOK"
"GO:BP","regulation of insulin secretion involved in cellular response to glucose stimulus","GO:0061178","1.3097789556845073e-8","7.8828019916927685","59","1691","21","21017","BAIAP3,CRH,ADRA2A,PPP3CB,NR1D1,SRI,UCP2,VSNL1,FKBP1B,PRKCE,ABCC8,GPR68,HIF1A,PIM3,NDUFAF2,JAGN1,BAD,NR1H4,ENY2,GHRL,FOXA2"
"GO:BP","positive regulation of proteolysis involved in protein catabolic process","GO:1903052","1.404866283954488e-8","7.852365010210354","138","1691","34","21017","DVL1,AURKA,SMAD7,PARK2,CCDC22,SOCS5,PSMD10,WFS1,IL33,EGF,HSPA1A,AKT1,MAPK9,BAG6,GSK3A,GSK3B,PLK1,CAV3,PTEN,SUMO1,RACK1,DAB2,PTK2,FMR1,KEAP1,PTK2B,RGN,NFE2L2,LRRK2,DAB2IP,BBS7,USP13,TRIB1,AXIN2"
"GO:BP","negative regulation of protein catabolic process","GO:0042177","1.4372393131199808e-8","7.842470911953358","112","1691","30","21017","OGT,SNX3,EGFR,TIMP1,INS,HMGCR,PRKCG,SERPINE2,HSP90AB1,NQO1,IL10,NOS2,PHB,SNCA,BAG6,SMAD3,PIN1,SHH,HFE,DAB2IP,TRIM40,CCAR2,USP7,CDK5RAP3,VPS35,PARK7,TIMP4,MAD2L2,SNX12,IRAK3"
"GO:BP","mesoderm morphogenesis","GO:0048332","1.543152722014421e-8","7.811591090757368","76","1691","24","21017","KLF4,SNAI1,HAND1,WNT11,ITGB3,INHBA,PRKAR1A,BMP4,GJA1,PRKACA,BMP7,NF2,BMPR1A,WNT5A,HMGA2,WNT3,WNT3A,SMAD3,FOXF1,NOG,BMPR2,SFRP2,NODAL,TRIM15"
"GO:BP","muscle adaptation","GO:0043500","1.5451389125504616e-8","7.811032470127706","106","1691","29","21017","MSTN,FOXO3,NOL3,ROCK2,PDE5A,BMP10,IL1B,IGF1,EDN1,HMOX1,PARP1,G6PD,DMD,ATP2A2,IGFBP5,NOS3,CASQ1,PPARG,NOTCH1,GSK3A,HDAC4,CAV3,SMAD3,PPARA,PPP3CA,AKAP6,CAMK2D,EZH2,CTDP1"
"GO:BP","retina development in camera-type eye","GO:0060041","1.5455359225992527e-8","7.810920896258829","166","1691","38","21017","BMPR1B,DLL1,NRP1,DCLK1,PAX4,PRDM1,SIX3,TGFB1,RBP4,THY1,PDGFRA,PTPRM,SERPINF1,ACVRL1,STAT3,CASP2,NOTCH1,SOX9,SMARCA4,NAGLU,TGFB2,BAX,MERTK,BMPR2,HES1,IHH,RPE65,NTRK2,HIF1A,CYP1B1,RORB,PROX1,DTNBP1,BBS4,DLL4,CHD7,OPN4,FZD4"
"GO:BP","cellular component disassembly","GO:0022411","1.554423793895571e-8","7.808430564519403","434","1691","72","21017","SLN,AURKA,SYNJ1,SNAI2,CIDEA,VPS4B,PEX14,SNAPIN,APC2,PLG,MYC,TGFB1,TNF,IL6,PRKCB,ADRB2,ELANE,CTSG,MMP7,TGFB3,TOP2A,FER,ATP2A2,ENG,TRIM21,PIK3R1,RDX,ACTN2,CDKN2A,MAP1B,CX3CR1,GSK3B,MMP14,DUSP3,SMARCA4,PLK1,PRKAA2,HSPA2,NAPA,F2RL1,FOXL2,ARF6,RACK1,CX3CL1,CLTC,BAX,LRP1,DMTN,ABCC8,PRKAA1,ADAM15,SEMA5A,DCTN1,ARID2,SETX,CLASP1,ACVR1C,RUBCN,VPS33A,CDK5RAP3,C16ORF45,PPP1R9B,GPER1,MMP19,CIB1,VAMP8,MCOLN1,WNK1,UBQLN1,BOK,CHMP3,IRAK3"
"GO:BP","regulation of telomere maintenance via telomere lengthening","GO:1904356","1.6139566323541673e-8","7.792108139119723","65","1691","22","21017","TNKS,TP53,HNRNPC,HNRNPA1,PARP1,SRC,XRCC5,PML,GCH1,CTNNB1,TERF1,HNRNPU,ATM,TERF2,SMG6,ERCC4,ACD,TINF2,TNKS2,PIF1,GNL3L,RTEL1"
"GO:BP","endothelial cell development","GO:0001885","1.6139566323541673e-8","7.792108139119723","65","1691","22","21017","PDE2A,ROCK2,TNF,IL1B,PROC,ICAM1,GPX1,DMD,EZR,VEGFA,VCL,GSTM3,EDNRB,RDX,STC1,F2RL1,RAP1A,PDE4D,FOXP3,PLCB1,RAP2C,F11R"
"GO:BP","sensory perception of pain","GO:0019233","1.6415187519379026e-8","7.784754151730474","82","1691","25","21017","TRPA1,TNF,CCL3,NR2F6,IAPP,CCL2,KCNA2,HOXB8,CHRNB2,COMT,F2R,HTR2A,ADORA1,NTSR1,OPRM1,OPRK1,OPRL1,CCR2,CXCL12,NOV,CDK5,TRPV1,P2RX7,SPX,PROK2"
"GO:BP","regulation of Rho protein signal transduction","GO:0035023","1.683085075565524e-8","7.773893931014772","88","1691","26","21017","NRP1,ABL1,COL3A1,APOA1,APOE,ERBB2,BCR,F2R,BCL6,ARRB1,ARHGDIB,F2RL1,GPR17,GPR18,SCAI,FLCN,SEMA4D,DLC1,RTN4R,GPR35,CDC42SE1,GPR55,STARD13,F11R,ADGRG1,ROBO1"
"GO:BP","regulation of telomere maintenance","GO:0032204","1.943181064525479e-8","7.711486730197659","107","1691","29","21017","NBN,TNKS,MYC,TP53,HNRNPC,ERCC1,HNRNPA1,PARP1,SRC,XRCC5,PML,GCH1,CTNNB1,TERF1,HNRNPU,ATM,HNRNPD,TERF2,SMG6,RAD50,ERCC4,USP7,ACD,TINF2,TNKS2,PIF1,GNL3L,TERF2IP,RTEL1"
"GO:BP","protein processing","GO:0016485","1.9538148427947234e-8","7.709116595459955","241","1691","48","21017","OGT,ATP6AP2,F12,FGA,FGB,FGG,APOH,KLKB1,PRNP,SERPINE1,ENO1,SERPINE2,THBD,THBS1,CTSG,SERPINF2,F7,CTSH,PARP1,SRGN,SRC,BMP1,PRKACA,PRKACB,KEL,IL1R2,CASP3,CASP2,MMP14,NAGLU,PLAUR,FADD,IHH,RPS6KA2,SHH,IFI16,LRRK2,USP17L2,BAD,CPB2,FAM111A,IMMP2L,LGMN,P2RX7,SNX12,MAFB,SIRT4,TLL2"
"GO:BP","biological process involved in intraspecies interaction between organisms","GO:0051703","1.9997275630061228e-8","7.699029167307209","55","1691","20","21017","DVL1,KALRN,LTF,TH,CHRNB2,DRD4,OXTR,SLC6A4,DRD3,CX3CR1,PTEN,DLG4,EN1,BBS4,GAD1,SEPT5,BPIFA1,NRXN2,NRXN1,NRXN3"
"GO:BP","peptidyl-lysine modification","GO:0018205","2.0583366822774295e-8","7.686483586183866","140","1691","34","21017","RNF212B,TRIM38,EGR2,TRIM27,EGR1,CAPN3,PML,CTNNB1,CDKN2A,RANGAP1,BAG6,PRKAA2,HDAC4,SUMO1,BLOC1S1,ATP7A,SOX4,EP300,PRKAA1,TRIM28,STX1A,RNF212,PIAS4,HDAC2,P3H4,KAT2B,MUL1,SIRT1,PARK7,BCL11A,VPS33B,GNL3L,RWDD3,SIRT4"
"GO:BP","immunoglobulin mediated immune response","GO:0016064","2.124230720112081e-8","7.672798314789353","204","1691","43","21017","NBN,BCL10,C5,TGFB1,LTA,TNF,C4BPA,CD74,IL4,SERPING1,FCER2,ERCC1,CD55,PTPRC,MBL2,HLA-E,CD19,CD46,CR1,C4BPB,ZP3,IL10,TNFSF4,IL4R,CD27,PTPN6,FCER1G,BCL6,STAT6,MSH2,XCL1,MSH6,PRKCD,BTK,C1QBP,IL13RA2,IL27RA,NECTIN2,INPP5D,FOXJ1,NDFIP1,FOXP3,MAD2L2"
"GO:BP","positive regulation of JNK cascade","GO:0046330","2.1473295311602498e-8","7.668101303219652","95","1691","27","21017","TLR4,SDCBP,CCL21,WNT7A,TLR3,RASGRP1,HRAS,TNF,IL1B,SERPINF2,HMGB1,CD27,CCR7,WNT5A,F2RL1,TIRAP,MAP3K10,STK3,SLAMF1,PTK2B,AGER,DAB2IP,CCL19,PLCB1,TLR9,PYCARD,EDAR"
"GO:BP","neuromuscular process","GO:0050905","2.1788490438958894e-8","7.6617728577179625","168","1691","38","21017","DVL1,FOXS1,PARK2,NBN,ABL1,TNF,BCR,DMD,DRD2,NPR2,DRD1,COMT,GSTM2,ADORA2A,GCH1,CASQ1,DRD3,MTOR,SLURP1,CAV3,PTEN,FGF12,DLG4,GSTO1,ADARB1,SLC6A3,ABCC8,MYO7A,DCTN1,ITPR1,PRKD1,SPG20,PNKD,JPH3,JSRP1,VPS35,BLOC1S4,NRXN1"
"GO:BP","intrinsic apoptotic signaling pathway in response to endoplasmic reticulum stress","GO:0070059","2.215482162431055e-8","7.654531742264709","66","1691","22","21017","BCL2L11,PARK2,WFS1,TP53,HSPA1A,BCL2,CEBPB,PTPN2,ATF4,PML,ERP29,BAG6,TMBIM6,BAX,BCL2L1,ITPR1,LRRK2,DAB2IP,SIRT1,ERO1A,PARK7,BOK"
"GO:BP","embryonic digit morphogenesis","GO:0042733","2.5614109917335367e-8","7.5915207311288855","61","1691","21","21017","WNT7A,BCL2L11,FZD6,BMP4,GJA1,MSX1,CTNNB1,MSX2,BMPR1A,WNT5A,NOTCH1,ZBTB16,BAX,NOG,HDAC1,IHH,SHH,TWIST1,OSR1,HDAC2,SFRP2"
"GO:BP","sensory organ morphogenesis","GO:0090596","2.5881716718597545e-8","7.5870069205579345","290","1691","54","21017","MEIS1,DLL1,DVL1,FZD6,PRDM1,SIX3,NTN1,SOD1,COL2A1,RBP4,THY1,EDN1,TH,FGF2,BCL2,BCR,COL11A1,BMP4,VEGFA,BMP7,ATF4,NF1,GATA2,MSX1,PTPRM,CTNNB1,FBN1,SOX11,STAT3,WNT5A,NOTCH1,SOX9,NAGLU,WNT3A,FOXL2,BAX,NOG,MYO7A,HDAC1,SCRIB,IHH,TWIST1,NTRK2,HIF1A,OSR1,BLOC1S5,RORB,HDAC2,PROX1,NKD1,BBS4,CITED2,CHD7,MAFB"
"GO:BP","collagen metabolic process","GO:0032963","2.6111857640815527e-8","7.5831622306489965","102","1691","28","21017","F2,TGFB1,IL6,INHBA,SERPINF2,MMP7,TGFB3,BMP4,ENG,NPPC,PRTN3,F2R,PPARG,NOTCH1,MMP14,NAGLU,WNT4,ADAM15,IHH,HIF1A,CYGB,HDAC2,P3H4,MMP19,P2RX7,MMP28,VPS33B,RGCC"
"GO:BP","regulation of smooth muscle contraction","GO:0006940","2.8503245639294966e-8","7.545105684448327","56","1691","20","21017","SOD1,ADA,EDN1,ADRB2,ADRA2A,KIT,ADRA2B,ADRA2C,TACR2,F2R,OXTR,CHRNB4,CHRNA3,PTGS2,ABAT,PRKG1,GPER1,SPX,PROK2,GHRL"
"GO:BP","regulation of proteasomal ubiquitin-dependent protein catabolic process","GO:0032434","2.8920211957170624e-8","7.538798528407511","135","1691","33","21017","DVL1,AURKA,SMAD7,OGT,PARK2,SOCS5,PSMD10,UFL1,IL33,HSP90AB1,HSPA1A,AKT1,MAPK9,BAG6,GSK3A,GSK3B,PLK1,SUMO1,RACK1,DAB2,KEAP1,SHH,HFE,LRRK2,BBS7,CCAR2,COMMD1,USP7,TRIB1,PARK7,UBQLN2,UBQLN1,AXIN2"
"GO:BP","somatic stem cell population maintenance","GO:0035019","3.031909847190094e-8","7.518283716446964","67","1691","22","21017","WNT7A,KLF4,MYC,FGF4,KIT,LIF,BRAF,BMP7,GATA2,HNF1B,BMPR1A,STAT3,SOX9,SOX4,KLF10,REST,NOG,CUL4A,HES1,LDB1,SFRP1,NODAL"
"GO:BP","regulation of chromosome organization","GO:0033044","3.228083020723959e-8","7.49105530450181","237","1691","47","21017","XRCC3,NBN,TNKS,MYC,TP53,RB1,HNRNPC,ERCC1,HNRNPA1,PARP1,MAPT,TOP2A,TPR,SRC,XRCC5,FSHR,PML,GCH1,TTK,CTNNB1,SMARCA2,SMARCA4,PLK1,TERF1,HNRNPU,ATM,HNRNPD,ESPL1,TERF2,TRIP13,ARID2,SMG6,KAT2B,RAD50,ERCC4,USP7,ACD,TINF2,TNKS2,PIF1,GNL3L,TERF2IP,RTEL1,MAD2L2,FBXO5,AXIN2,MAD1L1"
"GO:BP","negative regulation of G1/S transition of mitotic cell cycle","GO:2000134","3.364707933704176e-8","7.473052627810175","73","1691","23","21017","KLF4,TP53,RB1,INHBA,BCL2,CCL2,PML,CASP2,CDKN1B,PRMT2,PTEN,PRKDC,DLG1,ATM,PKD2,GPNMB,EZH2,JADE1,CDC73,CRLF3,DCUN1D3,BTN2A2,FBXO7"
"GO:BP","DNA damage response, signal transduction by p53 class mediator","GO:0030330","3.5684815479857785e-8","7.447516544564521","79","1691","24","21017","FOXO3,SNAI2,KDM1A,NBN,PSMD10,SNAI1,CD74,TP53,MIF,SP100,MSX1,PML,CASP2,CDKN2A,CDKN1B,BRCA2,SESN2,SOX4,PLA2R1,ATM,DYRK1A,TWIST1,SIRT1,ING4"
"GO:BP","neural precursor cell proliferation","GO:0061351","3.607354289233261e-8","7.442811202205358","171","1691","38","21017","FZD9,WNT7A,SPINT2,FOXO3,KDM1A,FZD6,NBN,SIX3,EGF,TGFB1,TP53,LYN,FGF2,DRD2,VEGFA,PTN,NF1,GATA2,SLC6A4,CTNNA1,CTNNB1,NF2,WNT5A,NOTCH1,ID4,CX3CR1,NUMB,WNT3A,CX3CL1,ID2,ILK,SHH,HIF1A,LRRK2,PROX1,DLL4,ATF5,ADGRG1"
"GO:BP","striated muscle cell development","GO:0055002","3.671439659930347e-8","7.435163605022455","164","1691","37","21017","MEIS1,BMP10,IGF1,EDN1,GPX1,TPM1,BCL2,PRKAR1A,MYL2,G6PD,DMD,BMP4,MYF5,VEGFA,PDGFRA,PPP3CB,CAPN3,RYR1,KEL,CASQ1,SLC8A1,ACTN2,BMPR1A,MTOR,GSK3A,NAGLU,HDAC4,CAV3,HNRNPU,PPARA,PPP3CA,AKAP6,PRKG1,PRKD1,PROX1,TBX5,CTDP1"
"GO:BP","cholesterol efflux","GO:0033344","4.001298850321208e-8","7.39779901068088","57","1691","20","21017","APOM,EGF,APOA1,APOE,APOA2,APOC1,APOC2,COMT,NFKBIA,PPARG,NR1H2,LRP1,SREBF2,NR1H3,GPS2,SHH,ADIPOQ,SIRT1,ABCG8,ABCG5"
"GO:BP","response to fatty acid","GO:0070542","4.001298850321208e-8","7.39779901068088","57","1691","20","21017","FOXO3,CAT,EDN1,CDK4,SRC,XRCC5,CD36,PTGS2,IRS1,SREBF1,SOX9,CPT1A,UCP2,ID3,HES1,ADIPOQ,ZC3H12A,PID1,NR1H4,PLCB1"
"GO:BP","zymogen activation","GO:0031638","4.001298850321208e-8","7.39779901068088","57","1691","20","21017","F12,FGA,FGB,FGG,APOH,KLKB1,SERPINE1,ENO1,SERPINE2,THBD,THBS1,SERPINF2,CTSH,MMP14,PLAUR,FADD,IFI16,BAD,CPB2,LGMN"
"GO:BP","regulation of postsynapse organization","GO:0099175","4.12240847044666e-8","7.384848978187079","104","1691","28","21017","WASL,WNT7A,DVL1,LRRTM2,KALRN,INS,APOE,PRNP,NF1,AKT1,WNT5A,PTEN,CDK5,ROR2,SEMA3F,PTK2B,CDK5R1,LRRK2,CAPRIN2,LRRTM1,NLGN1,LILRB2,DTNBP1,VPS35,SRCIN1,GHRL,NRXN1,ZMYND8"
"GO:BP","cell-cell junction organization","GO:0045216","4.1399545235673276e-8","7.3830044294762605","216","1691","44","21017","CLDN4,SMAD7,SNAI2,ROCK2,SNAI1,WNT11,TGFB1,TNF,IL1B,PKHD1,TGFB3,SRC,VEGFA,FER,GJA1,PRKACA,VCL,CDH3,PRTN3,F2R,CTNNA1,CTNNB1,NF2,RDX,ARL2,ACVRL1,CSK,NUMB,F2RL1,CLDN18,TGFB2,SMAD3,ANK2,ABCC8,DLG1,AMOT,FLCN,MARVELD3,NR1H4,TBX5,PKP2,PTPN23,GDF2,F11R"
"GO:BP","integrin-mediated signaling pathway","GO:0007229","4.2334685492686405e-8","7.373303662284158","117","1691","30","21017","ITGB1BP1,NRP1,SEMA7A,ABL1,TIMP1,COL3A1,APOA1,FN1,THY1,ITGB3,ISG15,ITGAV,CD63,SRC,CEACAM1,VAV1,PTN,CTNNA1,EMP2,PTK2,PTPN11,ILK,ADAM15,PTK2B,PRKD1,ADAMTS18,TSPAN32,ERBIN,RCC2,ADAMTS1"
"GO:BP","regulation of filopodium assembly","GO:0051489","4.344000631132245e-8","7.36211012032132","52","1691","19","21017","WASL,CCL21,NRP1,TRPM2,SRGAP2C,TGFB3,RHOQ,RAB5A,PIK3R1,CCR7,ARF6,PRKCD,FMR1,DMTN,DPYSL3,NLGN1,RAB17,NRXN1,ZMYND8"
"GO:BP","adenylate cyclase-activating G protein-coupled receptor signaling pathway","GO:0007189","4.399138995777353e-8","7.356632315780479","158","1691","36","21017","ADGRL1,GHRH,PF4,CXCL10,ADRB2,ADRB1,ADRA2A,PRKAR1A,CHGA,ADRB3,DRD2,PRKACA,ADRA2B,ADCYAP1,ADRA2C,CNR1,DRD1,FSHR,PLN,ADORA2A,NOS1,CNR2,PTGER4,DRD3,OPRL1,PTGER3,GSK3A,GHRHR,CXCL9,ADCY1,ADGRG3,ADGRF5,ARRDC3,GPER1,LGR4,ADGRG1"
"GO:BP","lymphocyte chemotaxis","GO:0048247","4.8393815786505164e-8","7.315210133012505","63","1691","21","21017","CCL21,CCL25,TNFSF14,CXCL13,OXSR1,CXCL10,CCL3,CCL4,CCL2,CCL5,KLRK1,WNT5A,CCR2,XCL1,CX3CL1,PTK2B,GAS6,CCL19,WNK1,STK39,PADI2"
"GO:BP","cholesterol transport","GO:0030301","5.1529452041507066e-8","7.28794447575385","105","1691","28","21017","SYT7,VPS4B,APOM,EGF,APOA1,APOE,APOA2,APOC1,APOC2,CD36,NFKB1,ABCB4,COMT,NFKBIA,PPARG,STAR,NR1H2,LRP1,SREBF2,NR1H3,GPS2,SHH,ADIPOQ,TPCN2,SIRT1,ABCG8,ABCG5,VAPA"
"GO:BP","regulation of myoblast differentiation","GO:0045661","5.9048760980959224e-8","7.228789210747804","75","1691","23","21017","DLL1,MSTN,TNFSF14,TGFB1,TNF,CXCL10,BMP4,MYF5,IGFBP3,CAPN3,NOTCH1,SOX9,SMARCA2,SMARCA4,ID3,PPARD,MEF2C,SOX4,CXCL9,ZFP36L1,ZFHX3,ARID2,PLCB1"
"GO:BP","regulation of microtubule-based process","GO:0032886","5.910136288080475e-8","7.228402504147706","265","1691","50","21017","AURKA,XRCC3,DIAPH1,ROCK2,VPS4B,TRIM37,APC2,ABL1,SEMG1,ERBB2,PKHD1,HSPA1A,MAPT,LAMP1,TPR,TACR2,ARL2,SNCA,CDKN1B,MAP1B,GSK3B,PLK1,HAP1,PRKAA2,CAV3,WNT3A,PKD1,CLTC,HNRNPU,SEMG2,PRKAA1,PAK1,DYRK1A,DCTN1,CDK5R1,RGN,STK11,PSRC1,CLASP1,PHLDB2,TRAF3IP1,KAT2B,SIRT1,C16ORF45,BBS4,CIB1,BBS2,CYLD,ATF5,CHMP3"
"GO:BP","protein localization to synapse","GO:0035418","6.065634220698568e-8","7.217123782736516","81","1691","24","21017","RAB27B,WNT7A,DVL1,OGT,HRAS,ERBB2,MAPT,WNT5A,SNAP25,STX1B,RAP1A,DLG4,CDK5,DLG1,STX3,SCRIB,SNAP47,LRRTM1,NLGN1,VPS35,NRXN2,NRXN1,NRXN3,PCLO"
"GO:BP","negative regulation of fat cell differentiation","GO:0045599","6.187481313047149e-8","7.208486099679023","53","1691","19","21017","TGFB1,TNF,SOD2,IL6,ENPP1,GATA2,MSX2,WNT5A,ID4,WNT3A,SMAD3,GPS2,CCDC85B,ADIPOQ,FLCN,ZFPM2,SIRT1,GPER1,WWTR1"
"GO:BP","columnar/cuboidal epithelial cell development","GO:0002066","6.187481313047149e-8","7.208486099679023","53","1691","19","21017","DLL1,PDPK1,PRDM1,TGFB1,TYMS,RARA,BMP4,SRC,GJA1,HOXA5,BMP5,GATA2,AKT1,WNT5A,GSK3A,GSK3B,HIF1A,BAD,TLR9"
"GO:BP","carbohydrate transport","GO:0008643","6.247865915472422e-8","7.204268299360476","153","1691","35","21017","DHRS7C,STXBP3,INS,TNF,IL1B,IGF1,EDN1,PRKCB,BRAF,RHOQ,DRD1,ENPP1,PIK3R1,AKT1,IRS1,LEP,GSK3A,GPC3,SESN2,SLC26A5,OSTN,PPARD,RNASEL,PTPN11,GRB10,PEA15,ADIPOQ,NFE2L2,FFAR4,PID1,RSC1A1,INPP5K,OSBPL8,SLC45A2,IRS2"
"GO:BP","regulation of lipid catabolic process","GO:0050994","6.585999493068444e-8","7.1813783070522295","64","1691","21","21017","CIDEA,INS,TNF,IL1B,APOA2,APOC1,APOC2,FABP1,ADRA2A,THRA,CNR1,ADORA1,AKT1,IRS1,CPT1A,PRKCE,PRKCD,PPARA,PRKAA1,TWIST1,IRS2"
"GO:BP","cellular response to heat","GO:0034605","6.585999493068444e-8","7.1813783070522295","64","1691","21","21017","CXCL10,LYN,THBS1,HSP90AB1,HMOX1,HSPA1A,MAPT,TPR,PRKACA,NF1,PTGS2,MTOR,GSK3B,IRAK1,SUMO1,EP300,ATM,RBBP7,TRPV1,HDAC2,SIRT1"
"GO:BP","response to fungus","GO:0009620","7.333584881575019e-8","7.1346836769693205","70","1691","22","21017","TLR4,BCL10,TGFB1,LTF,HRG,MPO,ELANE,CTSG,CHGA,DEFA4,HTN1,CX3CR1,DEFA3,S100A12,HAMP,DCD,DEFA6,BTK,SCIMP,JAGN1,TRIM62,IL36RN"
"GO:BP","regulation of tumor necrosis factor-mediated signaling pathway","GO:0010803","7.73686156331514e-8","7.1114351739613495","59","1691","20","21017","PARK2,NOL3,APOA1,GSTP1,HSPA1A,NLRP2B,PTPN2,TNFAIP3,F2RL1,TRIM32,GPS2,GAS6,ADIPOQ,PYDC2,PIAS4,ZNF675,PYDC1,NR1H4,CYLD,PYCARD"
"GO:BP","endoderm development","GO:0007492","7.756159222478152e-8","7.110353284078391","88","1691","25","21017","TGFB1,FN1,ITGAV,INHBA,COL11A1,BMP4,CTNNB1,HNF1B,BMPR1A,NKX2-1,NOTCH1,MMP14,NR0B1,HMGA2,SMAD3,ZFP36L1,NOG,HDAC1,CDC73,CTR9,PAF1,LEO1,NODAL,MIXL1,SOX17"
"GO:BP","defense response to Gram-positive bacterium","GO:0050830","7.817088703980269e-8","7.106954959882388","120","1691","30","21017","SSC5D,PGLYRP1,LTA,TNF,IL1B,ANG,IL6,CTSG,CHGA,MBL2,DEFA4,HLA-E,CD36,IL7R,LBP,KLRK1,IL12A,CAMP,TIRAP,NLRP6,DEFA3,DEFA6,IL27RA,HAVCR2,TNFRSF14,PGLYRP3,NLRP3,PGLYRP2,P2RX7,PYCARD"
"GO:BP","cell adhesion mediated by integrin","GO:0033627","7.860834326613815e-8","7.104531356732252","82","1691","24","21017","CCL21,ITGB1BP1,SNAI2,CXCL13,LPXN,ADA,HRG,ITGB3,SERPINE1,ICAM1,ITGAV,LYN,CCL5,LIF,PTPN6,FBN1,NOV,TGFB2,PTK2,PTPN11,CYP1B1,SFRP2,CIB1,WNK1"
"GO:BP","neuroblast proliferation","GO:0007405","7.860834326613815e-8","7.104531356732252","82","1691","24","21017","FZD9,KDM1A,NBN,SIX3,TGFB1,TP53,FGF2,DRD2,VEGFA,PTN,NF1,GATA2,CTNNA1,CTNNB1,NOTCH1,ID4,CX3CR1,NUMB,WNT3A,CX3CL1,SHH,HIF1A,LRRK2,PROX1"
"GO:BP","icosanoid transport","GO:0071715","8.933908335072819e-8","7.0489585078498855","65","1691","21","21017","SLC22A2,IL1B,ANXA1,EDN1,NMB,MIF,DRD2,DRD4,NTSR1,NOS2,PTGS2,DRD3,LEP,MAP2K6,CYP4F2,PLA2R1,ABCC2,P2RX7,PLA2G2F,PLA2G2D,TNFRSF11A"
"GO:BP","secretory granule organization","GO:0033363","8.933908335072819e-8","7.0489585078498855","65","1691","21","21017","AP3B1,BAIAP3,SERPINE2,SRGN,KCNE1,CREB1,F2R,PLN,RAB38,BLOC1S1,PTPRN,BLOC1S3,BLOC1S2,NECTIN2,HPS3,DTNBP1,LYST,AP1M1,VPS33B,HPS4,HPS5"
"GO:BP","forebrain cell migration","GO:0021885","8.933908335072819e-8","7.0489585078498855","65","1691","21","21017","SLIT2,SUN1,EGFR,COL3A1,SRGAP2C,DRD2,DRD1,AXL,CTNNB1,NKX2-1,CXCL12,NRG3,CDK5,TYRO3,CDK5R1,LRRK2,DAB2IP,C16ORF45,RTN4,ADGRG1,ROBO1"
"GO:BP","response to ischemia","GO:0002931","8.933908335072819e-8","7.0489585078498855","65","1691","21","21017","NOL3,ROCK2,TP53,BCL2,NQO1,EGR1,NPPC,CX3CR1,MAP2K6,CAV3,SLC26A5,CX3CL1,MEF2C,REST,SQSTM1,PTK2B,KCNJ11,NFE2L2,P2RX7,CIB1,CAMK2A"
"GO:BP","epigenetic regulation of gene expression","GO:0040029","9.289632179455433e-8","7.032001481441802","245","1691","47","21017","MEN1,SUV39H1,TRIM37,MYC,TP53,RB1,GPX1,HMGB1,TPR,TRIM27,EGR1,WT1,APOBEC3A,PHB,BCL6,ASIP,GSK3A,SMARCA4,HMGA2,HDAC4,HNRNPU,EP300,CBX3,TRIM28,HDAC1,DYRK1A,EZH2,IFI16,APOBEC3H,CTR9,METTL3,APOBEC3F,PIWIL2,HDAC2,KAT2B,USP7,SIRT1,MAEL,RBM15,TEX15,ING2,SUV39H2,APOBEC3G,APOBEC3C,RLIM,HDAC5,PADI2"
"GO:BP","regulation of glial cell differentiation","GO:0045685","1.0128857841578779e-7","6.994439524142758","77","1691","23","21017","TP73,IL33,F2,TGFB1,IL6,SERPINE2,EGR2,LIF,NR1D1,PTN,NF1,CTNNB1,DRD3,PPARG,MTOR,NOTCH1,ID4,ID2,NOG,HDAC1,HES1,SHH,HDAC2"
"GO:BP","odontogenesis","GO:0042476","1.0411990688453141e-7","6.982466228956504","135","1691","32","21017","TNFRSF11B,BCL2L11,HAND1,TGFB1,SERPINE1,EDN1,PRKCB,INHBA,FGF4,TGFB3,BMP4,SRC,PDGFRA,BMP7,MSX1,CD34,CTNNA1,CTNNB1,NF2,MSX2,BMPR1A,TGFB2,ID3,BAX,PPARA,HDAC1,SHH,OSR1,HDAC2,EDA,EDAR,AXIN2"
"GO:BP","synaptic transmission, GABAergic","GO:0051932","1.062432008601983e-7","6.9736988534977","60","1691","20","21017","SYN3,BAIAP3,NPS,DRD2,NF1,CNR1,HTR1B,ADORA2A,ADORA1,OXTR,CNR2,HAP1,STXBP1,GABRE,PRKCE,NPY5R,EZH2,NLGN1,NRXN1,PLCL2"
"GO:BP","epidermis development","GO:0008544","1.0660189512665496e-7","6.97223507452396","394","1691","65","21017","AP3B1,DLL1,CLDN4,OVOL1,EREG,ALOX15B,HDAC3,CYP27B1,KLF4,FZD6,ROCK2,SNAI1,SOD1,EGFR,TNF,ANXA1,PDGFA,KRT1,INHBA,KRT16,FGF2,BCL2,BCR,BMP4,ATP2A2,NF1,CDH3,GAL,IGFBP5,ZFP36,HOXA7,CTNNB1,MSX2,ACVR1B,WNT5A,CASP3,WAS,NOTCH1,SOX9,NAGLU,TGFB2,ATP7A,ZFP36L1,PPARA,PPP3CA,STK4,MYO7A,HDAC1,KEAP1,SCRIB,HES1,SHH,EZH2,SFRP4,LDB1,PIAS4,HDAC2,EDA,FUZ,LGR4,SAV1,SPINK5,POU2F3,EDAR,MAFB"
"GO:BP","regulation of action potential","GO:0098900","1.2139562663585575e-7","6.915796958747805","55","1691","19","21017","TNF,NPS,ATP2A2,CD36,CHRNB2,CNR1,CNR2,MTNR1B,CAV3,FGF12,SUMO1,ANK2,FMR1,DLG1,CAMK2D,KCNB1,RYR2,PKP2,GPR35"
"GO:BP","dorsal/ventral pattern formation","GO:0009953","1.2453345438719409e-7","6.904713965001557","90","1691","25","21017","BMPR1B,WNT7A,GREM1,SIX3,EDN1,BMP4,BMP1,CTNNB1,BMPR1A,ACVRL1,NBL1,NKX2-1,WNT3,WNT3A,EN1,NOG,SHH,CAPRIN2,SFRP1,MDFI,CHRD,DLL4,SUFU,AXIN2,TLL2"
"GO:BP","regulation of endopeptidase activity","GO:0052548","1.307041053889313e-7","6.883710771105319","78","1691","23","21017","AIM2,ROCK2,RECK,TIMP1,LTF,SEMG1,SERPINE1,CSN2,LYN,CR1,AKT1,STAT3,SERPINB9,SEMG2,FADD,PICALM,HDAC1,AGER,IFI16,BAD,LGMN,SPOCK3,PYCARD"
"GO:BP","response to fibroblast growth factor","GO:0071774","1.3196271224429348e-7","6.879548766932201","116","1691","29","21017","ITGB1BP1,SPRY1,CXCL13,THBS1,FGF4,FGF2,FGF6,SCGB1A1,CCL2,CCL5,NPR2,FGFR3,ZFP36,CTNNB1,WNT5A,WNT4,PTPN11,EGR3,ZFP36L1,HYAL1,HYAL2,NOG,SETX,SULF1,SFRP1,FUZ,FGF23,DLL4,NRXN1"
"GO:BP","body morphogenesis","GO:0010171","1.3445083148271152e-7","6.871436507630067","50","1691","18","21017","ATP6AP2,SGPL1,TGFB1,TGFB3,BRAF,PDGFRA,MSX1,GPC3,WNT3,PTPN11,EP300,NOG,IHH,RAB3GAP1,CLASP1,PHLDB2,FUZ,PLEKHA1"
"GO:BP","androgen receptor signaling pathway","GO:0030521","1.3445083148271152e-7","6.871436507630067","50","1691","18","21017","KDM1A,NCOR1,FOXH1,DNAJA1,PHB,SMARCA4,PRMT2,DAB2,EP300,HDAC1,PKN1,SFRP1,SIRT1,NODAL,PARK7,NKX3-1,HEYL,RNF6"
"GO:BP","regulation of vascular permeability","GO:0043114","1.3445083148271152e-7","6.871436507630067","50","1691","18","21017","C2CD4B,PDE2A,ZEB2,SLIT2,TGFB1,APOE,BCR,SRC,CEACAM1,VEGFA,AZU1,TACR2,ADORA2A,ABCC8,PTPRJ,ANGPT1,AMOT,CTNNBIP1"
"GO:BP","negative regulation of gene expression, epigenetic","GO:0045814","1.4475955200705456e-7","6.8393527695895715","158","1691","35","21017","SUV39H1,TRIM37,MYC,RB1,HMGB1,TPR,TRIM27,WT1,APOBEC3A,BCL6,HMGA2,HDAC4,HNRNPU,CBX3,HDAC1,DYRK1A,EZH2,IFI16,APOBEC3H,CTR9,METTL3,APOBEC3F,PIWIL2,HDAC2,USP7,SIRT1,MAEL,RBM15,TEX15,ING2,SUV39H2,APOBEC3G,APOBEC3C,RLIM,HDAC5"
"GO:BP","macroautophagy","GO:0016236","1.4512986481435228e-7","6.838243209274951","338","1691","58","21017","OGT,PARK2,TRIM13,VPS4B,UFL1,SNAPIN,TP53,IL4,SLC25A5,ADRB2,DCN,HMOX1,SRC,ATP2A2,PRKACA,RAB5A,AKT1,SREBF1,MTOR,CASP3,HTT,MAPK8,NEDD4,GSK3A,RAB7A,PRKAA2,SESN2,CSNK2A1,CDK5,SREBF2,ATM,SQSTM1,RAB3GAP1,CDK5R1,HIF1A,LRRK2,YOD1,LRSAM1,TP53INP2,ULK2,RUBCN,TP53INP1,VPS33A,SIRT1,VPS35,PHB2,VAMP8,MCOLN1,LACRT,RAB33B,RNF41,ATG3,UBQLN2,RAB23,UBQLN1,CHMP3,FBXO7,SESN1"
"GO:BP","positive regulation of ubiquitin-dependent protein catabolic process","GO:2000060","1.490828824820664e-7","6.82657221885653","110","1691","28","21017","DVL1,AURKA,SMAD7,PARK2,CCDC22,SOCS5,PSMD10,IL33,EGF,HSPA1A,AKT1,MAPK9,GSK3A,GSK3B,PLK1,CAV3,PTEN,SUMO1,RACK1,DAB2,PTK2,KEAP1,PTK2B,NFE2L2,LRRK2,BBS7,TRIB1,AXIN2"
"GO:BP","neuropeptide signaling pathway","GO:0007218","1.490828824820664e-7","6.82657221885653","110","1691","28","21017","AGRP,NPFF,HCRT,HCRTR1,HCRTR2,POMC,NMB,NPS,ADCYAP1,GAL,NTSR1,OPRM1,OPRK1,OPRL1,NPY2R,GPR143,TYRO3,NPY5R,CARTPT,NMS,NPSR1,GPR149,PROKR2,PROKR1,PROK2,NPVF,UTS2R,PTGDR2"
"GO:BP","regulation of protein maturation","GO:1903317","1.5887562050135615e-7","6.798942740263026","67","1691","21","21017","F12,KLKB1,PRNP,SERPINE1,ENO1,SERPINE2,THBS1,SERPINF2,SRC,PRKACA,PRKACB,IL1R2,MMP14,PLAUR,SOX4,RPS6KA2,LRRK2,USP17L2,CPB2,SNX12,SIRT4"
"GO:BP","bone morphogenesis","GO:0060349","1.6654098966464526e-7","6.778478858888618","104","1691","27","21017","BMPR1B,TGFB1,COL2A1,COL3A1,LTF,FGF4,RARA,TGFB3,BMP4,NPR2,FGFR3,NPPC,MSX1,MSX2,TGFBR2,SOX9,MMP14,STC1,MEF2C,BMPR2,IHH,TWIST1,SFRP4,HAS2,CITED2,RAB23,AXIN2"
"GO:BP","telomere maintenance via telomerase","GO:0007004","1.668491924581035e-7","6.777675890968063","73","1691","22","21017","TNKS,TP53,HNRNPC,HSP90AB1,HNRNPA1,SRC,XRCC5,PML,GCH1,CTNNB1,TERF1,HNRNPU,ATM,TERF2,SMG6,RAD50,ACD,TINF2,TNKS2,PIF1,GNL3L,TERF2IP"
"GO:BP","regulation of telomere maintenance via telomerase","GO:0032210","1.6782462156332515e-7","6.775144323455689","56","1691","19","21017","TNKS,TP53,HNRNPC,HNRNPA1,SRC,XRCC5,PML,GCH1,CTNNB1,TERF1,HNRNPU,ATM,TERF2,SMG6,ACD,TINF2,TNKS2,PIF1,GNL3L"
"GO:BP","adenylate cyclase-inhibiting G protein-coupled receptor signaling pathway","GO:0007193","1.6848521484015636e-7","6.773438203962158","79","1691","23","21017","CORT,PDE2A,ITGB3,EDN1,ADRA2A,DRD2,DRD4,FSHR,HTR1D,HTR1B,HTR1E,ADORA1,OPRM1,DRD3,OPRK1,OPRL1,P2RY1,MTNR1A,NPY2R,GRM7,GRM4,HRH3,PTGDR2"
"GO:BP","cardiac muscle cell development","GO:0055013","1.6848521484015636e-7","6.773438203962158","79","1691","23","21017","MEIS1,BMP10,IGF1,EDN1,MYL2,G6PD,BMP4,VEGFA,PDGFRA,SLC8A1,ACTN2,BMPR1A,MTOR,GSK3A,NAGLU,CAV3,HNRNPU,PPARA,AKAP6,PRKG1,PROX1,TBX5,CTDP1"
"GO:BP","protein localization to cell junction","GO:1902414","1.8243817604016245e-7","6.7388842783498255","111","1691","28","21017","RAB27B,WNT7A,DVL1,OGT,HRAS,ERBB2,MAPT,VCL,WNT5A,MAPK9,SNAP25,STX1B,RAP1A,DLG4,CDK5,DLG1,STX3,SCRIB,SNAP47,LRRTM1,NLGN1,MARVELD3,VPS35,NRXN2,NRXN1,NRXN3,F11R,PCLO"
"GO:BP","regulation of granulocyte chemotaxis","GO:0071622","1.891449154770521e-7","6.723205328756323","51","1691","18","21017","CCL21,MSTN,SLIT2,CD74,IL4,EDN1,THBS1,CCL5,LBP,CCR7,XCL1,TIRAP,PTK2,C1QBP,SLAMF1,CCL19,IL23A,C5AR2"
"GO:BP","negative regulation of muscle cell differentiation","GO:0051148","1.9262729794051427e-7","6.715282167342013","62","1691","20","21017","DLL1,EREG,HDAC3,PDGFB,G6PD,MSX1,BMPR1A,NOTCH1,NOV,GSK3A,HDAC4,CAV3,ID2,PPARA,BMPR2,SHH,EZH2,BHLHE41,HDAC5,CTDP1"
"GO:BP","sterol transport","GO:0015918","1.9457623478161332e-7","6.710910204835818","118","1691","29","21017","SYT7,VPS4B,APOM,EGF,APOA1,APOE,APOA2,APOC1,APOC2,CD36,NFKB1,ABCB4,COMT,NFKBIA,PPARG,STAR,NR1H2,LRP1,SREBF2,NR1H3,GPS2,SHH,ADIPOQ,TPCN2,SIRT1,OSBPL8,ABCG8,ABCG5,VAPA"
"GO:BP","negative regulation of mitotic cell cycle phase transition","GO:1901991","2.0020919098490642e-7","6.698515989282245","182","1691","38","21017","KLF4,XRCC3,NBN,TP53,RB1,INHBA,BCL2,TPR,CCL2,PML,TTK,CASP2,CDKN1B,PLK1,PRMT2,PTEN,PRKDC,ZFP36L1,DLG1,ATM,PKD2,GPNMB,TRIP13,EZH2,JADE1,CDC73,CRLF3,DCUN1D3,BRSK1,BTN2A2,RAD50,CDK5RAP3,BARD1,RGCC,MAD2L2,FBXO5,FBXO7,MAD1L1"
"GO:BP","mitochondrion organization","GO:0007005","2.0383775667026137e-7","6.690715368932104","427","1691","68","21017","FZD9,AP3B1,PDE2A,AURKA,RAB29,BCL2L11,PARK2,NOL3,NDUFS3,PSMD10,SOD2,TP53,IGF1,SLC25A5,EDN1,GPX1,DCN,PARP1,HSPA1A,BCL2,MAPT,RAB3A,NOS3,PRDX3,AKT1,PHB,PPARG,SNCA,HSPA9,CDKN2A,GSK3A,GSK3B,UCP2,RAB38,SESN2,PLAUR,ATP7A,BAX,BCL2L1,EP300,SQSTM1,RAB32,LRRK2,NAIF1,BLOC1S2,PID1,CCAR2,NDUFAF2,SLC35F6,FLCN,PNPT1,NECTIN2,BAD,MUL1,VPS35,IMMP2L,PARK7,GPER1,P2RX7,PHB2,PIF1,ATG3,NDUFA13,PPARGC1A,PYCARD,BOK,CAMK2A,SIRT4"
"GO:BP","protein sumoylation","GO:0016925","2.0855067419882453e-7","6.680788401836582","68","1691","21","21017","RNF212B,TRIM38,EGR2,TRIM27,EGR1,CAPN3,PML,CTNNB1,CDKN2A,RANGAP1,HDAC4,SUMO1,TRIM28,STX1A,RNF212,PIAS4,MUL1,PARK7,BCL11A,GNL3L,RWDD3"
"GO:BP","positive regulation of axonogenesis","GO:0050772","2.1545020007681662e-7","6.666653098269895","80","1691","23","21017","NRP1,SEMA7A,SLIT2,NTN1,FN1,MAPT,BRAF,VEGFA,GDI1,MAP1B,CXCL12,PLXNA3,WNT3,WNT3A,SEMA5A,BMPR2,STK11,NTRK2,SEMA4D,BCL11A,ADNP,PLXNB3,ROBO1"
"GO:BP","multicellular organismal-level chemical homeostasis","GO:0140962","2.1597596329138743e-7","6.665594580287905","74","1691","22","21017","WFS1,TGFB1,SOD2,HMOX1,CTSH,MBL2,VEGFA,PRKACA,PRKACB,SFTPD,NAGLU,B2M,CYP4F2,HAMP,HYAL2,PICALM,HFE,ADGRF5,HAS2,BTBD9,INPP5K,BPIFA1"
"GO:BP","catecholamine metabolic process","GO:0006584","2.287789545122803e-7","6.640583929002993","57","1691","19","21017","PARK2,TH,DRD2,CHRNB2,DDC,DRD1,DRD4,COMT,GCH1,DRD3,SNCA,TGFB2,ABAT,SLC6A3,ATP7A,PNKD,VPS35,PARK7,SNCAIP"
"GO:BP","catechol-containing compound metabolic process","GO:0009712","2.287789545122803e-7","6.640583929002993","57","1691","19","21017","PARK2,TH,DRD2,CHRNB2,DDC,DRD1,DRD4,COMT,GCH1,DRD3,SNCA,TGFB2,ABAT,SLC6A3,ATP7A,PNKD,VPS35,PARK7,SNCAIP"
"GO:BP","regulation of muscle hypertrophy","GO:0014743","2.287789545122803e-7","6.640583929002993","57","1691","19","21017","MSTN,ROCK2,PDE5A,BMP10,IGF1,EDN1,PARP1,G6PD,IGFBP5,PPARG,NOTCH1,GSK3A,CAV3,SMAD3,PPARA,PPP3CA,AKAP6,CAMK2D,CTDP1"
"GO:BP","postsynapse organization","GO:0099173","2.306673822139199e-7","6.637013813047262","198","1691","40","21017","FZD9,WASL,WNT7A,DVL1,NRP1,LRRTM2,KALRN,INS,APOE,PRNP,ITGB3,EZR,NF1,AKT1,GDNF,WNT5A,PTEN,ARF6,DLG4,CDK5,ROR2,DLG1,SEMA3F,MTMR2,PTK2B,CDK5R1,LRRK2,CAPRIN2,LRRTM1,NLGN1,LILRB2,DTNBP1,VPS35,LGMN,SRCIN1,NRXN2,GHRL,NRXN1,ZMYND8,NRXN3"
"GO:BP","steroid metabolic process","GO:0008202","2.3538984627782452e-7","6.628212274715262","326","1691","56","21017","APOL1,CYP27B1,SNAI2,SGPL1,SNAI1,SOD1,FSHB,TNF,IFNG,APOA1,APOE,APOA2,APOC1,ESR1,HMGCR,CAT,IL4,CRH,SPP1,KIT,G6PD,CYP19A1,CREB1,PDGFRA,EGR1,SRD5A1,NFKB1,NR1D1,BMP5,GAL,EDNRB,SREBF1,LEP,STAR,RORC,STAT5B,NR0B1,PRKAA2,WNT4,DAB2,PPARD,SREBF2,REST,PRKAA1,NR5A1,PRKG1,SHH,CYP1B1,PIAS4,PROX1,SIRT1,NR1H4,LGMN,GFI1,FGF23,PLEKHA1"
"GO:BP","regulation of protein processing","GO:0070613","2.581568573698781e-7","6.588116334384551","63","1691","20","21017","F12,KLKB1,PRNP,SERPINE1,ENO1,SERPINE2,THBS1,SERPINF2,SRC,PRKACA,PRKACB,IL1R2,MMP14,PLAUR,RPS6KA2,LRRK2,USP17L2,CPB2,SNX12,SIRT4"
"GO:BP","cellular response to osmotic stress","GO:0071470","2.6392426401170097e-7","6.57852068085998","52","1691","18","21017","DDX3X,OXSR1,EPO,FBP1,XRCC5,CAPN3,PTGS2,MTOR,CASP3,RELB,ZFP36L1,PKD2,BAD,WNK3,WNK1,STK39,PYCARD,CAB39"
"GO:BP","neural tube closure","GO:0001843","2.6416204665239755e-7","6.5781295792781345","87","1691","24","21017","SPINT2,FZD6,BCL10,ABL1,TGFB1,RARA,BMP4,PRKACA,PRKACB,SDC4,WNT5A,CASP3,TGFB2,NOG,SCRIB,TWIST1,SFRP1,SFRP2,DLC1,BBS4,CITED2,FUZ,SEMA4C,SUFU"
"GO:BP","positive regulation of cell division","GO:0051781","3.089901225773096e-7","6.5100554033542375","94","1691","25","21017","ITGB1BP1,EREG,PDGFB,TGFB1,IL1B,CAT,PDGFA,FGF4,FGF2,TGFB3,FGF6,OSM,DRD2,VEGFA,PTN,CDC25B,DRD3,HTR2B,PROK1,TGFB2,PRKCE,SHH,NKX3-1,WNK1,CHMP3"
"GO:BP","interferon-mediated signaling pathway","GO:0140888","3.089901225773096e-7","6.5100554033542375","107","1691","27","21017","IFNA2,IFNB1,IFNG,TP53,ISG15,IRF1,PTPN2,SP100,PTPN6,PPARG,WNT5A,STAT1,IRAK1,NR1H2,HDAC4,IFITM2,PTPN11,TRAF3,NR1H3,FADD,MAVS,METTL3,NLRC5,IFNL1,IFNL3,CACTIN,MUL1"
"GO:BP","associative learning","GO:0008306","3.3185646619332516e-7","6.479049715750669","88","1691","24","21017","ABL1,HMGCR,CRH,NPS,KIT,DRD2,BRAF,CHRNB2,NF1,DRD1,COMT,DRD3,OPRK1,OPRL1,PPT1,SNAP25,ASIC1,CDK5,ABCC8,NOG,HIF1A,BRSK1,LGMN,NDRG4"
"GO:BP","tube closure","GO:0060606","3.3185646619332516e-7","6.479049715750669","88","1691","24","21017","SPINT2,FZD6,BCL10,ABL1,TGFB1,RARA,BMP4,PRKACA,PRKACB,SDC4,WNT5A,CASP3,TGFB2,NOG,SCRIB,TWIST1,SFRP1,SFRP2,DLC1,BBS4,CITED2,FUZ,SEMA4C,SUFU"
"GO:BP","positive regulation of mitotic cell cycle phase transition","GO:1901992","3.3185646619332516e-7","6.479049715750669","88","1691","24","21017","DDX3X,RAD51B,RAD51C,VPS4B,EGFR,TGFB1,ANXA1,RB1,CDK4,CDC25B,AKT1,RDX,HSPA2,AIF1,HYAL1,CUL4A,ESPL1,PHB2,RGCC,PLCB1,RCC2,ADAMTS1,FBXO5,MAD1L1"
"GO:BP","cellular response to vascular endothelial growth factor stimulus","GO:0035924","3.427937866890888e-7","6.464967058484831","64","1691","20","21017","DLL1,ITGB1BP1,NRP1,ANXA1,HRG,DCN,CD63,MT1G,VEGFA,PDGFRA,IL12A,IL12B,AKT1,NOTCH1,EGR3,PRKD1,DAB2IP,SEMA6A,DLL4,ROBO1"
"GO:BP","embryonic skeletal system development","GO:0048706","3.510210389375167e-7","6.454666852706139","128","1691","30","21017","WNT11,COL2A1,RBP4,TGFB3,COL11A1,BMP4,MYF5,PDGFRA,HOXB8,BMP7,HOXA5,HOXA7,HOXA9,CTNNB1,SOX11,TGFBR2,WNT5A,MMP14,SMAD3,HYAL1,DLG1,NOG,IHH,SHH,TWIST1,SULF1,OSR1,NODAL,MDFI,FUZ"
"GO:BP","carbohydrate derivative catabolic process","GO:1901136","3.534051052458925e-7","6.4517271810202415","256","1691","47","21017","PDE2A,OGT,NCOR1,PGLYRP1,PDE5A,ADA,TGFB1,INS,IFNG,IGF1,ENO1,FGF2,FBP1,PRKACA,PFKL,HTR2A,APOBEC3A,CDA,ARL2,STAT3,MTOR,GSK3A,PRKAA2,NAGLU,UCP2,HDAC4,PPP2CA,PRKCD,BTK,PPARA,PDE4D,EP300,HYAL1,OVGP1,HYAL2,PRKAA1,HIF1A,APOBEC3H,APOBEC3F,FLCN,KAT2B,APOBEC3D,PGLYRP3,PGLYRP2,P2RX7,APOBEC3G,APOBEC3C"
"GO:BP","social behavior","GO:0035176","3.6202453453928353e-7","6.441261996168589","53","1691","18","21017","DVL1,KALRN,TH,CHRNB2,DRD4,OXTR,SLC6A4,DRD3,CX3CR1,PTEN,DLG4,EN1,BBS4,GAD1,SEPT5,NRXN2,NRXN1,NRXN3"
"GO:BP","positive regulation of cell cycle phase transition","GO:1901989","3.7426002015441324e-7","6.426826563357617","108","1691","27","21017","DDX3X,RAD51B,RAD51C,VPS4B,EGFR,TGFB1,ANXA1,RB1,CDK4,CDC25B,AKT1,RDX,HSPA2,AIF1,HYAL1,CUL4A,ESPL1,EZH2,CDC73,PAF1,PHB2,RGCC,PLCB1,RCC2,ADAMTS1,FBXO5,MAD1L1"
"GO:BP","cellular response to fibroblast growth factor stimulus","GO:0044344","3.7426002015441324e-7","6.426826563357617","108","1691","27","21017","ITGB1BP1,SPRY1,CXCL13,THBS1,FGF4,FGF2,FGF6,CCL2,CCL5,FGFR3,ZFP36,CTNNB1,WNT5A,WNT4,PTPN11,EGR3,ZFP36L1,HYAL1,HYAL2,NOG,SETX,SULF1,SFRP1,FUZ,FGF23,DLL4,NRXN1"
"GO:BP","monocarboxylic acid transport","GO:0015718","3.821468974989375e-7","6.4177696619315805","179","1691","37","21017","SLC22A2,LYPLA1,TNF,IL1B,APOE,ANXA1,EDN1,FABP1,THBS1,NMB,CEACAM1,MIF,DRD2,CD36,ABCB4,DRD4,NTSR1,AKT1,NOS2,PTGS2,DRD3,PPARG,LEP,CPT1A,MAP2K6,CYP4F2,PPARD,PPARA,PLA2R1,PRKAA1,ABCC2,P2RX7,SPX,PLA2G2F,PLA2G2D,IRS2,TNFRSF11A"
"GO:BP","response to catecholamine","GO:0071869","4.169834657149703e-7","6.379881165388628","59","1691","19","21017","GNB5,PARK2,ABL1,GNAO1,DRD2,DRD1,DRD4,COMT,HTR2A,GNA11,ARRB2,DRD3,GSK3A,GSK3B,PRKD1,LRRK2,HDAC2,DTNBP1,VPS35"
"GO:BP","response to monoamine","GO:0071867","4.169834657149703e-7","6.379881165388628","59","1691","19","21017","GNB5,PARK2,ABL1,GNAO1,DRD2,DRD1,DRD4,COMT,HTR2A,GNA11,ARRB2,DRD3,GSK3A,GSK3B,PRKD1,LRRK2,HDAC2,DTNBP1,VPS35"
"GO:BP","defense response to fungus","GO:0050832","4.169834657149703e-7","6.379881165388628","59","1691","19","21017","BCL10,TGFB1,LTF,HRG,MPO,ELANE,CTSG,CHGA,DEFA4,HTN1,CX3CR1,DEFA3,S100A12,HAMP,DCD,DEFA6,JAGN1,TRIM62,IL36RN"
"GO:BP","RNA-templated DNA biosynthetic process","GO:0006278","4.606377250864663e-7","6.336640497275028","77","1691","22","21017","TNKS,TP53,HNRNPC,HSP90AB1,HNRNPA1,SRC,XRCC5,PML,GCH1,CTNNB1,TERF1,HNRNPU,ATM,TERF2,SMG6,RAD50,ACD,TINF2,TNKS2,PIF1,GNL3L,TERF2IP"
"GO:BP","filopodium assembly","GO:0046847","4.6476129309452646e-7","6.332770048637185","71","1691","21","21017","WASL,CCL21,NRP1,TRPM2,SRGAP2C,TGFB3,EZR,RHOQ,RAB5A,PIK3R1,CCR7,ARF6,PRKCD,FMR1,DMTN,DPYSL3,NLGN1,PPP1R9B,RAB17,NRXN1,ZMYND8"
"GO:BP","pyridine nucleotide catabolic process","GO:0019364","4.7301267032466076e-7","6.3251272259040805","96","1691","25","21017","OGT,NCOR1,INS,IFNG,IGF1,ENO1,FBP1,PRKACA,PFKL,HTR2A,ARL2,STAT3,MTOR,PRKAA2,UCP2,HDAC4,PPP2CA,PPARA,EP300,PRKAA1,HIF1A,SARM1,FLCN,KAT2B,P2RX7"
"GO:BP","regulation of macroautophagy","GO:0016241","4.7401290908576093e-7","6.324209830755511","173","1691","36","21017","PARK2,TRIM13,TP53,IL4,SLC25A5,ADRB2,DCN,HMOX1,PRKACA,AKT1,SREBF1,MTOR,CASP3,HTT,MAPK8,NEDD4,GSK3A,PRKAA2,SESN2,CSNK2A1,CDK5,SREBF2,RAB3GAP1,CDK5R1,HIF1A,LRRK2,LRSAM1,RUBCN,SIRT1,VPS35,LACRT,RNF41,UBQLN2,UBQLN1,FBXO7,SESN1"
"GO:BP","regulation of mitochondrial membrane permeability","GO:0046902","4.983402134650792e-7","6.3024740661074565","54","1691","18","21017","FZD9,BCL2L11,NOL3,TP53,SLC25A5,HSPA1A,BCL2,GSK3A,GSK3B,BAX,BCL2L1,NAIF1,BLOC1S2,SLC35F6,BAD,MUL1,BOK,CAMK2A"
"GO:BP","skeletal muscle tissue development","GO:0007519","5.501897633062376e-7","6.259487494246175","174","1691","36","21017","DLL1,MSTN,TGFB1,RB1,GPX1,BCL2,EGR2,DMD,MYF5,PPP3CB,EGR1,NF1,RYR1,KEL,CASQ1,CTNNB1,SOX11,NOTCH1,MEOX2,EMD,HDAC4,WNT3A,FOXL2,CDK5,MEF2C,PPP3CA,EP300,PRKAA1,HLX,NR1D2,SHH,TWIST1,LEMD2,CITED2,HEYL,TLL2"
"GO:BP","positive regulation of protein ubiquitination","GO:0031398","5.571478308009467e-7","6.2540295560240775","110","1691","27","21017","DDX3X,HDAC3,PARK2,KDM1A,PSMD10,WFS1,BCL10,MAPK9,GSK3A,GSK3B,PLK1,PTEN,NMI,ANGPT1,CRY1,LRRK2,TICAM1,FANCM,COMMD1,ARRDC3,PELI1,CDK5RAP3,NDFIP1,NDFIP2,UBQLN1,BTRC,PTPN22"
"GO:BP","intrinsic apoptotic signaling pathway by p53 class mediator","GO:0072332","5.598030580877921e-7","6.251964733402858","84","1691","23","21017","TP73,PARK2,KDM1A,MYC,CD74,TP53,BCL2,MIF,MSX1,PML,MSH2,BAG6,BRCA2,BAX,EP300,STK11,IFI16,DYRK2,SIRT1,MYBBP1A,ING2,PYCARD,BOK"
"GO:BP","metencephalon development","GO:0022037","5.812512665615756e-7","6.235636087762026","117","1691","28","21017","DLL1,WNT7A,ATRN,ABL1,TP53,SERPINE2,BCL2,KCNE1,COMT,ARCN1,HAP1,NAGLU,ABAT,CDK5,ATP7A,EN1,PTPN11,PRKG1,HNRNPD,SCRIB,CDK5R1,NCOA1,EZH2,LDB1,PROX1,SEMA4C,NRXN1,FZD4"
"GO:BP","cellular response to virus","GO:0098586","5.889774038173942e-7","6.229901366648656","78","1691","22","21017","LGALS9,DDX3X,TLR3,TGFB1,IFNA2,IFNB1,IFNG,CXCL10,IL6,CCL5,NFKB1,IL12A,SMAD3,FMR1,BAX,MAPK11,HIF1A,ZC3H12A,IFNL1,IFNL3,CCL19,IL21"
"GO:BP","regulation of membrane permeability","GO:0090559","5.931207696998111e-7","6.22685686772508","66","1691","20","21017","FZD9,BCL2L11,NOL3,TP53,SLC25A5,HSPA1A,BCL2,MTOR,GSK3A,GSK3B,BAX,BCL2L1,NAIF1,BLOC1S2,SLC35F6,BAD,MUL1,BOK,CAMK2A,F11R"
"GO:BP","regulation of amide metabolic process","GO:0034248","5.931207696998111e-7","6.22685686772508","66","1691","20","21017","ROCK2,TNF,IFNG,APOE,PRNP,TP53,IGF1,SNCA,MTOR,CASP3,GSK3A,HAP1,PRKCD,PRKAA1,PICALM,PIN1,NFE2L2,NTRK2,NR1H4,RTN4"
"GO:BP","antimicrobial humoral response","GO:0019730","5.958162024591925e-7","6.2248876908777","131","1691","30","21017","ACOD1,CXCL13,PGLYRP1,F2,FGA,FGB,PF4,CXCL10,LTF,ANG,SLPI,HRG,SEMG1,ELANE,CTSG,DEFA4,HLA-E,AZU1,PRTN3,RPS19,CAMP,DEFA3,S100A12,DEFA6,SEMG2,CXCL9,PGLYRP3,BPIFA1,SPINK5,IL36RN"
"GO:BP","synaptic vesicle endocytosis","GO:0048488","6.008857216317478e-7","6.221208115657617","72","1691","21","21017","RAB27B,TOR1A,SYNJ1,SYT7,PARK2,SNCG,PPP3CB,SYT1,SNCA,ARF6,VAMP2,CDK5,PICALM,SCRIB,STX1A,LRRK2,NLGN1,SYT8,BTBD9,SYT11,PACSIN1"
"GO:BP","positive regulation of protein polymerization","GO:0032273","6.442571349557204e-7","6.1909407630684985","91","1691","24","21017","CCL21,BAG4,HSPA1A,MAPT,ALOX15,FER,CCR7,PFN2,ARL2,MTOR,CDKN1B,MAP1B,CAV3,ARF6,PRKCE,DLG1,PAK1,DCTN1,PTK2B,CDK5R1,PSRC1,CLASP1,EVL,PYCARD"
"GO:BP","release of cytochrome c from mitochondria","GO:0001836","6.73116078789479e-7","6.171910035284667","55","1691","18","21017","FZD9,BCL2L11,PARK2,NOL3,PSMD10,SOD2,TP53,IGF1,GPX1,BCL2,AKT1,PLAUR,BAX,BCL2L1,BAD,GPER1,PYCARD,BOK"
"GO:BP","response to dopamine","GO:1903350","6.73116078789479e-7","6.171910035284667","55","1691","18","21017","GNB5,PARK2,ABL1,GNAO1,DRD2,DRD1,DRD4,COMT,HTR2A,GNA11,ARRB2,DRD3,GSK3A,GSK3B,LRRK2,HDAC2,DTNBP1,VPS35"
"GO:BP","brown fat cell differentiation","GO:0050873","6.73116078789479e-7","6.171910035284667","55","1691","18","21017","INS,ADRB2,ADRB1,PIM1,ADRB3,CEBPB,BMP7,GATA2,PTGS2,LEP,HNRNPU,ADIPOQ,FFAR4,FLCN,SIRT1,ERO1A,PLAC8,PPARGC1A"
"GO:BP","cellular response to glucocorticoid stimulus","GO:0071385","6.73116078789479e-7","6.171910035284667","55","1691","18","21017","MSTN,BCL2L11,FOXO3,EGFR,TGFB1,ANXA1,EDN1,CRH,SRD5A1,ZFP36,SERPINF1,GSK3A,STC1,HNRNPU,ZFP36L1,REST,CYP1B1,AXIN2"
"GO:BP","regulation of mitotic nuclear division","GO:0007088","6.948999800946206e-7","6.158077700760895","118","1691","28","21017","EREG,AURKA,XRCC3,PDGFB,EGF,INS,TNF,IL1B,IGF1,EDN1,RB1,TPR,BMP4,EDN3,BMP7,TTK,DRD3,PLK1,ATM,PIN1,ESPL1,TRIP13,FBXO43,RGCC,MAD2L2,FBXO5,DMRT1,MAD1L1"
"GO:BP","presynaptic endocytosis","GO:0140238","7.703766960345103e-7","6.113296863132606","73","1691","21","21017","RAB27B,TOR1A,SYNJ1,SYT7,PARK2,SNCG,PPP3CB,SYT1,SNCA,ARF6,VAMP2,CDK5,PICALM,SCRIB,STX1A,LRRK2,NLGN1,SYT8,BTBD9,SYT11,PACSIN1"
"GO:BP","eye morphogenesis","GO:0048592","7.853878470365489e-7","6.104915823215588","169","1691","35","21017","MEIS1,DLL1,PRDM1,SIX3,RBP4,THY1,TH,FGF2,BCL2,BMP4,VEGFA,BMP7,ATF4,NF1,PTPRM,CTNNB1,FBN1,SOX11,STAT3,WNT5A,NOTCH1,SOX9,NAGLU,FOXL2,BAX,MYO7A,IHH,TWIST1,NTRK2,HIF1A,RORB,PROX1,NKD1,BBS4,CITED2"
"GO:BP","response to zinc ion","GO:0010043","7.914676411030832e-7","6.101566836427209","50","1691","17","21017","SOD2,MT1A,TH,MT1B,PARP1,MT1G,CREB1,PAM,MT3,MT1H,MT1X,ATP7A,ABCC8,AANAT,MT1M,P2RX7,SLC30A1"
"GO:BP","glycolytic process","GO:0006096","7.994218298944847e-7","6.097223996589712","92","1691","24","21017","OGT,NCOR1,INS,IFNG,IGF1,ENO1,FBP1,PRKACA,PFKL,HTR2A,ARL2,STAT3,MTOR,PRKAA2,UCP2,HDAC4,PPP2CA,PPARA,EP300,PRKAA1,HIF1A,FLCN,KAT2B,P2RX7"
"GO:BP","regulation of DNA recombination","GO:0000018","8.377050877127586e-7","6.0769088469082435","133","1691","30","21017","KDM1A,ABL1,TGFB1,IL4,PTPRC,PARP1,IL7R,MSH3,IL10,TNFSF4,BCL6,STAT6,WAS,MSH2,MSH6,UBE2B,RAD51,TERF2,ARID2,IL27RA,PIAS4,ANKLE1,RAD50,NDFIP1,TEX15,FOXP3,TERF2IP,RTEL1,MAD2L2,TIMELESS"
"GO:BP","pyridine-containing compound catabolic process","GO:0072526","8.781919935805384e-7","6.056410526648213","99","1691","25","21017","OGT,NCOR1,INS,IFNG,IGF1,ENO1,FBP1,PRKACA,PFKL,HTR2A,ARL2,STAT3,MTOR,PRKAA2,UCP2,HDAC4,PPP2CA,PPARA,EP300,PRKAA1,HIF1A,SARM1,FLCN,KAT2B,P2RX7"
"GO:BP","dicarboxylic acid transport","GO:0006835","8.781919935805384e-7","6.056410526648213","99","1691","25","21017","ARL6IP5,TNF,GJA1,TRH,NF1,ADORA2A,ADORA1,NTSR1,SNCA,UCP2,SLC26A5,STXBP1,ABAT,ABCC8,PRKG1,GRM7,RAB3GAP1,NPY5R,NTRK2,TRPV1,ABCC2,DTNBP1,P2RX7,SYT4,HRH3"
"GO:BP","biogenic amine metabolic process","GO:0006576","8.781919935805384e-7","6.056410526648213","99","1691","25","21017","PARK2,OAZ2,TH,DRD2,IDO1,CHRNB2,TRH,DDC,DRD1,DRD4,COMT,GCH1,DRD3,SNCA,OAZ1,TGFB2,ABAT,SLC6A3,ATP7A,AANAT,PNKD,VPS35,PARK7,OAZ3,SNCAIP"
"GO:BP","cellular response to catecholamine stimulus","GO:0071870","9.04970185722555e-7","6.043365728407463","56","1691","18","21017","GNB5,PARK2,ABL1,GNAO1,DRD2,DRD1,DRD4,HTR2A,GNA11,ARRB2,DRD3,GSK3A,GSK3B,PRKD1,LRRK2,HDAC2,DTNBP1,VPS35"
"GO:BP","G protein-coupled receptor signaling pathway, coupled to cyclic nucleotide second messenger","GO:0007187","9.04970185722555e-7","6.043365728407463","56","1691","18","21017","ANXA1,CCL2,ADRB3,CNR1,DRD1,DRD4,HTR1D,HTR1B,HTR2A,HTR2C,HTR1E,HTR7,CNR2,OPRM1,HTR2B,MTNR1A,MTNR1B,HRH3"
"GO:BP","cellular response to monoamine stimulus","GO:0071868","9.04970185722555e-7","6.043365728407463","56","1691","18","21017","GNB5,PARK2,ABL1,GNAO1,DRD2,DRD1,DRD4,HTR2A,GNA11,ARRB2,DRD3,GSK3A,GSK3B,PRKD1,LRRK2,HDAC2,DTNBP1,VPS35"
"GO:BP","Fc receptor signaling pathway","GO:0038093","9.04970185722555e-7","6.043365728407463","56","1691","18","21017","ABL1,LCK,FCER2,LYN,KIT,SRC,VAV1,FER,PLCG1,FCER1G,MAPK8,MAPK9,MAPK10,PRKCE,PTK2,PRKCD,BTK,PAK1"
"GO:BP","regulation of organelle assembly","GO:1902115","9.04970185722555e-7","6.043365728407463","224","1691","42","21017","SDCBP,LRRTM2,RAB11FIP3,VPS4B,TRIM37,TNF,CSF2,HSPA1A,TPR,SRC,EZR,RAB5A,SDC4,AKT1,NF2,RDX,MTOR,HTT,MAPK9,GSK3B,PLK1,HAP1,PRKAA2,CAV3,HNRNPU,TRIM32,PRKAA1,PTK2B,RAB3GAP1,LRRK2,LRSAM1,LRRTM1,KAT2B,BBS4,FUZ,TCHP,CYLD,ATG3,UBQLN2,NRXN1,G3BP2,CHMP3"
"GO:BP","protein polymerization","GO:0051258","9.065343274638515e-7","6.0426157459580345","289","1691","50","21017","WASL,CCL21,CASQ2,PARK2,DIAPH1,SLIT2,BAG4,ABL1,FGA,FGB,FGG,ANG,HSPA1A,MAPT,ALOX15,FER,CORO1A,CASQ1,CCR7,PFN2,RDX,ARL2,SNCA,MTOR,WAS,CDKN1B,MAP1B,AIF1,CAV3,ARF6,PRKCE,PRKCD,DMTN,DLG1,TRIM32,PAK1,DYRK1A,DCTN1,PTK2B,CDK5R1,PSRC1,BLOC1S2,CLASP1,BBS4,ARL6,EVL,FBXO5,PYCARD,CHMP3,ARFGEF1"
"GO:BP","protein dephosphorylation","GO:0006470","9.239188584201454e-7","6.034366168268806","148","1691","32","21017","PPM1B,PTPRC,PPP3CB,PTPN2,PTPRG,PTPRM,PTPN6,PPP2R1A,CDC25B,PPM1A,PPP1CC,DUSP3,PTEN,PPP1CA,PPP2CA,PTPN11,PPP3CA,PTPRJ,MTMR2,PPP2R5A,PTPRR,PTPRK,STK11,PTPRN,PTPRU,PTPRN2,PTPN23,PHPT1,FBXW11,BTRC,PTPN22,CTDP1"
"GO:BP","negative regulation of protein-containing complex assembly","GO:0031333","9.239188584201454e-7","6.034366168268806","148","1691","32","21017","DDX3X,SLIT2,CRYAB,HMGB1,THRA,IAPP,SRC,PFN2,RDX,PTGER4,SNCA,SOX9,GSK3B,STXBP1,PRKCD,DMTN,EP300,DYRK1A,PYDC2,NLRC3,SVIP,TRAF3IP1,TRIM11,ANKRD27,VPS35,BBS4,CRBN,PARK7,TRIM31,BCL11A,CTNNBIP1,ARFGEF1"
"GO:BP","synapse assembly","GO:0007416","9.6618783316709e-7","6.0149384357189515","201","1691","39","21017","SDCBP,WNT7A,DVL1,RAB29,OGT,LRRTM2,NTN1,SRGAP2C,MAPT,DRD2,CHRNB2,DRD1,OXTR,CTNNB1,SNCA,WNT5A,MAP1B,WNT3A,NRG3,PTEN,SNAP25,ARF6,CDK5,MEF2C,PTK2B,NTRK2,LRRTM1,NLGN1,SEMA4D,VPS35,RAB17,ADNP,SEMA4A,NRXN2,GHRL,NRXN1,FZD1,NRXN3,PCLO"
"GO:BP","telencephalon cell migration","GO:0022029","9.73419318175002e-7","6.0117000391346815","62","1691","19","21017","SLIT2,SUN1,EGFR,COL3A1,SRGAP2C,DRD2,DRD1,CTNNB1,NKX2-1,CXCL12,NRG3,CDK5,CDK5R1,LRRK2,DAB2IP,C16ORF45,RTN4,ADGRG1,ROBO1"
"GO:BP","purine nucleoside diphosphate metabolic process","GO:0009135","9.741321331467913e-7","6.011382130591131","113","1691","27","21017","CASK,OGT,NCOR1,INS,IFNG,IGF1,ENO1,FBP1,PRKACA,PFKL,HTR2A,ARL2,STAT3,MTOR,PRKAA2,UCP2,HDAC4,PPP2CA,PPARA,EP300,DLG1,PRKAA1,HIF1A,FLCN,KAT2B,BAD,P2RX7"
"GO:BP","purine ribonucleoside diphosphate metabolic process","GO:0009179","9.741321331467913e-7","6.011382130591131","113","1691","27","21017","CASK,OGT,NCOR1,INS,IFNG,IGF1,ENO1,FBP1,PRKACA,PFKL,HTR2A,ARL2,STAT3,MTOR,PRKAA2,UCP2,HDAC4,PPP2CA,PPARA,EP300,DLG1,PRKAA1,HIF1A,FLCN,KAT2B,BAD,P2RX7"
"GO:BP","embryonic skeletal system morphogenesis","GO:0048704","9.82261172396311e-7","6.007773022752885","93","1691","24","21017","COL2A1,TGFB3,COL11A1,BMP4,MYF5,PDGFRA,HOXB8,BMP7,HOXA5,HOXA7,HOXA9,CTNNB1,SOX11,TGFBR2,MMP14,SMAD3,HYAL1,DLG1,NOG,TWIST1,OSR1,NODAL,MDFI,FUZ"
"GO:BP","regulation of vasoconstriction","GO:0019229","9.953832337165203e-7","6.00200967880771","68","1691","20","21017","ABL1,EGFR,FGA,FGB,FGG,EDN1,ADRA2A,EDN3,ADRA2B,ADRA2C,F2R,HTR2A,CD38,AVPR2,OXTR,PTGS2,LEP,MTNR1B,BMPR2,KCNMB4"
"GO:BP","skeletal muscle organ development","GO:0060538","0.0000010200416351052023","5.991382101250423","186","1691","37","21017","DLL1,MSTN,TGFB1,RB1,GPX1,BCL2,EGR2,DMD,MYF5,PPP3CB,EGR1,WT1,NF1,RYR1,KEL,CASQ1,CTNNB1,SOX11,NOTCH1,MEOX2,EMD,HDAC4,WNT3A,FOXL2,CDK5,MEF2C,PPP3CA,EP300,PRKAA1,HLX,NR1D2,SHH,TWIST1,LEMD2,CITED2,HEYL,TLL2"
"GO:BP","regulation of Ras protein signal transduction","GO:0046578","0.0000010746371957943892","5.968738131523991","51","1691","17","21017","SPRY1,DGKI,RASGRP1,EPO,IGF1,FBP1,SRC,NF1,KITLG,ITPKB,NOTCH1,TGFB2,SQSTM1,RASA3,DAB2IP,FLCN,RABGEF1"
"GO:BP","response to acid chemical","GO:0001101","0.0000011229092593551617","5.949655337018642","142","1691","31","21017","IPO5,UFL1,EGFR,INS,TNF,COL3A1,EDN1,LYN,F7,NQO1,VEGFA,PDGFRA,CEBPB,MTOR,CASP3,CDKN1B,TMBIM6,SESN2,ATP7A,BCL2L1,EP300,PKD2,HNRNPD,KCNB1,NTRK2,SIPA1,PPP1R9B,PRMT1,BCL11A,SH3BP4,SESN1"
"GO:BP","central nervous system neuron development","GO:0021954","0.0000011979167069914464","5.921573378066552","94","1691","24","21017","NRP1,SEMA3E,DCLK1,SLIT2,MAPT,DRD2,CHRNB2,GABRB1,DRD1,GATA2,LEP,WNT5A,DCC,PLXNA3,PTEN,ADARB1,CDK5,NHLH2,ATP7A,NTRK2,SZT2,DRAXIN,ATF5,ROBO1"
"GO:BP","regulation of cholesterol transport","GO:0032374","0.0000011979167069914464","5.921573378066552","57","1691","18","21017","EGF,APOA1,APOE,APOA2,APOC1,APOC2,NFKB1,ABCB4,NFKBIA,PPARG,NR1H2,LRP1,SREBF2,NR1H3,GPS2,SHH,ADIPOQ,SIRT1"
"GO:BP","monosaccharide biosynthetic process","GO:0046364","0.0000011979167069914464","5.921573378066552","94","1691","24","21017","OGT,INS,RBP4,ENO1,FBP1,G6PD,PRKACA,PTPN2,ATF4,LEP,SIK1,SESN2,PPARA,EP300,RGN,STK11,ADIPOQ,CRY1,KAT2B,USP7,SIRT1,C1QTNF3,TCF7L2,PPARGC1A"
"GO:BP","protein acetylation","GO:0006473","0.0000011979167069914464","5.921573378066552","57","1691","18","21017","DDX3X,MAPT,PML,BAG6,GSK3B,PRKAA2,BLOC1S1,SOX4,EP300,PRKAA1,AANAT,ING5,HDAC2,KAT2B,SIRT1,PARK7,LACRT,ING4"
"GO:BP","regulation of sterol transport","GO:0032371","0.0000011979167069914464","5.921573378066552","57","1691","18","21017","EGF,APOA1,APOE,APOA2,APOC1,APOC2,NFKB1,ABCB4,NFKBIA,PPARG,NR1H2,LRP1,SREBF2,NR1H3,GPS2,SHH,ADIPOQ,SIRT1"
"GO:BP","ADP catabolic process","GO:0046032","0.0000011979167069914464","5.921573378066552","94","1691","24","21017","OGT,NCOR1,INS,IFNG,IGF1,ENO1,FBP1,PRKACA,PFKL,HTR2A,ARL2,STAT3,MTOR,PRKAA2,UCP2,HDAC4,PPP2CA,PPARA,EP300,PRKAA1,HIF1A,FLCN,KAT2B,P2RX7"
"GO:BP","polysaccharide biosynthetic process","GO:0000271","0.0000012605211772083018","5.899449853623038","63","1691","19","21017","PDGFB,EGF,TGFB1,INS,IGF1,NFKB1,NR1D1,ENPP1,AKT1,IRS1,GSK3A,GSK3B,PPP1CA,CLTC,GRB10,DYRK2,HAS2,INPP5K,IRS2"
"GO:BP","ADP metabolic process","GO:0046031","0.00000129036276491358","5.889288177567235","101","1691","25","21017","OGT,NCOR1,INS,IFNG,IGF1,ENO1,FBP1,PRKACA,PFKL,HTR2A,ARL2,STAT3,MTOR,PRKAA2,UCP2,HDAC4,PPP2CA,PPARA,EP300,PRKAA1,HIF1A,FLCN,KAT2B,BAD,P2RX7"
"GO:BP","dephosphorylation","GO:0016311","0.0000014510773680585529","5.838309431376779","228","1691","42","21017","SYNJ1,PPM1B,IFNG,PTPRC,FBP1,SRC,PPP3CB,PTPN2,PTPRG,PTPRM,PTPN6,PPP2R1A,CDC25B,PPM1A,PPP1CC,DUSP3,PTEN,PPP1CA,PPP2CA,PTPN11,MEF2C,PPP3CA,PTPRJ,MTMR2,PPP2R5A,PTPRR,PTPRK,STK11,PTPRN,SMG6,PTPRU,INPP5D,PTPRN2,CDK5RAP3,CHP1,INPP5K,PTPN23,PHPT1,FBXW11,BTRC,PTPN22,CTDP1"
"GO:BP","positive regulation of peptidase activity","GO:0010952","0.0000014516643209506208","5.838133797143391","52","1691","17","21017","CLDN4,AIM2,ROCK2,SEMG1,LYN,CTSH,CR1,STAT3,SEMG2,FADD,PICALM,AGER,IFI16,BAD,LGMN,NDUFA13,PYCARD"
"GO:BP","cellular defense response","GO:0006968","0.0000014516643209506208","5.838133797143391","52","1691","17","21017","SH2D1A,NCR1,IL33,BCL10,SPN,HLA-G,LBP,ADORA2A,MNDA,CCR2,CX3CR1,CXCL9,PTK2B,TRAT1,LILRB2,RAB23,LY96"
"GO:BP","endosomal transport","GO:0016197","0.0000015724888742000335","5.803412418627129","286","1691","49","21017","RAB29,DCLK1,LEPROT,PARK2,SNX3,CCDC22,RAB11FIP3,VPS4B,BAIAP3,LEPROTL1,SRC,TRIM27,EZR,RAB5A,CORO1A,NF2,RDX,ACTN2,WAS,RAB7A,EMP2,SNAP25,ARF6,BLOC1S1,DAB2,CLTC,PICALM,SQSTM1,MTMR2,SCRIB,DCTN1,VAMP3,LRRK2,BLOC1S2,PXK,TBC1D10C,SNX33,USP7,RAB7B,ANKRD27,VPS35,LYST,RAB17,PTPN23,MAGEL2,NDRG4,CORO1C,SNX12,CHMP3"
"GO:BP","cerebral cortex development","GO:0021987","0.0000016452969427438216","5.783755709290301","130","1691","29","21017","KDM1A,SLIT2,SUN1,EGFR,COL3A1,TH,SRGAP2C,DMD,KCNA2,SRD5A1,NF1,CTNNB1,NKX2-1,GSK3B,CDK5,BAX,CDK5R1,NCOA1,NTRK2,HIF1A,DAB2IP,C16ORF45,BBS4,PPP1R9B,BBS2,PLCB1,RTN4,ADGRG1,ROBO1"
"GO:BP","morphogenesis of an epithelial sheet","GO:0002011","0.0000016491268294109237","5.782745942781689","64","1691","19","21017","WNT7A,DVL1,TOR1A,ITGB3,ITGAV,CEACAM1,HTN1,BMP7,BMP5,MSX2,SOX11,ACVRL1,WNT5A,MTOR,NOTCH1,PTEN,CLASP1,PHLDB2,DLL4"
"GO:BP","positive regulation of epithelial cell differentiation","GO:0030858","0.0000016491268294109237","5.782745942781689","64","1691","19","21017","ALOX15B,TP73,CYP27B1,PAX4,SERPINE1,FGF2,BMP4,LIF,BMP7,CTNNB1,IL13,ACVRL1,GDNF,NOTCH1,SOX9,SFRP4,BAD,FOXJ1,GDF2"
"GO:BP","positive regulation of proteasomal protein catabolic process","GO:1901800","0.0000016692874668560593","5.777468867323785","116","1691","27","21017","DVL1,AURKA,SMAD7,PARK2,SOCS5,PSMD10,WFS1,IL33,HSPA1A,AKT1,MAPK9,BAG6,GSK3A,GSK3B,PLK1,SUMO1,RACK1,DAB2,FMR1,KEAP1,NFE2L2,LRRK2,DAB2IP,BBS7,USP13,TRIB1,AXIN2"
"GO:BP","nicotinamide nucleotide metabolic process","GO:0046496","0.0000017148004421355492","5.7657864131850785","167","1691","34","21017","OGT,NCOR1,INS,IFNG,TP53,IGF1,ENO1,FBP1,G6PD,IDO1,NQO1,PRKACA,PFKL,HTR2A,CD38,ARL2,STAT3,MTOR,NAMPT,IDH2,PRKAA2,UCP2,HDAC4,PPP2CA,PPARA,EP300,PRKAA1,HIF1A,PARP10,SARM1,FLCN,KAT2B,P2RX7,NOCT"
"GO:BP","pyridine nucleotide metabolic process","GO:0019362","0.0000017148004421355492","5.7657864131850785","167","1691","34","21017","OGT,NCOR1,INS,IFNG,TP53,IGF1,ENO1,FBP1,G6PD,IDO1,NQO1,PRKACA,PFKL,HTR2A,CD38,ARL2,STAT3,MTOR,NAMPT,IDH2,PRKAA2,UCP2,HDAC4,PPP2CA,PPARA,EP300,PRKAA1,HIF1A,PARP10,SARM1,FLCN,KAT2B,P2RX7,NOCT"
"GO:BP","regulation of response to endoplasmic reticulum stress","GO:1905897","0.0000018275911041976033","5.73812096454022","83","1691","22","21017","BCL2L11,PARK2,WFS1,UFL1,HSPA1A,PTPN2,PIK3R1,ERP29,BAG6,NR1H2,TMBIM6,RACK1,BAX,BCL2L1,NR1H3,NFE2L2,LRRK2,DAB2IP,USP13,SIRT1,PARK7,BOK"
"GO:BP","positive regulation of calcium-mediated signaling","GO:0050850","0.000001956738857180784","5.70846713062865","53","1691","17","21017","ADA,TNF,IGF1,EDN1,CCL3,IAPP,CCL4,PDGFRA,PPP3CB,ERBB3,HTR2C,PPP3CA,AKAP6,TRAT1,CHERP,CIB1,LACRT"
"GO:BP","cellular response to dopamine","GO:1903351","0.000001956738857180784","5.70846713062865","53","1691","17","21017","GNB5,PARK2,ABL1,GNAO1,DRD2,DRD1,DRD4,HTR2A,GNA11,ARRB2,DRD3,GSK3A,GSK3B,LRRK2,HDAC2,DTNBP1,VPS35"
"GO:BP","amine metabolic process","GO:0009308","0.0000019643409307392294","5.706783133917194","110","1691","26","21017","PARK2,OAZ2,TH,DRD2,IDO1,CHRNB2,TRH,DDC,DRD1,DRD4,COMT,FSHR,GCH1,DRD3,SNCA,OAZ1,TGFB2,ABAT,SLC6A3,ATP7A,AANAT,PNKD,VPS35,PARK7,OAZ3,SNCAIP"
"GO:BP","execution phase of apoptosis","GO:0097194","0.000001970763334122404","5.705365526332406","77","1691","21","21017","PLSCR1,CIDEA,TP53,IL6,TOP2A,NPR2,AKT1,CASP3,CASP2,CDKN2A,FOXL2,BAX,BCL2L1,FADD,ZC3H12A,ACVR1C,CDK5RAP3,DLC1,GPER1,BOK,STK24"
"GO:BP","cellular response to UV","GO:0034644","0.0000020307282120990035","5.692348197660741","90","1691","23","21017","KDM1A,TIMP1,MYC,TP53,ERCC1,PARP1,ATF4,PIK3R1,NEDD4,PRKCD,BAX,EP300,HYAL1,HYAL2,CUL4A,PTPRK,MAPK11,STK11,METTL3,ERCC4,TP53INP1,SIRT1,EIF2AK4"
"GO:BP","energy reserve metabolic process","GO:0006112","0.0000020307282120990035","5.692348197660741","90","1691","23","21017","POMC,INS,IGF1,ADRB3,NR1D1,COMT,ENPP1,MT3,AKT1,IRS1,PPP1CC,LEP,MTOR,GSK3A,GSK3B,PPP1CA,GFPT1,GRB10,PID1,ADGRF5,DYRK2,INPP5K,IRS2"
"GO:BP","cAMP-mediated signaling","GO:0019933","0.000002087579887851048","5.680356895873573","59","1691","18","21017","PDE2A,POMC,CRH,IAPP,CREB1,ADCYAP1,GAL,OPRM1,AHR,OPRL1,SOX9,UBE2B,GHRHR,PDE4D,ADCY1,AKAP6,MAPK7,FFAR4"
"GO:BP","smooth muscle cell differentiation","GO:0051145","0.000002122031803049471","5.673248111581995","65","1691","19","21017","EREG,PDGFB,TGFB1,SOD2,KIT,BMP4,VEGFA,ENG,EDNRB,CTNNB1,NOTCH1,SOX9,WNT4,MEF2C,FOXF1,HES1,SHH,SIRT1,GPER1"
"GO:BP","cellular response to corticosteroid stimulus","GO:0071384","0.000002122031803049471","5.673248111581995","65","1691","19","21017","MSTN,BCL2L11,FOXO3,EGFR,TGFB1,ANXA1,EDN1,CRH,SRD5A1,ZFP36,SERPINF1,GSK3A,STC1,HNRNPU,ZFP36L1,REST,CYP1B1,GPER1,AXIN2"
"GO:BP","purine nucleoside diphosphate catabolic process","GO:0009137","0.0000021857891025766854","5.660391743578306","97","1691","24","21017","OGT,NCOR1,INS,IFNG,IGF1,ENO1,FBP1,PRKACA,PFKL,HTR2A,ARL2,STAT3,MTOR,PRKAA2,UCP2,HDAC4,PPP2CA,PPARA,EP300,PRKAA1,HIF1A,FLCN,KAT2B,P2RX7"
"GO:BP","purine ribonucleoside diphosphate catabolic process","GO:0009181","0.0000021857891025766854","5.660391743578306","97","1691","24","21017","OGT,NCOR1,INS,IFNG,IGF1,ENO1,FBP1,PRKACA,PFKL,HTR2A,ARL2,STAT3,MTOR,PRKAA2,UCP2,HDAC4,PPP2CA,PPARA,EP300,PRKAA1,HIF1A,FLCN,KAT2B,P2RX7"
"GO:BP","multicellular organismal response to stress","GO:0033555","0.0000021857891025766854","5.660391743578306","97","1691","24","21017","TRPA1,APOE,PRKCG,CRH,THBS1,ADRB1,ADRA2A,BCL2,IDO1,DRD1,DRD4,COMT,EDNRB,HTR2C,NOS1,GCH1,AKT1,MTOR,PTEN,ASIC1,MEF2C,PPP3CA,TRPV1,NPAS2"
"GO:BP","regulation of cardiac muscle hypertrophy","GO:0010611","0.0000026140190207689893","5.582691256623509","54","1691","17","21017","ROCK2,PDE5A,BMP10,IGF1,EDN1,PARP1,G6PD,PPARG,NOTCH1,GSK3A,CAV3,SMAD3,PPARA,PPP3CA,AKAP6,CAMK2D,CTDP1"
"GO:BP","positive regulation of protein binding","GO:0032092","0.0000026140190207689893","5.582691256623509","54","1691","17","21017","NRP1,PARK2,ABL1,APOE,BMP4,TRIM21,GSK3B,B2M,FKBP1A,PPP2CA,LRP1,STK4,STK3,PIN1,HFE,LRRK2,TCF7L2"
"GO:BP","negative regulation of G protein-coupled receptor signaling pathway","GO:0045744","0.000002726292670686095","5.564427523981428","60","1691","18","21017","SLIT3,SLIT2,ADA,CCL5,DRD2,HTR1B,ARRB2,DRD3,SNCA,OPRL1,HTR2B,ARRB1,PPP3CA,CRY1,ARRDC3,UBQLN2,PADI2,ROBO1"
"GO:BP","purine ribonucleotide catabolic process","GO:0009154","0.000002745179020598178","5.561429328764778","126","1691","28","21017","PDE2A,OGT,NCOR1,PDE5A,ADA,INS,IFNG,IGF1,ENO1,FBP1,PRKACA,PFKL,HTR2A,ARL2,STAT3,MTOR,PRKAA2,UCP2,HDAC4,PPP2CA,PPARA,PDE4D,EP300,PRKAA1,HIF1A,FLCN,KAT2B,P2RX7"
"GO:BP","ear development","GO:0043583","0.0000028909551870525424","5.538958640313652","234","1691","42","21017","DLL1,DVL1,LIN7A,BCL2L11,FZD6,KCNK2,NTN1,SOD1,TGFB1,COL2A1,EDN1,FGF2,BCL2,TGFB3,BCR,COL11A1,BMP4,BMP5,GATA2,MSX1,SDC4,WNT5A,CDKN1B,NOTCH1,SOX9,NAGLU,WNT3A,SLC26A5,TGFB2,PTPN11,NOG,MYO7A,SCRIB,HES1,SHH,TWIST1,OSR1,BLOC1S5,PROX1,DUOX2,CHD7,MAFB"
"GO:BP","cellular response to unfolded protein","GO:0034620","0.0000030263972136473283","5.519074071562704","92","1691","23","21017","BCL2L11,PARK2,WFS1,STC2,UFL1,HSPA1A,PTPN2,ATF4,EIF2AK2,PIK3R1,TMBIM6,RACK1,BAX,OS9,NFE2L2,YOD1,DAB2IP,ERLEC1,ERO1A,CDK5RAP3,DERL3,DERL2,BOK"
"GO:BP","camera-type eye morphogenesis","GO:0048593","0.000003105803084467562","5.50782608306984","134","1691","29","21017","MEIS1,DLL1,PRDM1,SIX3,RBP4,THY1,TH,BMP4,VEGFA,BMP7,ATF4,NF1,PTPRM,CTNNB1,SOX11,STAT3,WNT5A,NOTCH1,SOX9,NAGLU,BAX,IHH,TWIST1,NTRK2,HIF1A,RORB,PROX1,BBS4,CITED2"
"GO:BP","regulation of dendrite development","GO:0050773","0.0000032020268711837987","5.494575027832747","99","1691","24","21017","KALRN,ABL1,CHRNB2,BMP7,PTN,BMP5,CHRNA3,DCC,NEDD4,GSK3B,ARF6,PPP3CA,STK11,EZH2,DAB2IP,CAPRIN2,SARM1,SEMA4D,ANKRD27,NEDD4L,PACSIN1,RAB17,BCL11A,FZD4"
"GO:BP","cellular response to alcohol","GO:0097306","0.000003302394350211574","5.481171067386127","106","1691","25","21017","KLF4,FOXO3,SOD2,INHBA,FBP1,INHBB,CDK4,CREB1,TNFSF4,AKT1,CTNNA1,CTNNB1,PTGER4,AHR,PPARG,PRKAA2,PRKCE,RAD51,ADCY1,PRKAA1,ADAM15,PRKD1,CYP1B1,SFRP1,TP53INP1"
"GO:BP","fatty acid metabolic process","GO:0006631","0.0000033479821438575566","5.475216866940668","398","1691","61","21017","MGST3,ALOX15B,HPGDS,NCOR1,LYPLA1,SGPL1,INS,IL1B,APOC1,APOC2,ANXA1,CD74,EDN1,TH,FABP1,GPX1,GSTA1,GSTP1,GSTM1,CEACAM1,MIF,ALOX15,CD36,CNR1,COMT,PTGS1,GSTM2,AKT1,PTGS2,IRS1,SREBF1,PPARG,SNCA,LEP,SOX9,CPT1A,PRKAA2,NR1H2,SESN2,CYP4F2,PPARD,PPARA,PRKAA1,NR1H3,RGN,TWIST1,ADIPOQ,CYP1B1,HADH,LTC4S,ADIPOR2,CYGB,PIBF1,KAT2B,ADIPOR1,SIRT1,ABHD6,PLA2G2F,PPARGC1A,IRS2,SIRT4"
"GO:BP","regulation of neuronal synaptic plasticity","GO:0048168","0.000003439910620331423","5.46345284161485","55","1691","17","21017","VGF,PPFIA3,HRAS,APOE,KIT,EGR2,DRD2,RAB3A,RAB5A,NF1,SNCA,DLG4,NOG,RAB3GAP1,JPH3,SYT4,CAMK2A"
"GO:BP","purine nucleotide catabolic process","GO:0006195","0.0000036441181526115702","5.438407550416009","135","1691","29","21017","PDE2A,OGT,NCOR1,PDE5A,ADA,INS,IFNG,IGF1,ENO1,FBP1,PRKACA,PFKL,HTR2A,ARL2,STAT3,MTOR,PRKAA2,UCP2,HDAC4,PPP2CA,PPARA,PDE4D,EP300,PRKAA1,HIF1A,SARM1,FLCN,KAT2B,P2RX7"
"GO:BP","response to amino acid","GO:0043200","0.000003801515626699783","5.420043219940995","128","1691","28","21017","IPO5,UFL1,EGFR,INS,TNF,COL3A1,EDN1,LYN,F7,NQO1,PDGFRA,CEBPB,MTOR,CASP3,CDKN1B,TMBIM6,SESN2,ATP7A,BCL2L1,EP300,HNRNPD,KCNB1,NTRK2,PPP1R9B,PRMT1,BCL11A,SH3BP4,SESN1"
"GO:BP","ribonucleoside diphosphate catabolic process","GO:0009191","0.000003880205573493648","5.411145264851963","100","1691","24","21017","OGT,NCOR1,INS,IFNG,IGF1,ENO1,FBP1,PRKACA,PFKL,HTR2A,ARL2,STAT3,MTOR,PRKAA2,UCP2,HDAC4,PPP2CA,PPARA,EP300,PRKAA1,HIF1A,FLCN,KAT2B,P2RX7"
"GO:BP","pyridine-containing compound metabolic process","GO:0072524","0.00000389372006421631","5.409635274936247","173","1691","34","21017","OGT,NCOR1,INS,IFNG,TP53,IGF1,ENO1,FBP1,G6PD,IDO1,NQO1,PRKACA,PFKL,HTR2A,CD38,ARL2,STAT3,MTOR,NAMPT,IDH2,PRKAA2,UCP2,HDAC4,PPP2CA,PPARA,EP300,PRKAA1,HIF1A,PARP10,SARM1,FLCN,KAT2B,P2RX7,NOCT"
"GO:BP","Ras protein signal transduction","GO:0007265","0.000003914004018490499","5.407378732789578","121","1691","27","21017","SDCBP,SPRY1,DGKI,RASGRP1,NTN1,HRAS,EPO,TP53,IGF1,RB1,ADRA2A,FGF2,FBP1,SRC,NF1,KITLG,ITPKB,CDKN2A,NOTCH1,TGFB2,SQSTM1,RASA3,DAB2IP,FLCN,PARK7,RABGEF1,G3BP2"
"GO:BP","proteasome-mediated ubiquitin-dependent protein catabolic process","GO:0043161","0.000003950993199378096","5.403293717844524","400","1691","61","21017","WWP2,TRIM38,DVL1,AURKA,SMAD7,OGT,SPOP,PARK2,TRIM13,SOCS5,PSMD10,UFL1,IL33,APC2,HSP90AB1,HSPA1A,PSMB4,PML,AKT1,ARRB2,CTNNB1,MAPK9,BAG6,ARRB1,GSK3A,GSK3B,PLK1,NAGLU,UBE2B,SUMO1,RACK1,DAB2,TRIM26,CUL4A,KEAP1,SHH,NFE2L2,HFE,LRRK2,SIAH3,BBS7,CCAR2,COMMD1,USP7,SIRT1,PELI1,NEDD4L,TRIB1,CRBN,PARK7,KLHDC3,TRIM9,WWTR1,UBQLN2,FBXW11,UBQLN1,PSMD13,FAF1,BTRC,AXIN2,FBXO7"
"GO:BP","cerebellum development","GO:0021549","0.000003954763101857223","5.402879526486807","107","1691","25","21017","DLL1,WNT7A,ATRN,ABL1,TP53,SERPINE2,COMT,ARCN1,HAP1,NAGLU,ABAT,CDK5,ATP7A,EN1,PTPN11,PRKG1,HNRNPD,CDK5R1,NCOA1,EZH2,LDB1,PROX1,SEMA4C,NRXN1,FZD4"
"GO:BP","positive regulation of cell junction assembly","GO:1901890","0.000003954763101857223","5.402879526486807","107","1691","25","21017","WNT7A,ITGB1BP1,NRP1,LRRTM2,ABL1,HRG,THY1,VEGFA,OXTR,SDC4,ACVRL1,WNT4,SMAD3,PTPRJ,NTRK2,LRRTM1,NLGN1,SFRP1,SEMA4D,TBX5,ADNP,SEMA4A,GHRL,GDF2,NRXN1"
"GO:BP","steroid biosynthetic process","GO:0006694","0.000004019519732299264","5.395825834993291","181","1691","35","21017","CYP27B1,SNAI2,SNAI1,SOD1,FSHB,TNF,IFNG,APOA1,APOE,HMGCR,CRH,G6PD,CYP19A1,CREB1,EGR1,SRD5A1,NFKB1,NR1D1,BMP5,SREBF1,LEP,STAR,NR0B1,PRKAA2,WNT4,DAB2,SREBF2,REST,PRKAA1,NR5A1,PRKG1,PROX1,SIRT1,NR1H4,GFI1"
"GO:BP","amyloid precursor protein metabolic process","GO:0042982","0.000004156982840190977","5.381221768235125","74","1691","20","21017","ROCK2,TNF,IFNG,APOE,PRNP,IGF1,LYN,CASP3,GSK3A,HAP1,NAGLU,FKBP1A,DLG1,PICALM,PIN1,DYRK1A,AGER,NTRK2,PAWR,RTN4"
"GO:BP","gluconeogenesis","GO:0006094","0.000004196663889999212","5.377095811956935","87","1691","22","21017","OGT,INS,RBP4,ENO1,FBP1,PRKACA,PTPN2,ATF4,LEP,SIK1,SESN2,PPARA,EP300,STK11,ADIPOQ,CRY1,KAT2B,USP7,SIRT1,C1QTNF3,TCF7L2,PPARGC1A"
"GO:BP","cellular response to nutrient","GO:0031670","0.000004227795037588186","5.373886075338619","50","1691","16","21017","OGT,CYP27B1,SNAI2,PIM1,PPARG,LEP,MTOR,GAS6,NCOA1,SFRP1,KAT2B,NR1H4,PRMT1,BRIP1,FGF23,FOXA2"
"GO:BP","long-chain fatty acid transport","GO:0015909","0.000004408189439168438","5.355739750223041","68","1691","19","21017","APOE,ANXA1,FABP1,THBS1,NMB,MIF,DRD2,CD36,DRD4,NTSR1,AKT1,DRD3,PPARG,CPT1A,PLA2R1,SPX,PLA2G2F,PLA2G2D,IRS2"
"GO:BP","amyloid precursor protein catabolic process","GO:0042987","0.0000045058350840754096","5.3462247077268605","56","1691","17","21017","ROCK2,TNF,IFNG,APOE,PRNP,IGF1,LYN,CASP3,GSK3A,HAP1,FKBP1A,PICALM,PIN1,DYRK1A,AGER,NTRK2,RTN4"
"GO:BP","regulation of extracellular matrix organization","GO:1903053","0.00000454804705294455","5.342175050860189","62","1691","18","21017","ABL1,TGFB1,ITGB3,IL6,RB1,TIE1,PPARG,NOTCH1,SOX9,SMAD3,LRP1,CLASP1,PHLDB2,HAS2,CPB2,RGCC,MAD2L2,AXIN2"
"GO:BP","cellular response to light stimulus","GO:0071482","0.000004591596188708159","5.338036313277157","122","1691","27","21017","GNB5,KDM1A,TIMP1,MYC,TP53,ERCC1,PARP1,KCNE1,ATF4,PIK3R1,NEDD4,PRKCD,BAX,EP300,HYAL1,HYAL2,CUL4A,PTPRK,MAPK11,STK11,CRY1,METTL3,ERCC4,TP53INP1,SIRT1,EIF2AK4,OPN4"
"GO:BP","organelle transport along microtubule","GO:0072384","0.000005153758358201272","5.287875947865046","88","1691","22","21017","AP3B1,PEX14,SUN1,RASGRP1,SNAPIN,MAPT,LAMP1,HTT,MAP1B,HAP1,BLOC1S1,STK11,HIF1A,BLOC1S3,BLOC1S2,MREG,BLOC1S5,DTNBP1,KIF13A,BLOC1S4,FBXW11,BLOC1S6"
"GO:BP","ribonucleoside diphosphate metabolic process","GO:0009185","0.0000054332649434127495","5.264939116859027","123","1691","27","21017","CASK,OGT,NCOR1,INS,IFNG,IGF1,ENO1,FBP1,PRKACA,PFKL,HTR2A,ARL2,STAT3,MTOR,PRKAA2,UCP2,HDAC4,PPP2CA,PPARA,EP300,DLG1,PRKAA1,HIF1A,FLCN,KAT2B,BAD,P2RX7"
"GO:BP","hippocampus development","GO:0021766","0.000005447582689885886","5.2637961687937596","95","1691","23","21017","RARA,SRD5A1,DRD1,NF2,CASP3,NKX2-1,ID4,GSK3B,PLXNA3,WNT3A,PTEN,CDK5,EIF2B5,HDAC1,CDK5R1,NCOA1,EZH2,PROX1,BBS4,PPP1R9B,BBS2,SEMA6B,SLC32A1"
"GO:BP","odontogenesis of dentin-containing tooth","GO:0042475","0.000005447582689885886","5.2637961687937596","95","1691","23","21017","TNFRSF11B,BCL2L11,HAND1,TGFB1,SERPINE1,PRKCB,FGF4,BMP4,PDGFRA,BMP7,MSX1,CTNNA1,CTNNB1,NF2,MSX2,BMPR1A,BAX,PPARA,HDAC1,SHH,HDAC2,EDA,EDAR"
"GO:BP","protein deacylation","GO:0035601","0.000005657707073444003","5.247359541799515","51","1691","16","21017","HDAC3,LYPLA1,IFNG,MAPT,PPT1,PRKAA2,HDAC4,EP300,PRKAA1,HDAC1,DYRK1A,CCAR2,KAT2B,SIRT1,BRMS1,SIRT4"
"GO:BP","insulin-like growth factor receptor signaling pathway","GO:0048009","0.000005657707073444003","5.247359541799515","51","1691","16","21017","PDPK1,GHRH,IGF1,ERCC1,IGFBP3,BMP5,CDH3,IGFBP5,PIK3R1,AKT1,IRS1,GHRHR,MAP2K5,GRB10,NKX3-1,PLCB1"
"GO:BP","cellular response to glucose starvation","GO:0042149","0.000005657707073444003","5.247359541799515","51","1691","16","21017","SUV39H1,FOXO3,TP53,HNRNPA1,BCL2,ATF4,PRKAA2,SESN2,PRKAA1,NFE2L2,IFI16,ZC3H12A,SZT2,SIRT1,MYBBP1A,SESN1"
"GO:BP","endodermal cell differentiation","GO:0035987","0.000005657707073444003","5.247359541799515","51","1691","16","21017","FN1,ITGAV,INHBA,COL11A1,CTNNB1,HNF1B,MMP14,NR0B1,HMGA2,CDC73,CTR9,PAF1,LEO1,NODAL,MIXL1,SOX17"
"GO:BP","regulation of ATP-dependent activity","GO:0043462","0.0000058497364274368295","5.232863701556885","63","1691","18","21017","SLN,PLSCR1,LTF,TP53,TPM1,IFIT1,MSH3,PLN,PFN2,MSH2,MSH6,HNRNPU,DHX9,RGN,PXK,RYR2,SIRT1,TLR9"
"GO:BP","organic anion transport","GO:0015711","0.000006299006089506163","5.200727971799731","442","1691","65","21017","NFKBIE,SLC22A2,LYPLA1,ARL6IP5,TNF,IL1B,APOE,ANXA1,SLC25A5,EDN1,FABP1,THBS1,NMB,MGST1,CEACAM1,MIF,DRD2,CD36,GJA1,CR1,TRH,NF1,ABCB4,DRD4,HTR1B,ADORA2A,ADORA1,NTSR1,AKT1,NOS2,PTGS2,DRD3,PPARG,SNCA,LEP,SLC6A9,CPT1A,MAP2K6,UCP2,SLC26A5,STXBP1,CYP4F2,ABAT,PPARD,PPARA,ABCC8,PLA2R1,PRKAA1,PRKG1,GRM7,RAB3GAP1,NPY5R,NTRK2,TRPV1,ABCC2,DTNBP1,P2RX7,SPX,PLA2G2F,SYT4,SLC32A1,PLA2G2D,IRS2,HRH3,TNFRSF11A"
"GO:BP","positive regulation of neural precursor cell proliferation","GO:2000179","0.000007374159387620722","5.132287479637948","64","1691","18","21017","FZD9,KDM1A,EGF,LYN,FGF2,DRD2,VEGFA,CTNNB1,NOTCH1,ID4,CX3CR1,WNT3A,CX3CL1,SHH,HIF1A,PROX1,DLL4,ADGRG1"
"GO:BP","hexose biosynthetic process","GO:0019319","0.000007525321577218572","5.123474936767011","90","1691","22","21017","OGT,INS,RBP4,ENO1,FBP1,PRKACA,PTPN2,ATF4,LEP,SIK1,SESN2,PPARA,EP300,STK11,ADIPOQ,CRY1,KAT2B,USP7,SIRT1,C1QTNF3,TCF7L2,PPARGC1A"
"GO:BP","negative regulation of BMP signaling pathway","GO:0030514","0.000007541752580877279","5.122527719414126","58","1691","17","21017","SMAD7,GREM1,FSTL3,ABL1,FBN1,PPM1A,PPARG,WNT5A,NBL1,NOTCH1,NOG,SPG20,SFRP1,HTRA1,SFRP2,CHRD,FZD1"
"GO:BP","regulation of cell shape","GO:0008360","0.00000764443646894903","5.116654524306126","140","1691","29","21017","SEMA3E,DIAPH1,F2,FN1,ANXA1,TPM1,CCL3,KIT,CCL2,EZR,VEGFA,RHOQ,CORO1A,NF2,RDX,P2RY1,PLXNA3,SLC26A5,PTK2,DMTN,DLG1,PTK2B,SHROOM3,SEMA4D,DLC1,SEMA4A,CDC42SE1,PLXNB3,F11R"
"GO:BP","lytic vacuole organization","GO:0080171","0.00000782523559060716","5.10650257848944","111","1691","25","21017","AP3B1,SYT7,ATP6AP2,SNAPIN,LAMP1,PPP3CB,CORO1A,MTOR,PPT1,RAB7A,NAGLU,OCA2,MYO7A,LRRK2,FLCN,TPCN2,RAB7B,VPS33A,VPS35,P2RX7,MCOLN1,VPS33B,HPS4,SLC45A2,CHMP3"
"GO:BP","lysosome organization","GO:0007040","0.00000782523559060716","5.10650257848944","111","1691","25","21017","AP3B1,SYT7,ATP6AP2,SNAPIN,LAMP1,PPP3CB,CORO1A,MTOR,PPT1,RAB7A,NAGLU,OCA2,MYO7A,LRRK2,FLCN,TPCN2,RAB7B,VPS33A,VPS35,P2RX7,MCOLN1,VPS33B,HPS4,SLC45A2,CHMP3"
"GO:BP","nucleoside diphosphate catabolic process","GO:0009134","0.000007882409742286375","5.103340993450518","104","1691","24","21017","OGT,NCOR1,INS,IFNG,IGF1,ENO1,FBP1,PRKACA,PFKL,HTR2A,ARL2,STAT3,MTOR,PRKAA2,UCP2,HDAC4,PPP2CA,PPARA,EP300,PRKAA1,HIF1A,FLCN,KAT2B,P2RX7"
"GO:BP","sodium ion transport","GO:0006814","0.000007882409742286375","5.103340993450518","235","1691","41","21017","PER1,TRPM2,OXSR1,TGFB1,EDN1,SERPINE2,ADRB2,DMD,DRD2,DRD4,EDNRB,NOS3,NOS1,SLC6A4,AKT1,SLC8A1,NEDD4,SLC6A9,CAV3,SIK1,FGF12,ASIC1,SLC6A3,PRKCE,ANK3,DLG1,CAMK2D,PKD2,COMMD1,TPCN2,OSR1,WNK4,NEDD4L,P2RX7,CHP1,PKP2,WNK3,WNK1,BPIFA1,STK39,TPCN1"
"GO:BP","endoplasmic reticulum unfolded protein response","GO:0030968","0.000007907900862739302","5.1019387838494055","77","1691","20","21017","BCL2L11,WFS1,STC2,UFL1,PTPN2,ATF4,EIF2AK2,PIK3R1,RACK1,BAX,OS9,NFE2L2,YOD1,DAB2IP,ERLEC1,ERO1A,CDK5RAP3,DERL3,DERL2,BOK"
"GO:BP","ribonucleotide catabolic process","GO:0009261","0.000008144379635394791","5.089141990690716","133","1691","28","21017","PDE2A,OGT,NCOR1,PDE5A,ADA,INS,IFNG,IGF1,ENO1,FBP1,PRKACA,PFKL,HTR2A,ARL2,STAT3,MTOR,PRKAA2,UCP2,HDAC4,PPP2CA,PPARA,PDE4D,EP300,PRKAA1,HIF1A,FLCN,KAT2B,P2RX7"
"GO:BP","specification of symmetry","GO:0009799","0.000008190421608561603","5.086693742005262","148","1691","30","21017","DLL1,DVL1,GREM1,FOXH1,HAND1,GJA1,ENG,CTNNB1,TGFBR2,WNT5A,NBL1,NOTCH1,WNT3A,SMAD3,MEF2C,FOXF1,PKD2,IHH,SHH,HIF1A,BBS7,BBS5,FOXJ1,BBS4,NODAL,CITED2,ARL6,SOX17,NDRG4,SUFU"
"GO:BP","determination of bilateral symmetry","GO:0009855","0.000008190421608561603","5.086693742005262","148","1691","30","21017","DLL1,DVL1,GREM1,FOXH1,HAND1,GJA1,ENG,CTNNB1,TGFBR2,WNT5A,NBL1,NOTCH1,WNT3A,SMAD3,MEF2C,FOXF1,PKD2,IHH,SHH,HIF1A,BBS7,BBS5,FOXJ1,BBS4,NODAL,CITED2,ARL6,SOX17,NDRG4,SUFU"
"GO:BP","vesicle cytoskeletal trafficking","GO:0099518","0.000008668562609279686","5.062052909745342","71","1691","19","21017","AP3B1,WASL,RASGRP1,SNAPIN,HTT,HAP1,BLOC1S1,MYO7A,STK11,BLOC1S3,BLOC1S2,BLOC1S5,DTNBP1,KIF13A,SYT4,BLOC1S4,FBXW11,BLOC1S6,MYO5A"
"GO:BP","somatic cell DNA recombination","GO:0016444","0.000008668562609279686","5.062052909745342","71","1691","19","21017","NBN,TGFB1,IL4,ERCC1,PTPRC,HMGB1,MSH3,IL10,TNFSF4,BCL6,STAT6,MSH2,MSH6,PRKDC,ATM,IL27RA,NDFIP1,FOXP3,MAD2L2"
"GO:BP","somatic diversification of immune receptors via germline recombination within a single locus","GO:0002562","0.000008668562609279686","5.062052909745342","71","1691","19","21017","NBN,TGFB1,IL4,ERCC1,PTPRC,HMGB1,MSH3,IL10,TNFSF4,BCL6,STAT6,MSH2,MSH6,PRKDC,ATM,IL27RA,NDFIP1,FOXP3,MAD2L2"
"GO:BP","neuron projection organization","GO:0106027","0.000009042877076039628","5.04369337268203","91","1691","22","21017","WASL,WNT7A,DVL1,KALRN,INS,APOE,PRNP,GSK3B,PTEN,DLG4,CDK5,MTMR2,DCTN1,CDK5R1,LRRK2,CAPRIN2,NLGN1,DTNBP1,VPS35,LGMN,SRCIN1,ZMYND8"
"GO:BP","cell cycle checkpoint signaling","GO:0000075","0.000009517026473911766","5.021498722591682","196","1691","36","21017","EME2,XRCC3,NBN,UFL1,TP53,LYN,TPR,PML,TTK,CASP2,MSH2,CDKN1B,BRCA2,PLK1,PRKDC,PTPN11,RAD51,ATM,CUL4A,TRIP13,CRY1,HORMAD1,CCAR2,BRSK1,PROX1,RAD50,EME1,CDK5RAP3,MUS81,BARD1,BRIP1,FANCD2,EIF2AK4,MAD2L2,TIMELESS,MAD1L1"
"GO:BP","mRNA transcription","GO:0009299","0.000009643002575380265","5.015787717250462","53","1691","16","21017","AP3B1,EREG,TP53,RARA,THRA,CREB1,ATF4,SREBF1,PPARG,STAT3,NR1H2,NR1H3,HNRNPD,NCOA2,NCOA1,TAF3"
"GO:BP","immunoglobulin production involved in immunoglobulin-mediated immune response","GO:0002381","0.000009654020033949412","5.015291804271765","59","1691","17","21017","NBN,TGFB1,IL4,ERCC1,PTPRC,IL10,TNFSF4,BCL6,STAT6,MSH2,XCL1,MSH6,BTK,IL27RA,NDFIP1,FOXP3,MAD2L2"
"GO:BP","positive regulation of proteasomal ubiquitin-dependent protein catabolic process","GO:0032436","0.000010485869998171119","4.979395530889595","85","1691","21","21017","DVL1,AURKA,SMAD7,PARK2,SOCS5,PSMD10,IL33,HSPA1A,AKT1,MAPK9,GSK3A,GSK3B,PLK1,SUMO1,RACK1,DAB2,KEAP1,LRRK2,BBS7,TRIB1,AXIN2"
"GO:BP","regulation of synapse assembly","GO:0051963","0.000010881154405311312","4.963325026948419","113","1691","25","21017","WNT7A,OGT,LRRTM2,NTN1,CHRNB2,OXTR,CTNNB1,SNCA,WNT5A,WNT3A,SNAP25,ARF6,MEF2C,PTK2B,NTRK2,LRRTM1,NLGN1,SEMA4D,VPS35,RAB17,ADNP,SEMA4A,GHRL,NRXN1,FZD1"
"GO:BP","regulation of embryonic development","GO:0045995","0.000010955379142767967","4.960372587819142","92","1691","22","21017","DLL1,MSX1,CTNNB1,HNF4A,BAG6,NOTCH1,WNT3A,WNT4,RACK1,HES1,NFE2L2,AMOT,CLASP1,PHLDB2,OSR1,KAT2B,SFRP2,NODAL,SOX17,PLCB1,NOCT,FOXA2"
"GO:BP","axis specification","GO:0009798","0.000011148815552827395","4.952771269494296","99","1691","23","21017","DLL1,WNT7A,AURKA,SIX3,BMP4,WT1,CTNNB1,BMPR1A,WNT5A,NOTCH1,GPC3,STC1,WNT3,SHH,CAPRIN2,NRARP,LDB1,SFRP1,NODAL,MDFI,CITED2,FOXA2,AXIN2"
"GO:BP","positive regulation of response to cytokine stimulus","GO:0060760","0.000011720081511937485","4.93106936783486","66","1691","18","21017","TLR4,PARK2,CD74,EDN1,HSPA1A,AXL,WNT5A,NLRP6,DHX9,TRIM32,FADD,GAS6,HIF1A,MAVS,NLRC5,TICAM2,CD300LF,GFI1"
"GO:BP","endoderm formation","GO:0001706","0.000012383126480010245","4.907169691213144","60","1691","17","21017","FN1,ITGAV,INHBA,COL11A1,CTNNB1,HNF1B,MMP14,NR0B1,HMGA2,NOG,CDC73,CTR9,PAF1,LEO1,NODAL,MIXL1,SOX17"
"GO:BP","lung alveolus development","GO:0048286","0.000012590654344764695","4.899951698729629","54","1691","16","21017","ADA,TGFB1,PDGFA,TGFB3,BMP4,LIF,CREB1,HOXA5,IGFBP5,SFTPD,NKX2-1,CLDN18,ATP7A,FOXF1,BMPR2,PKDCC"
"GO:BP","lipid oxidation","GO:0034440","0.000012793495908370852","4.893010765430704","114","1691","25","21017","ALOX15B,APOD,FABP1,ALOX15,CNR1,AKT1,IRS1,PPARG,LEP,SOX9,CPT1A,SESN2,CYP4F2,PPARD,PPARA,PRKAA1,TWIST1,ADIPOQ,HADH,ADIPOR2,CYGB,ADIPOR1,PPARGC1A,IRS2,SIRT4"
"GO:BP","organophosphate catabolic process","GO:0046434","0.000013219573460270969","4.878782557470584","240","1691","41","21017","PDE2A,OGT,NCOR1,PDE5A,ADA,INS,IFNG,APOA2,APOC1,APOC2,IGF1,ENO1,FBP1,PRKACA,PFKL,PLCG1,ENPP1,HTR2A,PRDX6,NTSR1,ARL2,STAT3,MTOR,GSK3A,PRKAA2,UCP2,HDAC4,PPP2CA,PRKCD,PPARA,PDE4D,EP300,PRKAA1,HIF1A,SARM1,FLCN,SMPDL3B,KAT2B,P2RX7,ABHD6,PLCB1"
"GO:BP","positive regulation of type I interferon production","GO:0032481","0.000013300223543699849","4.876141059560776","73","1691","19","21017","TLR4,DDX3X,TLR3,ISG15,NMB,IRF1,STAT1,IRAK1,PTPN11,DHX9,TRAF3,ZC3HAV1,MAVS,TICAM2,TICAM1,DHX58,TRIM15,TLR9,PTPN22"
"GO:BP","protein complex oligomerization","GO:0051259","0.000014052579992830705","4.852243933852417","266","1691","44","21017","TP73,NOL3,TRPA1,TRPM2,BCL10,PRNP,SOD2,CD74,KRT1,TP53,ISG15,MAPT,MIF,KCNA2,HLA-G,SYT1,RYR1,SNCA,NLRP6,B2M,ASIC1,PKD1,KCNC4,STK4,STK3,PKD2,KCNB1,RYR3,SYCP1,ZC3H12A,CRTC1,KCNRG,TRPV1,PNPT1,PXDN,NLRP3,VPS35,PRMT1,MCOLN1,BCL11A,EVL,PYCARD,BOK,G3BP2"
"GO:BP","icosanoid metabolic process","GO:0006690","0.000014149516604689224","4.849258396853618","122","1691","26","21017","MGST3,ALOX15B,HPGDS,IL1B,ANXA1,CD74,EDN1,GPX1,GSTA1,GSTP1,GSTM1,MIF,ALOX15,DPEP1,COMT,PTGS1,PTGS2,CYP4F2,CYP1B1,LTC4S,PIBF1,SIRT1,MGST2,ABHD6,PLA2G2F,PYCARD"
"GO:BP","response to unfolded protein","GO:0006986","0.000014431387791662105","4.840691903052022","137","1691","28","21017","BCL2L11,PARK2,WFS1,STC2,UFL1,THBS1,HSP90AB1,HSPA1A,PTPN2,ATF4,EIF2AK2,PIK3R1,DNAJA1,HSPA2,TMBIM6,RACK1,BAX,OS9,NFE2L2,YOD1,DAB2IP,HSPH1,ERLEC1,ERO1A,CDK5RAP3,DERL3,DERL2,BOK"
"GO:BP","dendritic spine organization","GO:0097061","0.00001443585884239207","4.840557373236936","80","1691","20","21017","WASL,WNT7A,DVL1,KALRN,INS,APOE,PRNP,PTEN,DLG4,CDK5,MTMR2,CDK5R1,LRRK2,CAPRIN2,NLGN1,DTNBP1,VPS35,LGMN,SRCIN1,ZMYND8"
"GO:BP","maintenance of protein location in cell","GO:0032507","0.000014513974410110645","4.838213646967412","67","1691","18","21017","SUN1,SRGN,TXN,SP100,PML,AKT1,ARL2,RANGAP1,CDK5,HNRNPU,ANK3,NR5A1,OS9,TAF3,BBS4,PARK7,BARD1,PKP2"
"GO:BP","regulation of ERBB signaling pathway","GO:1901184","0.000014513974410110645","4.838213646967412","67","1691","18","21017","SOCS5,EGFR,TGFB1,ADRA2A,CEACAM1,FER,PTPN2,RAB7A,DUSP3,HAP1,PLAUR,PTPRJ,DAB2IP,RHBDF2,RHBDF1,GPER1,LGMN,RTN4"
"GO:BP","adult locomotory behavior","GO:0008344","0.000015198366603547501","4.818203083975203","87","1691","21","21017","KALRN,PARK2,SNCG,DRD2,HOXB8,TRH,DRD1,DRD4,NTSR1,ARRB2,SNCA,GDNF,CXCL12,ARCN1,PPT1,FGF12,EN1,BTBD9,PARK7,CHD7,FOXA2"
"GO:BP","nucleoside diphosphate metabolic process","GO:0009132","0.000015487980361226735","4.810005210721132","130","1691","27","21017","CASK,OGT,NCOR1,INS,IFNG,IGF1,ENO1,FBP1,PRKACA,PFKL,HTR2A,ARL2,STAT3,MTOR,PRKAA2,UCP2,HDAC4,PPP2CA,PPARA,EP300,DLG1,PRKAA1,HIF1A,FLCN,KAT2B,BAD,P2RX7"
"GO:BP","positive regulation of intrinsic apoptotic signaling pathway","GO:2001244","0.000015519340519737087","4.809126737634812","61","1691","17","21017","BCL2L11,SOD1,MYC,TP53,LCK,PTPN2,SFPQ,MSX1,RACK1,BAX,PIAS4,FLCN,BAD,SIRT1,PARK7,NKX3-1,BOK"
"GO:BP","spinal cord development","GO:0021510","0.000015584996579075585","4.807293288715262","101","1691","23","21017","UNCX,DLL1,HOXB8,SRD5A1,NF1,GATA2,SOX11,GDNF,DCC,NOTCH1,WNT3A,ADARB1,PKD1,SOX4,NOG,PKD2,DCTN1,SHH,DRAXIN,PROX1,CHRD,DLL4,SUFU"
"GO:BP","humoral immune response mediated by circulating immunoglobulin","GO:0002455","0.000016038401731058838","4.794838912483652","55","1691","16","21017","C5,LTA,TNF,C4BPA,SERPING1,FCER2,CD55,PTPRC,MBL2,CD46,CR1,C4BPB,ZP3,PTPN6,C1QBP,FOXJ1"
"GO:BP","negative regulation of neuron differentiation","GO:0045665","0.000016320867213437908","4.7872567686210985","74","1691","19","21017","MEIS1,DLL1,TP73,FOXO3,SIX3,DMD,BMP7,SLC6A4,NOTCH1,ID4,SOX9,GSK3B,WNT3A,B2M,REST,HES1,SHH,DTX1,EIF2AK4"
"GO:BP","myotube differentiation","GO:0014902","0.000017964143700747048","4.745593479539412","131","1691","27","21017","TNFSF14,CXCL10,IGF1,IL4,GPX1,BCL2,DMD,MYF5,PPP3CB,RYR1,KEL,IL4R,NOS1,MTOR,NOTCH1,NOV,MMP14,HDAC4,CAV3,SIK1,MEF2C,CXCL9,PPP3CA,SHH,SCGB3A1,BHLHE41,HDAC5"
"GO:BP","non-canonical Wnt signaling pathway","GO:0035567","0.00001813328084323882","4.74152361216439","68","1691","18","21017","FZD9,WNT7A,DVL1,FZD6,WNT11,ABL1,WNT5A,GPC3,WNT3A,WNT4,DAB2,SFRP5,SFRP4,SFRP1,NKD1,SFRP2,FZD4,FZD1"
"GO:BP","hormone biosynthetic process","GO:0042446","0.00001813328084323882","4.74152361216439","68","1691","18","21017","CYP27B1,STC2,FSHB,TPO,CYP19A1,EGR1,SRD5A1,NFKB1,BMP5,WNT4,DAB2,REST,AANAT,HIF1A,HFE,GFI1,DUOX2,DUOX1"
"GO:BP","somatic recombination of immunoglobulin gene segments","GO:0016447","0.000019586447015484417","4.708044337946812","62","1691","17","21017","NBN,TGFB1,IL4,ERCC1,PTPRC,MSH3,IL10,TNFSF4,BCL6,STAT6,MSH2,MSH6,PRKDC,IL27RA,NDFIP1,FOXP3,MAD2L2"
"GO:BP","macromolecule deacylation","GO:0098732","0.00002038398200233111","4.690710972797046","56","1691","16","21017","HDAC3,LYPLA1,IFNG,MAPT,PPT1,PRKAA2,HDAC4,EP300,PRKAA1,HDAC1,DYRK1A,CCAR2,KAT2B,SIRT1,BRMS1,SIRT4"
"GO:BP","lung morphogenesis","GO:0060425","0.00002038398200233111","4.690710972797046","56","1691","16","21017","AP3B1,SPRY1,TNF,CTSH,BMP4,LIF,HOXA5,CTNNB1,SOX11,TGFBR2,NKX2-1,SOX9,FOXF1,NOG,SHH,NODAL"
"GO:BP","visual behavior","GO:0007632","0.00002038398200233111","4.690710972797046","56","1691","16","21017","HMGCR,NPS,KIT,DRD2,BRAF,CHRNB2,NF1,DRD1,COMT,DRD3,CDK5,ABCC8,NOG,HIF1A,OPN4,NDRG4"
"GO:BP","thymus development","GO:0048538","0.00002052485019483901","4.687720003991333","50","1691","15","21017","BCL2L11,SOD1,ABL1,BCL2,TYR,BRAF,PRDX2,CTNNB1,FADD,ATM,HES1,SHH,CITED2,MAFB,MAD1L1"
"GO:BP","granulocyte activation","GO:0036230","0.00002052485019483901","4.687720003991333","50","1691","15","21017","STXBP3,TNF,ANXA1,CTSG,CCL3,BCR,CCL5,FCER1G,CCR2,CAMP,F2RL1,VAMP2,PRKCD,STXBP2,CD300A"
"GO:BP","response to type I interferon","GO:0034340","0.00002185037525751612","4.660541100072548","89","1691","21","21017","IFNA2,IFNB1,ISG15,IFIT1,PTPN2,MX1,SP100,PTPN6,WNT5A,STAT1,IRAK1,HDAC4,IFITM2,PTPN11,TRAF3,FADD,MAVS,METTL3,NLRC5,CACTIN,MUL1"
"GO:BP","regulation of microtubule cytoskeleton organization","GO:0070507","0.000023920876369764933","4.621222913497129","164","1691","31","21017","VPS4B,APC2,ABL1,HSPA1A,MAPT,TPR,ARL2,SNCA,CDKN1B,MAP1B,GSK3B,PLK1,PRKAA2,CAV3,WNT3A,PKD1,CLTC,HNRNPU,PRKAA1,PAK1,DYRK1A,DCTN1,CDK5R1,PSRC1,CLASP1,PHLDB2,TRAF3IP1,C16ORF45,CIB1,CYLD,CHMP3"
"GO:BP","positive regulation of plasma membrane bounded cell projection assembly","GO:0120034","0.000024479205642226982","4.611202679287704","111","1691","24","21017","WASL,CCL21,NRP1,MSTN,HRAS,TGFB3,KIT,RHOQ,PIK3R1,CCR7,MTOR,HTT,GSK3B,HAP1,F2RL1,ATP7A,FMR1,DPYSL3,NLGN1,BBS4,P2RX7,CCL19,FUZ,ZMYND8"
"GO:BP","cellular response to type I interferon","GO:0071357","0.00002538006135480873","4.595507332358625","83","1691","20","21017","IFNA2,IFNB1,ISG15,IFIT1,PTPN2,SP100,PTPN6,WNT5A,STAT1,IRAK1,HDAC4,IFITM2,PTPN11,TRAF3,FADD,MAVS,METTL3,NLRC5,CACTIN,MUL1"
"GO:BP","antimicrobial humoral immune response mediated by antimicrobial peptide","GO:0061844","0.00002538006135480873","4.595507332358625","83","1691","20","21017","CXCL13,PGLYRP1,F2,PF4,CXCL10,LTF,ANG,HRG,SEMG1,ELANE,DEFA4,RPS19,CAMP,DEFA3,S100A12,DEFA6,CXCL9,PGLYRP3,BPIFA1,SPINK5"
"GO:BP","amyloid-beta metabolic process","GO:0050435","0.00002578850757353438","4.588573790523294","57","1691","16","21017","ROCK2,TNF,IFNG,APOE,PRNP,IGF1,CD36,CASP3,GSK3A,HAP1,LRP1,PICALM,PIN1,DYRK1A,NTRK2,RTN4"
"GO:BP","secondary metabolic process","GO:0019748","0.00002578850757353438","4.588573790523294","57","1691","16","21017","ZEB2,TH,BCL2,TYR,CDH3,PMEL,WNT5A,ASIP,CPT1A,RAB38,ATP7A,OCA2,NFE2L2,CYP1B1,CITED1,SLC45A2"
"GO:BP","glutathione metabolic process","GO:0006749","0.000026467280321993295","4.5772906828706805","51","1691","15","21017","ARL6IP5,GSR,SOD1,SOD2,GPX1,GSTA1,GSTP1,GSTM1,G6PD,DPEP1,GSTM3,GSTM2,GSTO1,NFE2L2,MGST2"
"GO:BP","prostanoid metabolic process","GO:0006692","0.000026467280321993295","4.5772906828706805","51","1691","15","21017","MGST3,HPGDS,IL1B,ANXA1,CD74,EDN1,GSTA1,GSTP1,GSTM1,MIF,COMT,PTGS1,PTGS2,PIBF1,SIRT1"
"GO:BP","cellular response to ionizing radiation","GO:0071479","0.000027282042583288533","4.5641231175403885","70","1691","18","21017","SNAI2,KDM1A,HRAS,TGFB1,CRYAB,TP53,XRCC5,EGR1,BRCA2,RHOB,RAD51,BCL2L1,ATM,IFI16,SFRP1,SIRT1,SFRP2,BARD1"
"GO:BP","dendrite morphogenesis","GO:0048813","0.00002831993763672314","4.547907707340207","142","1691","28","21017","WASL,WNT7A,DVL1,NRP1,DCLK1,KALRN,CHRNB2,PTN,CHRNA3,NEDD4,GSK3B,PTEN,DLG4,CDK5,PPP3CA,PICALM,CDK5R1,STK11,LRRK2,CAPRIN2,SARM1,NLGN1,SEMA4D,DTNBP1,ANKRD27,NEDD4L,SRCIN1,FZD4"
"GO:BP","somatic diversification of immune receptors","GO:0002200","0.00002931458351934223","4.532916271581055","77","1691","19","21017","NBN,TGFB1,IL4,ERCC1,PTPRC,HMGB1,MSH3,IL10,TNFSF4,BCL6,STAT6,MSH2,MSH6,PRKDC,ATM,IL27RA,NDFIP1,FOXP3,MAD2L2"
"GO:BP","cellular response to topologically incorrect protein","GO:0035967","0.000029740711992636015","4.526648638679847","105","1691","23","21017","BCL2L11,PARK2,WFS1,STC2,UFL1,HSPA1A,PTPN2,ATF4,EIF2AK2,PIK3R1,TMBIM6,RACK1,BAX,OS9,NFE2L2,YOD1,DAB2IP,ERLEC1,ERO1A,CDK5RAP3,DERL3,DERL2,BOK"
"GO:BP","protein K63-linked ubiquitination","GO:0070534","0.000030173866582189752","4.520369034282659","64","1691","17","21017","WWP2,DDX3X,PARK2,TRIM27,TRIM21,CDKN2A,NEDD4,UBE2B,TRAF3,GPS2,PARP10,PELI1,TRIM8,TRIM31,TRIM5,MAGEL2,PTPN22"
"GO:BP","lens development in camera-type eye","GO:0002088","0.00003091168869477114","4.509877268932557","91","1691","21","21017","MEIS1,WNT7A,SPRY1,SIX3,TGFB1,CRYAA,CRYAB,FGF2,BMP4,GJA1,ATF4,CTNNB1,NF2,SOX11,TGFBR2,WNT5A,CDKN1B,SMAD3,DLG1,PROX1,CITED2"
"GO:BP","protein polyubiquitination","GO:0000209","0.00003111143242920702","4.507079992691398","266","1691","43","21017","WWP2,DDX3X,TRIM38,SPOP,PARK2,TNKS,BCL2,TRIM27,NQO1,TRIM21,TNFAIP3,CTNNB1,CDKN2A,NEDD4,UBE2G2,UBE2B,TRIM26,TRIM32,TRAF3,GPS2,NMI,TRIM25,PARP10,RC3H1,RNF20,LRSAM1,MUL1,PELI1,NEDD4L,BARD1,TRIM62,TRIM8,TRIM31,TRIM5,TNKS2,RNF41,MAGEL2,FBXW11,RNF6,BTRC,PTPN22,UBE2J1,FBXO7"
"GO:BP","vacuole organization","GO:0007033","0.0000316083464824407","4.500198222677808","232","1691","39","21017","AP3B1,SYT7,VPS4B,ATP6AP2,SNAPIN,LAMP1,PPP3CB,ATP2A2,RAB5A,NPR2,CORO1A,MTOR,PPT1,RAB7A,NAGLU,OCA2,MYO7A,RAB3GAP1,LRRK2,LRSAM1,TP53INP2,ULK2,FLCN,TPCN2,TP53INP1,RAB7B,VPS33A,VPS35,P2RX7,MCOLN1,RAB33B,VPS33B,HPS4,ATG3,UBQLN2,RAB23,UBQLN1,SLC45A2,CHMP3"
"GO:BP","adipose tissue development","GO:0060612","0.00003261130174916898","4.486631865064103","58","1691","16","21017","HRAS,PARP1,PPARG,LEP,RORC,PPARD,PRKAA1,NCOA2,NCOA1,SPG20,ARRDC3,SIRT1,NR1H4,BBS4,PPARGC1A,GHRL"
"GO:BP","vesicle-mediated transport to the plasma membrane","GO:0098876","0.0000334168816872465","4.476034078955097","151","1691","29","21017","SNX3,CCDC22,RAB11FIP3,LYPLA1,ACTN2,CSK,RAB7A,SNAP25,STX1B,ARF6,VAMP2,RACK1,ANK3,STX3,SCRIB,VAMP3,PKDCC,SNAP47,COMMD1,RSC1A1,ANKRD27,VPS35,BBS2,RAB17,KIF13A,PTPN23,GOPC,NDRG4,SNX12"
"GO:BP","cardiac muscle cell contraction","GO:0086003","0.00003349851804464221","4.474974405478691","71","1691","18","21017","KCNE1,ATP2A2,GJA1,PLN,ADORA1,SRI,STC1,CAV3,FGF12,ANK2,PDE4D,KCNH2,DLG1,CAMK2D,RYR2,NEDD4L,PKP2,KCNE5"
"GO:BP","positive regulation of telomere maintenance","GO:0032206","0.00003349851804464221","4.474974405478691","71","1691","18","21017","NBN,TNKS,ERCC1,HNRNPA1,XRCC5,PML,GCH1,CTNNB1,TERF1,ATM,HNRNPD,TERF2,RAD50,ACD,TINF2,TNKS2,TERF2IP,RTEL1"
"GO:BP","programmed necrotic cell death","GO:0097300","0.00003404880988136413","4.467898063515933","52","1691","15","21017","FZD9,OGT,TLR3,PARK2,NOL3,TNF,TP53,PARP1,FAS,NLRP6,BAX,FADD,PELI1,CYLD,BOK"
"GO:BP","nuclear export","GO:0051168","0.00003432192156666201","4.464428405484277","167","1691","31","21017","TGFB1,IL1B,HNRNPA1,TXN,EGR2,TPR,PRKACA,SP100,PPM1A,HSPA9,CDKN2A,RANGAP1,CDKN1B,GSK3B,EMD,PKD1,CDK5,PTPN11,FMR1,DHX9,GAS6,PRKD1,SMG6,ANKLE1,THOC1,PARK7,CHP1,BARD1,LZTS2,WNK1,ENY2"
"GO:BP","alcohol biosynthetic process","GO:0046165","0.00003561370245795551","4.44838287402376","136","1691","27","21017","CYP27B1,DHFR,SOD1,APOA1,APOE,HMGCR,G6PD,NFKB1,BMP5,ITPKB,GCH1,NTSR1,SREBF1,SNCA,LEP,P2RY1,PRKAA2,WNT4,DAB2,SREBF2,REST,PRKAA1,PRKG1,PARK7,GPER1,GFI1,IP6K2"
"GO:BP","purine-containing compound catabolic process","GO:0072523","0.00003797952327419443","4.4204504909072195","152","1691","29","21017","PDE2A,OGT,NCOR1,PDE5A,ADA,INS,IFNG,IGF1,ENO1,FBP1,PRKACA,PFKL,HTR2A,ARL2,STAT3,MTOR,PRKAA2,UCP2,HDAC4,PPP2CA,PPARA,PDE4D,EP300,PRKAA1,HIF1A,SARM1,FLCN,KAT2B,P2RX7"
"GO:BP","response to topologically incorrect protein","GO:0035966","0.00003797952327419443","4.4204504909072195","152","1691","29","21017","BCL2L11,PARK2,WFS1,STC2,UFL1,F12,THBS1,HSP90AB1,HSPA1A,PTPN2,ATF4,EIF2AK2,PIK3R1,DNAJA1,HSPA2,TMBIM6,RACK1,BAX,OS9,NFE2L2,YOD1,DAB2IP,HSPH1,ERLEC1,ERO1A,CDK5RAP3,DERL3,DERL2,BOK"
"GO:BP","positive regulation of cytokine-mediated signaling pathway","GO:0001961","0.00004119637058690297","4.385141043760844","59","1691","16","21017","PARK2,CD74,EDN1,HSPA1A,AXL,WNT5A,NLRP6,TRIM32,FADD,GAS6,HIF1A,MAVS,NLRC5,TICAM2,CD300LF,GFI1"
"GO:BP","left/right pattern formation","GO:0060972","0.00004226534986783953","4.374015531632298","145","1691","28","21017","DLL1,DVL1,FOXH1,SNAI1,HAND1,GJA1,ENG,TGFBR2,WNT5A,NOTCH1,WNT3A,SMAD3,MEF2C,FOXF1,PKD2,IHH,SHH,HIF1A,BBS7,BBS5,FOXJ1,BBS4,NODAL,CITED2,ARL6,SOX17,NDRG4,SUFU"
"GO:BP","polysaccharide metabolic process","GO:0005976","0.000042593420879729726","4.370657478274978","100","1691","22","21017","PDGFB,EGF,TGFB1,POMC,INS,IGF1,NFKB1,NR1D1,COMT,ENPP1,AKT1,IRS1,PPP1CC,GSK3A,GSK3B,PPP1CA,CLTC,GRB10,DYRK2,HAS2,INPP5K,IRS2"
"GO:BP","amino acid transport","GO:0006865","0.000042927340240552635","4.367266019385359","153","1691","29","21017","NFKBIE,SLC22A2,ARL6IP5,TNF,GJA1,TRH,NF1,HTR1B,ADORA2A,ADORA1,NTSR1,SNCA,LEP,SLC6A9,UCP2,STXBP1,ABAT,ABCC8,PRKG1,GRM7,RAB3GAP1,NPY5R,NTRK2,TRPV1,DTNBP1,P2RX7,SYT4,SLC32A1,HRH3"
"GO:BP","face development","GO:0060324","0.00004327886793562032","4.363724107784651","53","1691","15","21017","SGPL1,TGFB1,RARA,TGFB3,BRAF,PDGFRA,MSX1,WNT5A,PTPN11,EP300,NOG,RAB3GAP1,BBS4,PLEKHA1,CHD7"
"GO:BP","regulation of cyclin-dependent protein kinase activity","GO:1904029","0.00004364374923911719","4.360077948186375","86","1691","20","21017","MEN1,IPO5,PSMD10,CCNK,CCNE2,EGFR,HSP90AB1,AKT1,CDKN2A,CDKN2C,CDKN1B,PLK1,CDKN2D,PTEN,CDK5R1,PSRC1,PROX1,CDK5RAP3,GTPBP4,RGCC"
"GO:BP","DNA damage checkpoint signaling","GO:0000077","0.000044287536764645255","4.3537184741354595","130","1691","26","21017","EME2,NBN,UFL1,TP53,LYN,PML,CASP2,MSH2,CDKN1B,BRCA2,PLK1,PRKDC,PTPN11,RAD51,ATM,CUL4A,CRY1,CCAR2,BRSK1,EME1,CDK5RAP3,MUS81,BARD1,BRIP1,FANCD2,EIF2AK4"
"GO:BP","fatty acid oxidation","GO:0019395","0.000047392189221619496","4.3242932291586085","108","1691","23","21017","FABP1,ALOX15,CNR1,AKT1,IRS1,PPARG,LEP,SOX9,CPT1A,SESN2,CYP4F2,PPARD,PPARA,PRKAA1,TWIST1,ADIPOQ,HADH,ADIPOR2,CYGB,ADIPOR1,PPARGC1A,IRS2,SIRT4"
"GO:BP","transmission of nerve impulse","GO:0019226","0.0000496594315842697","4.303998255809","73","1691","18","21017","HCRT,SOD1,KCNA2,NPR2,DRD1,CHRNB4,MTOR,MTNR1B,FGF12,FKBP1B,FMR1,ANK3,CARTPT,NTRK2,KCNMB4,GPER1,GPR35,GHRL"
"GO:BP","regulation of epidermal growth factor receptor signaling pathway","GO:0042058","0.00005107981825832041","4.291750656622972","60","1691","16","21017","SOCS5,EGFR,TGFB1,ADRA2A,CEACAM1,FER,PTPN2,RAB7A,DUSP3,HAP1,PLAUR,PTPRJ,DAB2IP,RHBDF2,RHBDF1,GPER1"
"GO:BP","determination of left/right symmetry","GO:0007368","0.000052774866117994016","4.27757285975958","139","1691","27","21017","DLL1,DVL1,FOXH1,HAND1,GJA1,ENG,TGFBR2,WNT5A,NOTCH1,WNT3A,SMAD3,MEF2C,FOXF1,PKD2,IHH,SHH,HIF1A,BBS7,BBS5,FOXJ1,BBS4,NODAL,CITED2,ARL6,SOX17,NDRG4,SUFU"
"GO:BP","DNA integrity checkpoint signaling","GO:0031570","0.000052774866117994016","4.27757285975958","139","1691","27","21017","EME2,NBN,UFL1,TP53,LYN,PML,CASP2,MSH2,CDKN1B,BRCA2,PLK1,PRKDC,PTPN11,RAD51,ATM,CUL4A,CRY1,CCAR2,BRSK1,EME1,CDK5RAP3,MUS81,BARD1,BRIP1,FANCD2,EIF2AK4,TIMELESS"
"GO:BP","mitotic nuclear division","GO:0140014","0.00005444040663867447","4.264078639525409","281","1691","44","21017","EREG,AURKA,XRCC3,VPS4B,PDGFB,EGF,TGFB1,INS,TNF,IL1B,IGF1,EDN1,RB1,HSPA1A,TPR,BMP4,EDN3,BMP7,PPP2R1A,TTK,DRD3,CDKN1B,PLK1,HNRNPU,CENPC,ATM,PIN1,DCTN2,ESPL1,TRIP13,FBXO43,PSRC1,CLASP1,PIBF1,KAT2B,PPP1R9B,PHB2,RGCC,MAD2L2,FBXO5,CHMP3,CTDP1,DMRT1,MAD1L1"
"GO:BP","isotype switching","GO:0045190","0.00005492623898059715","4.260220137841814","54","1691","15","21017","NBN,TGFB1,IL4,ERCC1,PTPRC,IL10,TNFSF4,BCL6,STAT6,MSH2,MSH6,IL27RA,NDFIP1,FOXP3,MAD2L2"
"GO:BP","somatic recombination of immunoglobulin genes involved in immune response","GO:0002204","0.00005492623898059715","4.260220137841814","54","1691","15","21017","NBN,TGFB1,IL4,ERCC1,PTPRC,IL10,TNFSF4,BCL6,STAT6,MSH2,MSH6,IL27RA,NDFIP1,FOXP3,MAD2L2"
"GO:BP","somatic diversification of immunoglobulins involved in immune response","GO:0002208","0.00005492623898059715","4.260220137841814","54","1691","15","21017","NBN,TGFB1,IL4,ERCC1,PTPRC,IL10,TNFSF4,BCL6,STAT6,MSH2,MSH6,IL27RA,NDFIP1,FOXP3,MAD2L2"
"GO:BP","presynapse organization","GO:0099172","0.00005492623898059715","4.260220137841814","54","1691","15","21017","SDCBP,WNT7A,DVL1,SNAPIN,SNCA,WNT5A,WNT3A,PTEN,ARF6,LRRTM1,NLGN1,VPS35,NRXN1,FZD1,PCLO"
"GO:BP","somatic diversification of immunoglobulins","GO:0016445","0.000056726214342088334","4.24621619837078","67","1691","17","21017","NBN,TGFB1,IL4,ERCC1,PTPRC,MSH3,IL10,TNFSF4,BCL6,STAT6,MSH2,MSH6,PRKDC,IL27RA,NDFIP1,FOXP3,MAD2L2"
"GO:BP","potassium ion transmembrane transport","GO:0071805","0.000059060894773752636","4.228699977750898","213","1691","36","21017","WWP2,CASQ2,KCNK2,OXSR1,PRNP,CD63,EDN3,KCNE1,KCNA2,GAL,KEL,ACTN2,OPRK1,NEDD4,CAV3,SNAP25,VAMP2,SUMO1,ANK2,KCNC4,ABCC8,KCNH2,ANK3,DLG1,AKAP6,PKD2,KCNJ11,KCNB1,KCNAB1,KCNMB4,KCNRG,WNK4,NEDD4L,STK39,KCNE5,CAB39"
"GO:BP","pigment metabolic process","GO:0042440","0.00006163895997093203","4.210144697706633","81","1691","19","21017","ZEB2,AMBP,HMOX1,BCL2,TYR,CDH3,PMEL,WNT5A,ASIP,SLC6A9,GPR143,RAB38,ATP7A,OCA2,RPE65,ABCC2,CITED1,SRRD,SLC45A2"
"GO:BP","tissue regeneration","GO:0042246","0.00006163895997093203","4.210144697706633","81","1691","19","21017","FZD9,WNT7A,MSTN,PLG,ANXA1,IGF1,APOD,GPX1,DMD,GJA1,CAPN3,PTN,CDKN1B,NOTCH1,NOV,PPARD,PPP3CA,ADAM15,EZH2"
"GO:BP","stress-activated MAPK cascade","GO:0051403","0.00006799930547786723","4.167495523009501","55","1691","15","21017","TLR4,ARL6IP5,MYC,CRYAB,GSTP1,EIF2AK2,FAS,MAPK8,MAP2K6,TIRAP,TGFB2,PRDX1,MAPK11,SCIMP,SEMA4C"
"GO:BP","antigen processing and presentation of peptide antigen","GO:0048002","0.00006808951339355593","4.1669197695262925","68","1691","17","21017","CD74,HLA-DOA,HLA-E,HLA-G,FCER1G,B2M,MICB,HFE,RAET1L,RAET1G,RAET1E,LGMN,TAPBPL,ULBP3,ULBP2,ULBP1,PYCARD"
"GO:BP","post-embryonic development","GO:0009791","0.00007199242804031344","4.142713179030377","89","1691","20","21017","KLF4,BCL2L11,PRDM1,SGPL1,ABL1,SOD2,ERCC1,BCL2,BMP4,VEGFA,RAB3A,NPPC,MTOR,BAX,ATM,ITPR1,SZT2,SEMA3C,PLEKHA1,ATF5"
"GO:BP","regulation of cyclin-dependent protein serine/threonine kinase activity","GO:0000079","0.00007257346815619117","4.139222122266311","82","1691","19","21017","MEN1,IPO5,PSMD10,CCNK,CCNE2,EGFR,AKT1,CDKN2A,CDKN2C,CDKN1B,PLK1,CDKN2D,PTEN,CDK5R1,PSRC1,PROX1,CDK5RAP3,GTPBP4,RGCC"
"GO:BP","type I interferon-mediated signaling pathway","GO:0060337","0.00007257346815619117","4.139222122266311","82","1691","19","21017","IFNA2,IFNB1,ISG15,PTPN2,SP100,PTPN6,WNT5A,STAT1,IRAK1,HDAC4,IFITM2,PTPN11,TRAF3,FADD,MAVS,METTL3,NLRC5,CACTIN,MUL1"
"GO:BP","recombinational repair","GO:0000725","0.00007400565131720817","4.130735114834348","182","1691","32","21017","RAD51B,RAD51C,XRCC3,XRCC2,KDM1A,NBN,RAD51D,REC8,ABL1,PARP1,XRCC5,SFPQ,WAS,BRCA2,RAD51,ATM,DMC1,ARID2,FANCM,PIAS4,MEIOB,ANKLE1,ERCC4,TONSL,MUS81,TEX15,TERF2IP,RTEL1,MAD2L2,ZMYND8,TIMELESS,RAD54B"
"GO:BP","inner ear development","GO:0048839","0.00007424826900968107","4.12931366683643","207","1691","35","21017","DLL1,DVL1,LIN7A,FZD6,KCNK2,NTN1,SOD1,TGFB1,COL2A1,FGF2,TGFB3,BCR,COL11A1,BMP4,GATA2,MSX1,SDC4,WNT5A,CDKN1B,NOTCH1,SOX9,NAGLU,WNT3A,SLC26A5,TGFB2,PTPN11,MYO7A,SCRIB,HES1,SHH,BLOC1S5,PROX1,DUOX2,CHD7,MAFB"
"GO:BP","endochondral bone morphogenesis","GO:0060350","0.00007689463966047991","4.114103933891863","62","1691","16","21017","BMPR1B,COL2A1,COL3A1,RARA,BMP4,NPR2,FGFR3,NPPC,TGFBR2,SOX9,MMP14,STC1,MEF2C,BMPR2,IHH,AXIN2"
"GO:BP","nerve development","GO:0021675","0.00008185150635819906","4.086973323618762","97","1691","21","21017","NRP1,PRKCG,EDN1,SERPINE2,EGR2,DMD,KCNA2,CHRNB2,NPR2,ERBB3,CTNNB1,PLXNA3,NAGLU,ADARB1,SEMA3F,ILK,HES1,SULF1,CITED2,CHD7,MAFB"
"GO:BP","protein acylation","GO:0043543","0.00008458464366346945","4.072708475939401","90","1691","20","21017","DDX3X,PPM1B,MAPT,PML,PPM1A,BAG6,GSK3B,PRKAA2,BLOC1S1,SOX4,EP300,PRKAA1,AANAT,ING5,HDAC2,KAT2B,SIRT1,PARK7,LACRT,ING4"
"GO:BP","positive regulation of stem cell proliferation","GO:2000648","0.00008477507301841049","4.071731827483475","56","1691","15","21017","KDM1A,TGFB1,PTPRC,FGF4,FGF2,GJA1,KITLG,CCNE1,CTNNB1,SOX11,WNT5A,SOX9,HMGA2,HNRNPU,CITED1"
"GO:BP","positive regulation of cell cycle G1/S phase transition","GO:1902808","0.00008477507301841049","4.071731827483475","56","1691","15","21017","DDX3X,EGFR,ANXA1,AKT1,RDX,AIF1,HYAL1,CUL4A,EZH2,CDC73,PAF1,PHB2,RGCC,PLCB1,ADAMTS1"
"GO:BP","nucleotide catabolic process","GO:0009166","0.000086525361440233","4.0628565778625445","159","1691","29","21017","PDE2A,OGT,NCOR1,PDE5A,ADA,INS,IFNG,IGF1,ENO1,FBP1,PRKACA,PFKL,HTR2A,ARL2,STAT3,MTOR,PRKAA2,UCP2,HDAC4,PPP2CA,PPARA,PDE4D,EP300,PRKAA1,HIF1A,SARM1,FLCN,KAT2B,P2RX7"
"GO:BP","hormone metabolic process","GO:0042445","0.00008806684884334169","4.0551875430508115","243","1691","39","21017","CYP27B1,ATP6AP2,STC2,SGPL1,FSHB,RBP4,ESR1,TPO,CTSG,SPP1,CYP19A1,PDGFRA,EGR1,SRD5A1,NFKB1,BMP5,GAL,FSHR,EDNRB,LEP,STAT5B,NAGLU,WNT4,DAB2,GHRHR,PTPN11,REST,NR5A1,SHH,RPE65,AANAT,HIF1A,CYP1B1,HFE,GFI1,PLEKHA1,TCF7L2,DUOX2,DUOX1"
"GO:BP","pyruvate metabolic process","GO:0006090","0.0000892093997313294","4.049589382884272","120","1691","24","21017","OGT,NCOR1,INS,IFNG,IGF1,ENO1,FBP1,PRKACA,PFKL,HTR2A,ARL2,STAT3,MTOR,PRKAA2,UCP2,HDAC4,PPP2CA,PPARA,EP300,PRKAA1,HIF1A,FLCN,KAT2B,P2RX7"
"GO:BP","prostaglandin metabolic process","GO:0006693","0.00009046974045984106","4.04349665558825","50","1691","14","21017","HPGDS,IL1B,ANXA1,CD74,EDN1,GSTA1,GSTP1,GSTM1,MIF,COMT,PTGS1,PTGS2,PIBF1,SIRT1"
"GO:BP","response to nerve growth factor","GO:1990089","0.00009046974045984106","4.04349665558825","50","1691","14","21017","FOXO3,PARP1,MAPT,BRAF,CORO1A,AKT1,ARF6,RAP1A,HES1,NTRK3,NTRK2,MAGI2,TRPV1,CIB1"
"GO:BP","regulation of neuron migration","GO:2001222","0.00009046974045984106","4.04349665558825","50","1691","14","21017","SOX14,GNRH1,COL3A1,SRGAP2C,DRD2,DRD1,STAT3,NRG3,CX3CL1,DAB2IP,SEMA6A,GPR173,CAMK2A,ADGRG1"
"GO:BP","actin filament-based movement","GO:0030048","0.00009287879530077469","4.032083426318782","128","1691","25","21017","WASL,ZEB2,TPM1,KCNE1,ATP2A2,GJA1,PLN,ADORA1,SRI,WAS,STC1,EMP2,CAV3,FGF12,ANK2,PDE4D,KCNH2,DLG1,MYO7A,CAMK2D,RYR2,NEDD4L,PKP2,KCNE5,MYO5A"
"GO:BP","neuron cellular homeostasis","GO:0070050","0.00009392420717189871","4.027222462192953","63","1691","16","21017","AIM2,PARK2,ATP6AP2,TSPOAP1,SNAPIN,IFNB1,IL6,ATP2A2,CNR1,HTR1B,ADORA1,P2RY1,CX3CL1,TYRO3,PRKAA1,DCTN1"
"GO:BP","negative regulation of nuclear division","GO:0051784","0.00009392420717189871","4.027222462192953","63","1691","16","21017","XRCC3,TPR,BMP4,LIF,BMP7,TTK,PLK1,ATM,RPS6KA2,TRIP13,FBXO43,HORMAD1,MAD2L2,FBXO5,DMRT1,MAD1L1"
"GO:BP","dendritic spine development","GO:0060996","0.00009498972301535557","4.022323378702236","98","1691","21","21017","WASL,WNT7A,DVL1,KALRN,APOE,SRGAP2C,PTEN,ARF6,DLG4,CDK5,MEF2C,FMR1,CDK5R1,LRRK2,CAPRIN2,NLGN1,HDAC2,DTNBP1,SRCIN1,ZMYND8,CAMK2A"
"GO:BP","unsaturated fatty acid metabolic process","GO:0033559","0.00009672006999521863","4.0144833978531755","113","1691","23","21017","MGST3,ALOX15B,HPGDS,IL1B,ANXA1,CD74,EDN1,GPX1,GSTA1,GSTP1,GSTM1,MIF,ALOX15,COMT,PTGS1,GSTM2,PTGS2,CYP4F2,CYP1B1,PIBF1,SIRT1,ABHD6,PLA2G2F"
"GO:BP","axo-dendritic transport","GO:0008088","0.00010233399896564482","3.9899800543613715","77","1691","18","21017","RAB27B,AP3B1,SNAPIN,SOD1,MAPT,HAP1,BLOC1S1,HNRNPU,TERF2,HIF1A,BLOC1S3,BLOC1S2,BLOC1S5,DTNBP1,BLOC1S4,RABGEF1,FBXW11,BLOC1S6"
"GO:BP","double-strand break repair via homologous recombination","GO:0000724","0.00010457882164079573","3.980556255963843","177","1691","31","21017","RAD51B,RAD51C,XRCC3,XRCC2,KDM1A,NBN,RAD51D,REC8,ABL1,PARP1,SFPQ,WAS,BRCA2,RAD51,ATM,DMC1,ARID2,FANCM,PIAS4,MEIOB,ANKLE1,ERCC4,TONSL,MUS81,TEX15,TERF2IP,RTEL1,MAD2L2,ZMYND8,TIMELESS,RAD54B"
"GO:BP","cell communication involved in cardiac conduction","GO:0086065","0.00010545755714151525","3.976922293048625","57","1691","15","21017","CASQ2,GJA1,PRKACA,HRC,SRI,SLC8A1,FKBP1B,ANK2,PDE4D,TRDN,CAMK2D,RYR2,TBX5,PKP2,KCNE5"
"GO:BP","antiviral innate immune response","GO:0140374","0.00011511292059603241","3.9388759272074667","51","1691","14","21017","TNF,CXCL10,NMB,IFIT1,MBL2,EIF2AK2,MX1,PHB,NLRP6,TRIM25,MAVS,DHX58,PHB2,TRIM31"
"GO:BP","complement activation","GO:0006956","0.00011564608355500875","3.9368690703663325","64","1691","16","21017","FCN1,FCN3,C5,IL1B,C4BPA,KRT1,SERPING1,CD55,MBL2,CD46,CR1,C4BPB,PHB,C1QBP,RGCC,VSIG4"
"GO:BP","positive regulation of neuron differentiation","GO:0045666","0.00011711284480184283","3.9313954693970423","92","1691","20","21017","EPO,FGF2,RARA,DMD,BMP4,BMP7,ADRA2B,ADRA2C,GATA2,SOX11,BCL6,NBL1,MAP1B,CXCL12,MEF2C,TRIM32,REST,NCOA1,PROX1,HEYL"
"GO:BP","lipid homeostasis","GO:0055088","0.00012168873918350486","3.9147496085960425","162","1691","29","21017","DDX3X,APOM,TGFB1,INS,APOA1,APOE,APOA2,APOC2,NR1D1,ABCB4,ADORA1,PPARG,HNF4A,PRKAA2,NR1H2,CAV3,SESN2,SREBF2,PRKAA1,NR1H3,NR1D2,SIRT1,NR1H4,C1QTNF3,ABCG8,ABCG5,RTN4,MED13,IRS2"
"GO:BP","pigment biosynthetic process","GO:0046148","0.0001302834411319742","3.8851107790840502","58","1691","15","21017","ZEB2,TYR,CDH3,PMEL,WNT5A,ASIP,SLC6A9,GPR143,RAB38,ATP7A,OCA2,RPE65,CITED1,SRRD,SLC45A2"
"GO:BP","regulation of epidermal cell differentiation","GO:0045604","0.0001302834411319742","3.8851107790840502","58","1691","15","21017","DLL1,ALOX15B,CYP27B1,ROCK2,FGF2,BMP4,ZFP36,HOXA7,MSX2,NOTCH1,ZFP36L1,KEAP1,HES1,EZH2,SFRP4"
"GO:BP","carbohydrate catabolic process","GO:0016052","0.0001361202751576891","3.866077181679187","163","1691","29","21017","OGT,NCOR1,INS,IFNG,TP53,IGF1,ENO1,FBP1,PRKACA,PFKL,HTR2A,ARL2,STAT3,MTOR,GSK3A,PRKAA2,UCP2,HDAC4,PPP1CA,PPP2CA,PPARA,EP300,PRKAA1,HIF1A,TKFC,FLCN,KAT2B,BAD,P2RX7"
"GO:BP","nucleus organization","GO:0006997","0.00013815751860483366","3.8596254755701995","147","1691","27","21017","TOR1A,SUV39H1,VPS4B,SUN1,PRKCB,WEE2,TPR,ETS1,FSHR,PML,RPS19,CDKN2A,EMD,PLK1,TARDBP,DCTN1,SYCP1,BRDT,SYCP3,LEMD2,NECTIN2,SIRT1,SRPK1,GPER1,NDC1,RTN4,CHMP3"
"GO:BP","regulation of protein polymerization","GO:0032271","0.0001387490573269186","3.85776995882949","205","1691","34","21017","CCL21,SLIT2,BAG4,ABL1,HSPA1A,MAPT,ALOX15,FER,CORO1A,CCR7,PFN2,RDX,ARL2,SNCA,MTOR,CDKN1B,MAP1B,CAV3,ARF6,PRKCE,PRKCD,DMTN,DLG1,PAK1,DYRK1A,DCTN1,PTK2B,CDK5R1,PSRC1,CLASP1,BBS4,EVL,PYCARD,ARFGEF1"
"GO:BP","axonal transport","GO:0098930","0.00013880250533207197","3.8576026949613174","65","1691","16","21017","RAB27B,AP3B1,SNAPIN,SOD1,MAPT,HAP1,BLOC1S1,TERF2,HIF1A,BLOC1S3,BLOC1S2,BLOC1S5,DTNBP1,BLOC1S4,FBXW11,BLOC1S6"
"GO:BP","megakaryocyte differentiation","GO:0030219","0.00013880250533207197","3.8576026949613174","65","1691","16","21017","MEIS1,PF4,KIT,IL11,GATA2,PTPN6,PTPN11,MEF2C,GABPA,EP300,ZFPM1,RAB7B,RBM15,CIB1,PRMT1,VPS33B"
"GO:BP","regulation of stem cell population maintenance","GO:2000036","0.00014249419610117188","3.846202824445414","72","1691","17","21017","OGT,MYC,BMP7,PTN,HNF1B,SMARCA2,SMARCA4,HMGA2,REST,HDAC1,RBBP7,HDAC2,NODAL,ING2,SAV1,BRMS1,ING1"
"GO:BP","positive regulation of macroautophagy","GO:0016239","0.00014277418804549888","3.8453503009818712","79","1691","18","21017","PARK2,TRIM13,IL4,SLC25A5,ADRB2,DCN,HMOX1,HTT,PRKAA2,SESN2,CSNK2A1,RAB3GAP1,HIF1A,LRSAM1,SIRT1,LACRT,FBXO7,SESN1"
"GO:BP","actin-mediated cell contraction","GO:0070252","0.0001466965658737374","3.833580052752101","101","1691","21","21017","ZEB2,TPM1,KCNE1,ATP2A2,GJA1,PLN,ADORA1,SRI,STC1,EMP2,CAV3,FGF12,ANK2,PDE4D,KCNH2,DLG1,CAMK2D,RYR2,NEDD4L,PKP2,KCNE5"
"GO:BP","negative regulation of supramolecular fiber organization","GO:1902904","0.0001491791086195548","3.826291992188548","164","1691","29","21017","PARK2,SLIT2,APC2,CRYAB,APOE,TACSTD2,IAPP,PIK3R1,CORO1A,PFN2,RDX,SNCA,WAS,MAP1B,CAV3,PRKCD,DMTN,PPFIA1,DYRK1A,CLASP1,PHLDB2,C16ORF45,DLC1,BBS4,CIB1,CORO1B,INPP5K,F11R,ARFGEF1"
"GO:BP","plasma membrane organization","GO:0007009","0.0001622425958965797","3.789835113539183","173","1691","30","21017","ANO9,WASL,PLSCR1,HDAC3,SYT7,VPS4B,SOD1,PTPRC,ATP2A2,CR1,RAB3A,AKT1,STX2,TIE1,EMP2,CAV3,PTEN,TGFB2,ANK2,PRKCD,ANK3,SNX33,SYTL4,P2RX7,SYT11,PACSIN1,PACSIN3,PACSIN2,CHMP3,MAFB"
"GO:BP","myeloid cell development","GO:0061515","0.00016411800093971357","3.7848437816523517","87","1691","19","21017","MEIS1,EPO,LTF,KIT,G6PD,SRC,CEBPB,PTPN6,FBN1,BCL6,CLDN18,PTPN11,DMTN,EP300,GPR68,ZFPM1,ADGRF5,CITED2,VPS33B"
"GO:BP","collagen fibril organization","GO:0030199","0.0001669855578607088","3.777321088209445","66","1691","16","21017","GREM1,COL2A1,COL3A1,RB1,SERPINF2,COL11A1,BMP1,NF1,TGFB2,ATP7A,CYP1B1,PXDN,P3H4,SFRP2,VPS33B,TLL2"
"GO:BP","receptor localization to synapse","GO:0097120","0.0001669855578607088","3.777321088209445","66","1691","16","21017","OGT,HRAS,ERBB2,ITGB3,SNAP25,STX1B,RAP1A,DLG4,DLG1,STX3,SCRIB,SNAP47,NLGN1,VPS35,NRXN1,NRXN3"
"GO:BP","cellular component maintenance","GO:0043954","0.00017056575666073547","3.768108154798212","73","1691","17","21017","INS,APOE,PRNP,ITGB3,RAB3A,PRTN3,F2R,F2RL1,ARF6,DLG1,MTMR2,DCTN1,NLGN1,VPS35,NRXN1,ZMYND8,PCLO"
"GO:BP","nucleoside phosphate catabolic process","GO:1901292","0.00017380936301771255","3.7599268320450068","182","1691","31","21017","PDE2A,OGT,NCOR1,PDE5A,ADA,INS,IFNG,IGF1,ENO1,FBP1,PRKACA,PFKL,ENPP1,HTR2A,ARL2,STAT3,MTOR,GSK3A,PRKAA2,UCP2,HDAC4,PPP2CA,PPARA,PDE4D,EP300,PRKAA1,HIF1A,SARM1,FLCN,KAT2B,P2RX7"
"GO:BP","regulation of chondrocyte differentiation","GO:0032330","0.00017615288579242734","3.754110237674557","53","1691","14","21017","BMPR1B,SMAD7,SNAI2,GREM1,BMP4,CTNNB1,ACVRL1,SOX9,SMAD3,ZBTB16,PTPN11,IHH,PKDCC,AXIN2"
"GO:BP","cardiac conduction","GO:0061337","0.00018236102311067957","3.739067979915589","95","1691","20","21017","CASQ2,SRC,KCNE1,ATP2A2,GJA1,PRKACA,HRC,PLN,SRI,SLC8A1,FKBP1B,ANK2,PDE4D,KCNH2,TRDN,CAMK2D,RYR2,TBX5,PKP2,KCNE5"
"GO:BP","protein localization to chromosome","GO:0034502","0.0001927583099705364","3.7149868900782783","126","1691","24","21017","TNKS,ESR1,RB1,PARP1,XRCC5,PML,TTK,MSH2,BRCA2,PLK1,TERF1,TERF2,EZH2,PIAS4,LEMD2,ACD,TONSL,TINF2,TNKS2,GNL3L,TERF2IP,RCC2,ZMYND8,SPO11"
"GO:BP","cellular response to acid chemical","GO:0071229","0.00020936615714765386","3.6790935182248314","96","1691","20","21017","IPO5,EGFR,TNF,COL3A1,VEGFA,PDGFRA,CEBPB,MTOR,SESN2,ATP7A,BCL2L1,EP300,PKD2,HNRNPD,NTRK2,SIPA1,PRMT1,BCL11A,SH3BP4,SESN1"
"GO:BP","cell-cell junction assembly","GO:0007043","0.00021077679933084994","3.6761771945842896","159","1691","28","21017","CLDN4,SMAD7,SNAI2,ROCK2,SNAI1,WNT11,TNF,IL1B,FER,GJA1,PRKACA,VCL,CDH3,CTNNA1,CTNNB1,ARL2,ACVRL1,CLDN18,ANK2,DLG1,AMOT,FLCN,MARVELD3,NR1H4,TBX5,PKP2,GDF2,F11R"
"GO:BP","protein localization to cytoskeleton","GO:0044380","0.00023326520669479393","3.6321500347481632","61","1691","15","21017","DVL1,AURKA,DIAPH1,RAB11FIP3,ABL1,HTR2A,TTK,GSK3B,HNRNPU,STK3,DCTN2,PIBF1,BBS4,PPP1R9B,MID2"
"GO:BP","positive regulation of DNA biosynthetic process","GO:2000573","0.00023326520669479393","3.6321500347481632","61","1691","15","21017","TNKS,PDGFB,TNF,FGF2,HNRNPA1,XRCC5,VEGFA,GCH1,CTNNB1,ATM,PTK2B,CYP1B1,ACD,TNKS2,RGCC"
"GO:BP","antibacterial humoral response","GO:0019731","0.00023998838429963636","3.6198097781077787","68","1691","16","21017","FGA,FGB,LTF,ANG,SLPI,SEMG1,ELANE,CTSG,DEFA4,HLA-E,CAMP,DEFA3,DEFA6,SEMG2,BPIFA1,SPINK5"
"GO:BP","cytoskeleton-dependent intracellular transport","GO:0030705","0.0002412094845530497","3.6176056193840056","211","1691","34","21017","RAB27B,AP3B1,WASL,PEX14,SUN1,RASGRP1,SNAPIN,SOD1,TUBB,MAPT,LAMP1,HTT,MAP1B,HAP1,BLOC1S1,HNRNPU,MYO7A,TERF2,STK11,HIF1A,BLOC1S3,BLOC1S2,MREG,BLOC1S5,TRAF3IP1,DTNBP1,FUZ,KIF13A,SYT4,BLOC1S4,RABGEF1,FBXW11,BLOC1S6,MYO5A"
"GO:BP","DNA replication","GO:0006260","0.0002629241087982563","3.5801695894813284","283","1691","42","21017","EME2,EREG,HCRT,NBN,CCNE2,EGFR,TP53,ADRA2A,PARP1,TOP1,CCNE1,PPP2R1A,ACVRL1,BCL6,CDKN1B,BRCA2,TERF1,PPP2CA,ID3,RAD51,DHX9,TERF2,RBBP7,JADE1,STRA8,FANCM,ING5,RAD50,EME1,TONSL,MUS81,FAM111A,BARD1,GTPBP4,TSPYL2,PIF1,RTEL1,DACH1,GDF2,FBXO5,FAF1,TIMELESS"
"GO:BP","reactive oxygen species biosynthetic process","GO:1903409","0.0002656796732471857","3.575641671537311","55","1691","14","21017","TLR4,FOXO3,SOD1,INS,SOD2,MPO,DMD,CD36,SNCA,RAB27A,PPARA,PARK7,DUOX2,DUOX1"
"GO:BP","cell fate specification","GO:0001708","0.00026804387310168403","3.57179411534985","113","1691","22","21017","DLL1,NRP1,APC2,FGF2,MYL2,CTNNB1,HNF1B,BMPR1A,NOTCH1,SOX9,WNT3A,HDAC1,IHH,SHH,RBBP7,HDAC2,SFRP2,NODAL,TBX5,SOX17,SUFU,FOXA2"
"GO:BP","membrane protein proteolysis","GO:0033619","0.0002793706578209928","3.5538192095876564","62","1691","15","21017","TIMP1,TGFB1,TNF,IFNG,IL1B,APOE,ADRA2A,MMP7,CTSH,IL10,PRTN3,SNX33,P2RX7,TIMP4,PACSIN3"
"GO:BP","stress-activated protein kinase signaling cascade","GO:0031098","0.0002793706578209928","3.5538192095876564","62","1691","15","21017","TLR4,ARL6IP5,MYC,CRYAB,GSTP1,EIF2AK2,FAS,MAPK8,MAP2K6,TIRAP,TGFB2,PRDX1,MAPK11,SCIMP,SEMA4C"
"GO:BP","negative regulation of cytoskeleton organization","GO:0051494","0.0002886097270804758","3.5396890358683506","162","1691","28","21017","PARK2,SLIT2,TRIM37,APC2,TACSTD2,PIK3R1,CORO1A,PFN2,RDX,SNCA,WAS,MAP1B,CAV3,PRKCD,DMTN,PPFIA1,DYRK1A,CLASP1,PHLDB2,KAT2B,C16ORF45,DLC1,BBS4,CIB1,CORO1B,INPP5K,F11R,ARFGEF1"
"GO:BP","mitochondrial membrane organization","GO:0007006","0.0003036659683211749","3.517603876499493","114","1691","22","21017","FZD9,AP3B1,BCL2L11,NOL3,TP53,SLC25A5,HSPA1A,BCL2,SNCA,HSPA9,GSK3A,GSK3B,BAX,BCL2L1,NAIF1,BLOC1S2,SLC35F6,BAD,MUL1,NDUFA13,BOK,CAMK2A"
"GO:BP","regulation of translation","GO:0006417","0.0003084067834037302","3.510876078213786","378","1691","52","21017","DDX3X,OGT,PER1,FOXO3,WFS1,DHFR,MYC,TNF,ANG,ERBB2,TYMS,IL6,THBS1,GZMB,RARA,TPR,CCL5,ATF4,EIF2AK2,IGFBP5,ZFP36,PML,AKT1,MTOR,SESN2,PPP1CA,RACK1,CSNK2A1,PRKDC,HNRNPU,FMR1,SOX4,C1QBP,ZFP36L1,DHX9,ILF3,EIF2B5,HNRNPD,PTK2B,TARBP2,CYP1B1,CAPRIN2,METTL3,BANK1,PIWIL2,ATXN2,PRMT1,RBM4B,RBM4,AGO4,EIF2AK4,EIF2B4"
"GO:BP","actin polymerization or depolymerization","GO:0008154","0.00032363690973373515","3.4899419543663543","197","1691","32","21017","WASL,CCL21,DIAPH1,SLIT2,BAG4,ABL1,ANG,ALOX15,FER,CORO1A,CCR7,PFN2,RDX,ACTN2,MTOR,WAS,CXCL12,AIF1,F2RL1,ARF6,PRKCE,PRKCD,DMTN,DLG1,SEMA5A,PTK2B,BBS4,PPP1R9B,GHRL,EVL,PYCARD,ARFGEF1"
"GO:BP","regulation of TOR signaling","GO:0032006","0.0003410233842201564","3.4672158400996436","147","1691","26","21017","OGT,HDAC3,F7,PKHD1,PIM1,SRC,PRKACA,PRKACB,AKT1,LEP,GSK3A,PRKAA2,SESN2,EP300,PRKAA1,ATM,GAS6,STK11,HIF1A,SZT2,FLCN,USP7,SIRT1,PRMT1,SH3BP4,SESN1"
"GO:BP","transport along microtubule","GO:0010970","0.0003423992103585236","3.4654672455641933","172","1691","29","21017","RAB27B,AP3B1,PEX14,SUN1,RASGRP1,SNAPIN,SOD1,MAPT,LAMP1,HTT,MAP1B,HAP1,BLOC1S1,HNRNPU,TERF2,STK11,HIF1A,BLOC1S3,BLOC1S2,MREG,BLOC1S5,TRAF3IP1,DTNBP1,FUZ,KIF13A,BLOC1S4,RABGEF1,FBXW11,BLOC1S6"
"GO:BP","axon regeneration","GO:0031103","0.00036747530293795085","3.434771843404781","50","1691","13","21017","KLF4,DHFR,APOD,BCL2,SPP1,BRAF,PTN,CTNNA1,MAP1B,FKBP1B,CERS2,RTN4R,STK24"
"GO:BP","positive regulation of chromosome organization","GO:2001252","0.00036946363371067296","3.4324283027523546","100","1691","20","21017","NBN,TNKS,ERCC1,HNRNPA1,TPR,XRCC5,PML,GCH1,CTNNB1,TERF1,ATM,HNRNPD,TERF2,RAD50,ACD,TINF2,TNKS2,TERF2IP,RTEL1,MAD1L1"
"GO:BP","neural retina development","GO:0003407","0.00037118253074990427","3.430412471508802","85","1691","18","21017","PRDM1,SIX3,THY1,PTPRM,STAT3,CASP2,NOTCH1,SOX9,SMARCA4,NAGLU,TGFB2,HES1,IHH,RPE65,NTRK2,RORB,BBS4,DLL4"
"GO:BP","icosanoid biosynthetic process","GO:0046456","0.0003944904300893627","3.403963527840603","57","1691","14","21017","MGST3,HPGDS,IL1B,ANXA1,CD74,EDN1,MIF,PTGS1,PTGS2,LTC4S,PIBF1,SIRT1,MGST2,PYCARD"
"GO:BP","DNA-templated DNA replication maintenance of fidelity","GO:0045005","0.0003944904300893627","3.403963527840603","57","1691","14","21017","EME2,NBN,PARP1,BRCA2,RAD51,FANCM,RAD50,EME1,TONSL,MUS81,FAM111A,BARD1,RTEL1,TIMELESS"
"GO:BP","regulation of postsynaptic membrane neurotransmitter receptor levels","GO:0099072","0.0003994718734028606","3.3985137937115817","93","1691","19","21017","OGT,HRAS,ERBB2,ITGB3,DRD4,NUMB,SNAP25,STX1B,RAP1A,DLG4,NRG1,DLG1,PPFIA1,STX3,SCRIB,SNAP47,VPS35,ERBIN,NRXN3"
"GO:BP","protein tetramerization","GO:0051262","0.0003994718734028606","3.3985137937115817","93","1691","19","21017","TP73,TRPA1,TRPM2,SOD2,KRT1,TP53,RYR1,SNCA,B2M,PKD1,STK4,STK3,PKD2,RYR3,SYCP1,CRTC1,TRPV1,MCOLN1,EVL"
"GO:BP","DNA conformation change","GO:0071103","0.0003994718734028606","3.3985137937115817","93","1691","19","21017","HFM1,DDX3X,NBN,ABL1,ANXA1,HMGB1,TOP1,TOP2A,XRCC5,TOP2B,RAD51,DHX9,SETX,FANCM,RAD50,BRIP1,PIF1,RTEL1,RAD54B"
"GO:BP","cranial nerve development","GO:0021545","0.0004032227139646282","3.3944550116030703","64","1691","15","21017","NRP1,EGR2,DMD,KCNA2,CHRNB2,NPR2,ERBB3,CTNNB1,PLXNA3,ADARB1,SEMA3F,HES1,CITED2,CHD7,MAFB"
"GO:BP","regulation of epidermis development","GO:0045682","0.0004032227139646282","3.3944550116030703","64","1691","15","21017","DLL1,ALOX15B,CYP27B1,ROCK2,FGF2,BMP4,ZFP36,HOXA7,MSX2,NOTCH1,ZFP36L1,KEAP1,HES1,EZH2,SFRP4"
"GO:BP","lipid modification","GO:0030258","0.00041249863145841883","3.384577487965069","191","1691","31","21017","ALOX15B,SYNJ1,DGKI,APOD,FABP1,ALOX15,CNR1,AKT1,IRS1,PPARG,LEP,SOX9,CPT1A,SESN2,PTEN,CYP4F2,PPARD,PPARA,PRKAA1,MTMR2,TWIST1,ADIPOQ,HADH,ADIPOR2,CYGB,INPP5D,ADIPOR1,INPP5K,PPARGC1A,IRS2,SIRT4"
"GO:BP","protein-containing complex localization","GO:0031503","0.00041249863145841883","3.384577487965069","191","1691","31","21017","WASL,SMAD7,OGT,SNAPIN,HRAS,ERBB2,ITGB3,FCER2,EZR,DRD4,PML,NUMB,TERF1,SNAP25,STX1B,RAP1A,DLG4,NRG1,DLG1,STX3,ATM,SCRIB,SNAP47,NLGN1,TRAF3IP1,VPS35,FUZ,NDC1,RCC2,NRXN1,NRXN3"
"GO:BP","regulation of cell cycle G2/M phase transition","GO:1902749","0.0004421681744827139","3.3544125194324357","117","1691","22","21017","AURKA,RAD51B,RAD51C,NBN,VPS4B,TP53,CDK4,CDC25B,CDKN2A,PLK1,HSPA2,PKIA,ATM,USP17L2,BRSK1,RAD50,CDK5RAP3,BARD1,RCC2,FBXO5,ING4,ATF5"
"GO:BP","regulation of lamellipodium organization","GO:1902743","0.0004494495011538902","3.347319097261641","51","1691","13","21017","MSTN,SLIT2,HRG,SRC,FER,PIK3R1,MTOR,WAS,ATP7A,DMTN,CORO1B,PLXNB3,CORO1C"
"GO:BP","anterograde axonal transport","GO:0008089","0.0004494495011538902","3.347319097261641","51","1691","13","21017","RAB27B,AP3B1,SNAPIN,SOD1,HAP1,BLOC1S1,TERF2,BLOC1S3,BLOC1S2,BLOC1S5,DTNBP1,BLOC1S4,BLOC1S6"
"GO:BP","cardiac muscle cell action potential","GO:0086001","0.00047031498539490093","3.327611183340606","72","1691","16","21017","DMD,KCNE1,ATP2A2,GJA1,SLC8A1,CAV3,FGF12,ANK2,KCNH2,ANK3,DLG1,CAMK2D,RYR2,NEDD4L,PKP2,KCNE5"
"GO:BP","cranial skeletal system development","GO:1904888","0.00047031498539490093","3.327611183340606","72","1691","16","21017","TGFB1,FGF4,TGFB3,BMP4,PDGFRA,GNA11,CTNNB1,MSX2,TGFBR2,MMP14,TGFB2,SMAD3,NOG,TWIST1,NODAL,RAB23"
"GO:BP","neuron projection regeneration","GO:0031102","0.0004721428128834341","3.3259266169040558","58","1691","14","21017","KLF4,DHFR,THY1,APOD,BCL2,SPP1,BRAF,PTN,CTNNA1,MAP1B,FKBP1B,CERS2,RTN4R,STK24"
"GO:BP","eye photoreceptor cell differentiation","GO:0001754","0.0004721428128834341","3.3259266169040558","58","1691","14","21017","PRDM1,THY1,TH,VEGFA,STAT3,NOTCH1,SOX9,NAGLU,MYO7A,IHH,NTRK2,RORB,NKD1,BBS4"
"GO:BP","visual perception","GO:0007601","0.00048195581929015823","3.316992771549359","219","1691","34","21017","CRX,WFS1,SIX3,SOX14,COL2A1,CRYAA,RBP4,TH,TACSTD2,COL11A1,TYR,CHRNB2,CDH3,ARRB1,PPT1,GPR143,MYO7A,UNC119,RPE65,SFRP5,NXNL2,CPLX4,RIMS1,BBS7,BBS5,RORB,BBS4,BBS2,ARL6,DLL4,CABP1,SEMA5B,OPN4,SLC45A2"
"GO:BP","purine nucleoside triphosphate metabolic process","GO:0009144","0.0004877020414920862","3.3118454264734485","255","1691","38","21017","OGT,NCOR1,NDUFS3,ADA,TGFB1,INS,IFNG,IGF1,IL4,ENO1,FBP1,PARP1,HSPA1A,RHOQ,PRKACA,PFKL,ENPP1,HTR2A,ARL2,STAT3,MTOR,PRKAA2,UCP2,HDAC4,PPP2CA,PPARA,EP300,PRKAA1,HIF1A,LRRK2,PID1,FLCN,KAT2B,BAD,P2RX7,NDUFA13,PPARGC1A,RAB23"
"GO:BP","organic cation transport","GO:0015695","0.000494194485880399","3.306102104674683","118","1691","22","21017","NFKBIE,SLC22A2,CRH,ADRA2A,ADRA2B,ADRA2C,TACR2,COMT,ADORA2A,OXTR,CHRNA3,SNCA,P2RY1,SLC6A9,SLC6A3,KCNB1,CARTPT,SLC18A3,STX1A,SEC14L1,SLC32A1,HRH3"
"GO:BP","purine nucleotide metabolic process","GO:0006163","0.0005304008677838452","3.275395774057606","435","1691","57","21017","PDE2A,CASK,OGT,NCOR1,NDUFS3,PDE5A,ADA,TGFB1,INS,IFNG,TP53,IGF1,IL4,ENO1,FBP1,PARP1,HSPA1A,G6PD,IDO1,NQO1,RHOQ,PRKACA,PFKL,NPR2,ENPP1,NPPC,HTR2A,CD38,NOS3,ARL2,STAT3,MTOR,NAMPT,IDH2,PRKAA2,UCP2,HDAC4,PPP2CA,PPARA,PDE4D,ADCY1,EP300,DLG1,PRKAA1,HIF1A,PARP10,LRRK2,SARM1,PID1,FLCN,KAT2B,BAD,P2RX7,NDUFA13,PPARGC1A,NOCT,RAB23"
"GO:BP","positive regulation of actin filament polymerization","GO:0030838","0.0005440000292146992","3.264401076978691","52","1691","13","21017","CCL21,BAG4,ALOX15,FER,CCR7,PFN2,MTOR,ARF6,PRKCE,DLG1,PTK2B,EVL,PYCARD"
"GO:BP","embryonic pattern specification","GO:0009880","0.000549259073642204","3.2602227598964086","73","1691","16","21017","MEIS1,DLL1,WNT7A,NRP1,BMP7,WT1,CTNNB1,WNT5A,MEOX2,SMAD3,ZBTB16,SEMA3F,IHH,SHH,NRARP,NODAL"
"GO:BP","receptor clustering","GO:0043113","0.0005648088916244063","3.248098474928953","59","1691","14","21017","FZD9,DVL1,ITGB1BP1,APOE,THY1,PTN,DLG4,CDK5,DLG1,SCRIB,MAGI2,NLGN1,NRXN2,NRXN1"
"GO:BP","response to dsRNA","GO:0043331","0.0005648088916244063","3.248098474928953","59","1691","14","21017","TLR3,IFNA2,IFNB1,IFIT1,NFKB1,NFKBIA,DHX9,MAVS,TICAM2,TICAM1,MUL1,PELI1,P2RX7,IRAK3"
"GO:BP","purine ribonucleoside triphosphate metabolic process","GO:0009205","0.0005724335030797001","3.2422749560149184","248","1691","37","21017","OGT,NCOR1,NDUFS3,TGFB1,INS,IFNG,IGF1,IL4,ENO1,FBP1,PARP1,HSPA1A,RHOQ,PRKACA,PFKL,ENPP1,HTR2A,ARL2,STAT3,MTOR,PRKAA2,UCP2,HDAC4,PPP2CA,PPARA,EP300,PRKAA1,HIF1A,LRRK2,PID1,FLCN,KAT2B,BAD,P2RX7,NDUFA13,PPARGC1A,RAB23"
"GO:BP","sodium ion transmembrane transport","GO:0035725","0.0005751837104519331","3.240193421931526","169","1691","28","21017","TRPM2,DMD,DRD4,NOS1,SLC6A4,SLC8A1,NEDD4,SLC6A9,CAV3,FGF12,ASIC1,SLC6A3,PRKCE,ANK3,DLG1,CAMK2D,PKD2,COMMD1,TPCN2,OSR1,WNK4,NEDD4L,CHP1,WNK3,WNK1,BPIFA1,STK39,TPCN1"
"GO:BP","olefinic compound metabolic process","GO:0120254","0.0006019859995132556","3.2204136090824447","161","1691","27","21017","MGST3,ALOX15B,FSHB,RBP4,GPX1,GSTA1,GSTP1,CYP19A1,ALOX15,CREB1,EGR1,SRD5A1,BMP5,PTGS1,EDNRB,GSTM2,PTGS2,STAT5B,WNT4,CYP4F2,DAB2,REST,PRKG1,RPE65,CYP1B1,ABHD6,PLA2G2F"
"GO:BP","positive regulation of translation","GO:0045727","0.0006035265295575029","3.2193036346185036","136","1691","24","21017","DDX3X,OGT,MYC,TNF,ERBB2,IL6,THBS1,CCL5,MTOR,PRKDC,HNRNPU,FMR1,SOX4,C1QBP,DHX9,EIF2B5,HNRNPD,PTK2B,CYP1B1,METTL3,PIWIL2,PRMT1,RBM4,EIF2AK4"
"GO:BP","sensory perception of light stimulus","GO:0050953","0.0006098880974144816","3.2147498422574032","222","1691","34","21017","CRX,WFS1,SIX3,SOX14,COL2A1,CRYAA,RBP4,TH,TACSTD2,COL11A1,TYR,CHRNB2,CDH3,ARRB1,PPT1,GPR143,MYO7A,UNC119,RPE65,SFRP5,NXNL2,CPLX4,RIMS1,BBS7,BBS5,RORB,BBS4,BBS2,ARL6,DLL4,CABP1,SEMA5B,OPN4,SLC45A2"
"GO:BP","epidermal cell differentiation","GO:0009913","0.0006644953186550538","3.1775080742990363","250","1691","37","21017","DLL1,OVOL1,EREG,ALOX15B,CYP27B1,KLF4,ROCK2,SOD1,ANXA1,KRT1,KRT16,FGF2,BCR,BMP4,CDH3,ZFP36,HOXA7,CTNNB1,MSX2,WNT5A,CASP3,NOTCH1,ZFP36L1,PPP3CA,STK4,MYO7A,HDAC1,KEAP1,SCRIB,HES1,EZH2,SFRP4,HDAC2,SAV1,SPINK5,POU2F3,MAFB"
"GO:BP","negative regulation of translation","GO:0017148","0.0006920262907087287","3.159877405987122","129","1691","23","21017","DDX3X,WFS1,DHFR,ANG,TYMS,GZMB,RARA,TPR,ATF4,EIF2AK2,IGFBP5,ZFP36,PML,SESN2,RACK1,CSNK2A1,FMR1,ILF3,CAPRIN2,BANK1,RBM4,AGO4,EIF2AK4"
"GO:BP","regulation of DNA repair","GO:0006282","0.0007171883181514516","3.1443667930134818","215","1691","33","21017","KDM1A,ABL1,EGFR,PRKCG,HMGB1,PARP1,PML,WAS,SMARCA2,SMARCA4,HMGA2,CEBPG,PRKDC,TOP2B,RAD51,DHX9,TRIM28,CUL4A,TERF2,TWIST1,ARID2,PIAS4,KAT2B,SIRT1,BARD1,NPAS2,TEX15,ENY2,TERF2IP,RTEL1,MAD2L2,TIMELESS,AXIN2"
"GO:BP","ATP metabolic process","GO:0046034","0.0007219014566030943","3.141522081896248","224","1691","34","21017","OGT,NCOR1,NDUFS3,TGFB1,INS,IFNG,IGF1,IL4,ENO1,FBP1,PARP1,HSPA1A,PRKACA,PFKL,ENPP1,HTR2A,ARL2,STAT3,MTOR,PRKAA2,UCP2,HDAC4,PPP2CA,PPARA,EP300,PRKAA1,HIF1A,PID1,FLCN,KAT2B,BAD,P2RX7,NDUFA13,PPARGC1A"
"GO:BP","membraneless organelle assembly","GO:0140694","0.0007386776774334874","3.1315450249995087","402","1691","53","21017","DDX3X,AURKA,HDAC3,VPS4B,NCOR1,TRIM37,TNKS,BMP10,TNF,CSF2,EDN1,TUBB,TPM1,HSPA1A,MAPT,PRKAR1A,MYL2,TPR,SRC,XRCC5,EZR,PDGFRA,CAPN3,CASQ1,ACTN2,RPS19,MAPK9,PLK1,PRKAA2,CAV3,PTEN,PRKDC,HNRNPU,CENPC,FMR1,C1QBP,PRKAA1,SQSTM1,PRKD1,RC3H1,CLASP1,PSPC1,PIBF1,PROX1,KAT2B,ATXN2,LZTS2,WNK3,WNK1,NOCT,FBXO5,G3BP2,CHMP3"
"GO:BP","regulation of plasma lipoprotein particle levels","GO:0097006","0.0007499152438855657","3.124987818198737","75","1691","16","21017","APOM,APOA1,APOE,APOA2,APOC1,APOC2,MPO,HMOX1,CD36,PRKACA,PRKACB,CSK,NR1H2,ABCC8,ADIPOQ,NR1H4"
"GO:BP","ERAD pathway","GO:0036503","0.0007865219729142752","3.1042891400691452","68","1691","15","21017","PARK2,WFS1,BAG6,UBE2G2,OS9,TRIM25,NFE2L2,YOD1,UBAC2,SVIP,USP13,ERLEC1,DERL3,DERL2,UBE2J1"
"GO:BP","cerebellar cortex development","GO:0021695","0.000798234004446031","3.0978697753884865","54","1691","13","21017","DLL1,WNT7A,SERPINE2,COMT,ARCN1,NAGLU,CDK5,ATP7A,PTPN11,EZH2,LDB1,PROX1,NRXN1"
"GO:BP","nucleoside triphosphate metabolic process","GO:0009141","0.0008145438528661631","3.0890855294707404","271","1691","39","21017","OGT,NCOR1,NDUFS3,ADA,TGFB1,INS,IFNG,TYMS,IGF1,IL4,ENO1,FBP1,PARP1,HSPA1A,RHOQ,PRKACA,PFKL,ENPP1,HTR2A,ARL2,STAT3,MTOR,PRKAA2,UCP2,HDAC4,PPP2CA,PPARA,EP300,PRKAA1,HIF1A,LRRK2,PID1,FLCN,KAT2B,BAD,P2RX7,NDUFA13,PPARGC1A,RAB23"
"GO:BP","protein homooligomerization","GO:0051260","0.0008266125134228092","3.082698024569262","199","1691","31","21017","TRPA1,TRPM2,BCL10,PRNP,SOD2,MAPT,MIF,KCNA2,HLA-G,RYR1,NLRP6,B2M,ASIC1,KCNC4,PKD2,KCNB1,RYR3,SYCP1,CRTC1,KCNRG,TRPV1,PNPT1,PXDN,NLRP3,VPS35,PRMT1,MCOLN1,BCL11A,EVL,PYCARD,G3BP2"
"GO:BP","lipoprotein metabolic process","GO:0042157","0.0008540000860767643","3.0685420855373864","91","1691","18","21017","APOL1,LYPLA1,PPM1B,APOM,APOA1,APOE,APOA2,APOC1,APOD,ITGB3,ITGAV,PPM1A,LEP,PPT1,PPARA,ATM,RAB3GAP1,SVIP"
"GO:BP","glycogen metabolic process","GO:0005977","0.000870114756618545","3.0604234659106293","76","1691","16","21017","POMC,INS,IGF1,NR1D1,COMT,ENPP1,AKT1,IRS1,PPP1CC,GSK3A,GSK3B,PPP1CA,GRB10,DYRK2,INPP5K,IRS2"
"GO:BP","lipid catabolic process","GO:0016042","0.0009114364611885437","3.0402736018494076","348","1691","47","21017","CYP27B1,CIDEA,SGPL1,INS,TNF,IL1B,APOE,APOA2,APOC1,APOC2,FABP1,ADRA2A,SPP1,THRA,CYP19A1,DPEP1,SRD5A1,PLCG1,CNR1,PRDX6,ADORA1,AKT1,IRS1,LEP,CPT1A,PPT1,RAB7A,SESN2,CYP4F2,PRKCE,PPARD,PRKCD,PPARA,PRKAA1,TWIST1,ADIPOQ,CYP1B1,HADH,SMPDL3B,MGST2,ABHD6,PLA2G2F,FGF23,PLCB1,PLA2G2D,PLCL2,IRS2"
"GO:BP","axon ensheathment","GO:0008366","0.0009293799979245403","3.0318066786233184","157","1691","26","21017","ATRN,SOD1,HRAS,TGFB1,TNF,ERBB2,RARA,EGR2,PTN,NF1,ERBB3,KEL,AKT1,CTNNB1,MTOR,ID4,PTEN,ANK2,PPARD,DLG1,EIF2B5,ILK,GPM6B,MTMR2,NTRK2,EIF2B4"
"GO:BP","ensheathment of neurons","GO:0007272","0.0009293799979245403","3.0318066786233184","157","1691","26","21017","ATRN,SOD1,HRAS,TGFB1,TNF,ERBB2,RARA,EGR2,PTN,NF1,ERBB3,KEL,AKT1,CTNNB1,MTOR,ID4,PTEN,ANK2,PPARD,DLG1,EIF2B5,ILK,GPM6B,MTMR2,NTRK2,EIF2B4"
"GO:BP","regulation of microtubule polymerization","GO:0031113","0.0009406040264538185","3.0265931664968795","62","1691","14","21017","ABL1,HSPA1A,MAPT,ARL2,SNCA,CDKN1B,MAP1B,CAV3,PAK1,DYRK1A,DCTN1,CDK5R1,PSRC1,CLASP1"
"GO:BP","mitophagy","GO:0000423","0.0009451788042461632","3.024486026038975","55","1691","13","21017","OGT,PARK2,TP53,SLC25A5,SREBF1,HTT,GSK3A,SREBF2,SQSTM1,HIF1A,PHB2,RNF41,FBXO7"
"GO:BP","ear morphogenesis","GO:0042471","0.0009503445502114907","3.022118911419807","132","1691","23","21017","DVL1,FZD6,NTN1,SOD1,COL2A1,EDN1,BCR,COL11A1,GATA2,MSX1,WNT5A,SOX9,NAGLU,WNT3A,NOG,MYO7A,SCRIB,TWIST1,OSR1,BLOC1S5,PROX1,CHD7,MAFB"
"GO:BP","ribonucleoside triphosphate metabolic process","GO:0009199","0.0009574957021321793","3.0188631667530395","255","1691","37","21017","OGT,NCOR1,NDUFS3,TGFB1,INS,IFNG,IGF1,IL4,ENO1,FBP1,PARP1,HSPA1A,RHOQ,PRKACA,PFKL,ENPP1,HTR2A,ARL2,STAT3,MTOR,PRKAA2,UCP2,HDAC4,PPP2CA,PPARA,EP300,PRKAA1,HIF1A,LRRK2,PID1,FLCN,KAT2B,BAD,P2RX7,NDUFA13,PPARGC1A,RAB23"
"GO:BP","skeletal muscle cell differentiation","GO:0035914","0.0010013726543297852","2.9994042725694583","77","1691","16","21017","MSTN,RB1,EGR2,MYF5,EGR1,SOX11,NOTCH1,EMD,HDAC4,WNT3A,MEF2C,NR1D2,SHH,LEMD2,CITED2,HEYL"
"GO:BP","apical junction assembly","GO:0043297","0.0010013726543297852","2.9994042725694583","77","1691","16","21017","CLDN4,SNAI2,ROCK2,SNAI1,WNT11,TNF,PRKACA,VCL,CTNNA1,ARL2,ACVRL1,CLDN18,DLG1,MARVELD3,GDF2,F11R"
"GO:BP","TOR signaling","GO:0031929","0.0010685138213609585","2.9712198558097156","167","1691","27","21017","OGT,HDAC3,F7,PKHD1,PIM1,SRC,PRKACA,PRKACB,AKT1,LEP,MTOR,GSK3A,PRKAA2,SESN2,EP300,PRKAA1,ATM,GAS6,STK11,HIF1A,SZT2,FLCN,USP7,SIRT1,PRMT1,SH3BP4,SESN1"
"GO:BP","negative regulation of TOR signaling","GO:0032007","0.0010685672286337444","2.971198149114156","70","1691","15","21017","PRKACA,PRKACB,GSK3A,PRKAA2,SESN2,PRKAA1,ATM,STK11,HIF1A,SZT2,FLCN,USP7,SIRT1,SH3BP4,SESN1"
"GO:BP","establishment of protein localization to plasma membrane","GO:0061951","0.0011155608697185331","2.952506727790141","63","1691","14","21017","LYPLA1,RDX,CSK,RAB7A,VAMP2,RACK1,ANK3,SCRIB,VAMP3,PKDCC,RSC1A1,VPS35,BBS2,KIF13A"
"GO:BP","forebrain generation of neurons","GO:0021872","0.001135863328941401","2.944673921316349","56","1691","13","21017","NRP1,SEMA3E,INHBA,GATA2,NKX2-1,PLXNA3,WNT3A,B2M,NHLH2,ATP7A,HES1,METTL3,PROX1"
"GO:BP","glucan metabolic process","GO:0044042","0.0011620454877747086","2.934776871340789","78","1691","16","21017","POMC,INS,IGF1,NR1D1,COMT,ENPP1,AKT1,IRS1,PPP1CC,GSK3A,GSK3B,PPP1CA,GRB10,DYRK2,INPP5K,IRS2"
"GO:BP","fear response","GO:0042596","0.001347354921816042","2.8705179868438413","50","1691","12","21017","APOE,CRH,ADRB1,ADRA2A,BCL2,DRD1,DRD4,COMT,HTR2C,ASIC1,MEF2C,NPAS2"
"GO:BP","neuromuscular junction development","GO:0007528","0.001351067303243379","2.8693230161155183","57","1691","13","21017","FZD9,DVL1,UNC13B,KALRN,ERBB2,F2R,NEDD4,ANK3,DCTN1,SLC18A3,LRRK2,UNC13C,UNC13A"
"GO:BP","protein localization to microtubule cytoskeleton","GO:0072698","0.001351067303243379","2.8693230161155183","57","1691","13","21017","DVL1,AURKA,DIAPH1,RAB11FIP3,ABL1,TTK,GSK3B,HNRNPU,STK3,DCTN2,PIBF1,BBS4,MID2"
"GO:BP","dendritic spine morphogenesis","GO:0060997","0.001351067303243379","2.8693230161155183","57","1691","13","21017","WASL,WNT7A,DVL1,KALRN,PTEN,DLG4,CDK5,CDK5R1,LRRK2,CAPRIN2,NLGN1,DTNBP1,SRCIN1"
"GO:BP","purine ribonucleotide metabolic process","GO:0009150","0.0014281531046869988","2.845225231665982","346","1691","46","21017","PDE2A,CASK,OGT,NCOR1,NDUFS3,PDE5A,ADA,TGFB1,INS,IFNG,IGF1,IL4,ENO1,FBP1,PARP1,HSPA1A,RHOQ,PRKACA,PFKL,NPR2,ENPP1,NPPC,HTR2A,ARL2,STAT3,MTOR,PRKAA2,UCP2,HDAC4,PPP2CA,PPARA,PDE4D,ADCY1,EP300,DLG1,PRKAA1,HIF1A,LRRK2,PID1,FLCN,KAT2B,BAD,P2RX7,NDUFA13,PPARGC1A,RAB23"
"GO:BP","protein localization to mitochondrion","GO:0070585","0.0014789038702602809","2.8300600545171855","128","1691","22","21017","AP3B1,LEPROT,PARK2,BAG4,ISG15,MAPT,DNAJA1,AKT1,SREBF1,GSK3A,BAX,SREBF2,PRKAA1,LRRK2,SARM1,MAVS,SIAH3,IMMP2L,HPS4,NDUFA13,FBXO7,SIRT4"
"GO:BP","regulation of DNA replication","GO:0006275","0.0014789038702602809","2.8300600545171855","128","1691","22","21017","EREG,HCRT,NBN,EGFR,TP53,PPP2R1A,ACVRL1,BCL6,CDKN1B,TERF1,PPP2CA,ID3,DHX9,JADE1,ING5,GTPBP4,TSPYL2,DACH1,GDF2,FBXO5,FAF1,TIMELESS"
"GO:BP","regulation of actin polymerization or depolymerization","GO:0008064","0.0015433688536840987","2.8115302683789354","154","1691","25","21017","CCL21,SLIT2,BAG4,ALOX15,FER,CORO1A,CCR7,PFN2,RDX,ACTN2,MTOR,WAS,CXCL12,F2RL1,ARF6,PRKCE,PRKCD,DMTN,DLG1,SEMA5A,PTK2B,BBS4,EVL,PYCARD,ARFGEF1"
"GO:BP","cellular response to amino acid stimulus","GO:0071230","0.0015482971234890182","2.810145693065651","88","1691","17","21017","IPO5,EGFR,TNF,COL3A1,PDGFRA,CEBPB,MTOR,SESN2,ATP7A,BCL2L1,EP300,HNRNPD,NTRK2,PRMT1,BCL11A,SH3BP4,SESN1"
"GO:BP","energy derivation by oxidation of organic compounds","GO:0015980","0.0015594769232138285","2.807021047450631","338","1691","45","21017","NDUFS3,POMC,INS,TNF,IFNG,CAT,SOD2,TP53,IGF1,IL4,ADRB3,NR1D1,COMT,ENPP1,MT3,AKT1,NOS2,IRS1,ARL2,PPP1CC,SNCA,LEP,MTOR,MSH2,IDH2,GSK3A,GSK3B,PPP1CA,BLOC1S1,ATP7A,GFPT1,GRB10,HIF1A,PID1,ADGRF5,FLCN,PNPT1,DYRK2,IMMP2L,PARK7,MYBBP1A,INPP5K,NDUFA13,PPARGC1A,IRS2"
"GO:BP","cellular response to amino acid starvation","GO:0034198","0.0015719243346232236","2.803568362779107","51","1691","12","21017","ATF4,EIF2AK2,FAS,MTOR,MAPK8,UCP2,SESN2,PRKD1,SZT2,FLCN,EIF2AK4,SESN1"
"GO:BP","myelination","GO:0042552","0.0016880296990976523","2.772619916690955","155","1691","25","21017","ATRN,SOD1,HRAS,TGFB1,TNF,ERBB2,RARA,EGR2,PTN,NF1,ERBB3,KEL,AKT1,CTNNB1,MTOR,ID4,PTEN,ANK2,DLG1,EIF2B5,ILK,GPM6B,MTMR2,NTRK2,EIF2B4"
"GO:BP","tight junction organization","GO:0120193","0.0017069926173598202","2.7677683571786615","81","1691","16","21017","CLDN4,SNAI2,ROCK2,SNAI1,WNT11,TNF,TGFB3,PRKACA,ARL2,ACVRL1,CLDN18,ABCC8,DLG1,MARVELD3,GDF2,F11R"
"GO:BP","fibroblast growth factor receptor signaling pathway","GO:0008543","0.0017069926173598202","2.7677683571786615","81","1691","16","21017","SPRY1,THBS1,FGF4,FGF2,FGF6,FGFR3,CTNNB1,WNT5A,WNT4,PTPN11,NOG,SETX,SULF1,FUZ,FGF23,NRXN1"
"GO:BP","regulation of DNA-templated transcription initiation","GO:2000142","0.0019416850768083176","2.711821207226743","82","1691","16","21017","MITF,MYC,TP53,JUN,ERCC1,HMGB1,THRA,CDK4,NFKB1,NFKBIA,HNF1B,TWIST1,TAF3,SETX,CTNNBIP1,MED13"
"GO:BP","TORC1 signaling","GO:0038202","0.0019878233643162184","2.7016222091293183","98","1691","18","21017","OGT,PIM1,SRC,PRKACA,PRKACB,AKT1,MTOR,PRKAA2,SESN2,EP300,PRKAA1,ATM,STK11,SZT2,FLCN,USP7,PRMT1,SESN1"
"GO:BP","cell recognition","GO:0008037","0.0020196014680598545","2.6947343222852944","157","1691","25","21017","CCL21,FCN1,NRP1,NCR3,FCN3,CRTAM,C4BPA,MBL2,CD36,LBP,C4BPB,CNR1,ZP3,CCR7,CASP3,ZP2,ZP4,OVGP1,DLG1,SEMA5A,CDK5R1,HAVCR2,CCL19,RTN4,ROBO1"
"GO:BP","regulation of actin filament length","GO:0030832","0.0020196014680598545","2.6947343222852944","157","1691","25","21017","CCL21,SLIT2,BAG4,ALOX15,FER,CORO1A,CCR7,PFN2,RDX,ACTN2,MTOR,WAS,CXCL12,F2RL1,ARF6,PRKCE,PRKCD,DMTN,DLG1,SEMA5A,PTK2B,BBS4,EVL,PYCARD,ARFGEF1"
"GO:BP","Golgi to plasma membrane transport","GO:0006893","0.00214139914075235","2.6693023759236025","60","1691","13","21017","CCDC22,LYPLA1,CSK,VAMP2,RACK1,ANK3,VAMP3,PKDCC,COMMD1,RSC1A1,BBS2,KIF13A,GOPC"
"GO:BP","regulation of lyase activity","GO:0051339","0.0022241969116748605","2.6528267666096763","53","1691","12","21017","ADRB2,ADRB3,DRD2,ADCYAP1,NF1,DRD1,EDNRB,NOS3,AVPR2,CCR2,PARK7,PHPT1"
"GO:BP","negative regulation of autophagy","GO:0010507","0.0022534064306033797","2.647160470659924","91","1691","17","21017","TP53,HMOX1,BCL2,TRIM27,IL10,AKT1,SNCA,STAT3,LEP,MTOR,BCL2L1,EP300,LRRK2,RUBCN,WNK1,RNF41,PTPN22"
"GO:BP","retina morphogenesis in camera-type eye","GO:0060042","0.002344138861819747","2.630016665206933","68","1691","14","21017","DLL1,PRDM1,RBP4,THY1,PTPRM,STAT3,NOTCH1,SOX9,NAGLU,IHH,NTRK2,RORB,PROX1,BBS4"
"GO:BP","glycerolipid metabolic process","GO:0046486","0.0023466380605951273","2.629553889697468","394","1691","50","21017","SOCS6,PLSCR1,SYNJ1,SOCS5,DGKI,PDGFB,APOA1,APOE,APOA2,APOC1,APOC2,APOH,ANG,CAT,PDGFA,GPX1,ALOX15,PLCG1,PIK3R1,ITPKB,HTR2A,CHAT,HTR2C,PRDX6,SREBF1,HTR2B,CPT1A,NR1H2,CAV3,SIK1,RAB38,PTEN,PTPN11,NR1H3,ATM,MTMR2,RGN,INPP5D,SIRT1,NR1H4,PHB2,INPP5K,ABHD6,OSBPL8,PLA2G2F,SLA2,PLCB1,IP6K2,PLA2G2D,PCYT1B"
"GO:BP","fatty acid biosynthetic process","GO:0006633","0.0024235381307265683","2.615550142917139","159","1691","25","21017","ALOX15B,HPGDS,IL1B,APOC1,APOC2,ANXA1,CD74,EDN1,GSTP1,GSTM1,CEACAM1,MIF,ALOX15,PTGS1,GSTM2,PTGS2,PRKAA2,NR1H2,PRKAA1,NR1H3,RGN,LTC4S,PIBF1,KAT2B,SIRT1"
"GO:BP","protein-containing complex disassembly","GO:0032984","0.002433335491165283","2.6137980094756066","250","1691","35","21017","SLN,SYNJ1,VPS4B,PEX14,SNAPIN,APC2,MYC,TNF,ADRB2,ATP2A2,TRIM21,RDX,ACTN2,MAP1B,GSK3B,SMARCA4,NAPA,F2RL1,CLTC,DMTN,SEMA5A,ARID2,SETX,CLASP1,RUBCN,VPS33A,C16ORF45,PPP1R9B,CIB1,VAMP8,MCOLN1,WNK1,UBQLN1,CHMP3,IRAK3"
"GO:BP","ribose phosphate metabolic process","GO:0019693","0.002434726291151765","2.6135498545412594","375","1691","48","21017","PDE2A,CASK,OGT,NCOR1,NDUFS3,PDE5A,ADA,TGFB1,INS,IFNG,IGF1,IL4,ENO1,FBP1,PARP1,HSPA1A,G6PD,RHOQ,PRKACA,PFKL,NPR2,ENPP1,NPPC,HTR2A,CDA,ARL2,STAT3,MTOR,PRKAA2,UCP2,HDAC4,PPP2CA,PPARA,PDE4D,ADCY1,EP300,DLG1,PRKAA1,HIF1A,LRRK2,PID1,FLCN,KAT2B,BAD,P2RX7,NDUFA13,PPARGC1A,RAB23"
"GO:BP","actin filament polymerization","GO:0030041","0.0024619649968402966","2.60871812597301","168","1691","26","21017","WASL,CCL21,DIAPH1,SLIT2,BAG4,ABL1,ANG,ALOX15,FER,CORO1A,CCR7,PFN2,RDX,MTOR,WAS,AIF1,ARF6,PRKCE,PRKCD,DMTN,DLG1,PTK2B,BBS4,EVL,PYCARD,ARFGEF1"
"GO:BP","heterochromatin formation","GO:0031507","0.0024673351051429835","2.607771862090719","108","1691","19","21017","SUV39H1,RB1,HMGB1,TPR,BCL6,HMGA2,HNRNPU,CBX3,HDAC1,DYRK1A,EZH2,METTL3,PIWIL2,HDAC2,SIRT1,MAEL,RBM15,TEX15,RLIM"
"GO:BP","multicellular organismal movement","GO:0050879","0.0025020158856381702","2.6017099372392827","61","1691","13","21017","TNF,DMD,NPPC,GSTM2,CASQ1,DRD3,MTOR,CAV3,GSTO1,ITPR1,PRKD1,JSRP1,VPS35"
"GO:BP","membrane assembly","GO:0071709","0.0025020158856381702","2.6017099372392827","61","1691","13","21017","HDAC3,VPS4B,STX2,EMP2,CAV3,PTEN,ANK3,NLGN1,NRXN2,NRXN1,PACSIN2,CHMP3,MAFB"
"GO:BP","detection of external stimulus","GO:0009581","0.002511563260547724","2.6000558784796275","142","1691","23","21017","TRPA1,TNF,SERPINE2,NR2F6,KIT,COL11A1,COMT,HTR2A,GNA11,ADORA1,NTSR1,CTNNB1,CXCL12,CAV3,PKD1,PTK2,FOXF1,UNC119,PKD2,RPE65,TRPV1,SEMA5B,OPN4"
"GO:BP","peripheral nervous system development","GO:0007422","0.002539056618717642","2.595327614635343","92","1691","17","21017","SOD1,HRAS,ERBB2,EGR2,DMD,GSTM3,NF1,ERBB3,EDNRB,AKT1,GDNF,CDK5,NHLH2,EGR3,ILK,NTRK2,CITED2"
"GO:BP","regulation of TORC1 signaling","GO:1903432","0.002539056618717642","2.595327614635343","92","1691","17","21017","OGT,PIM1,SRC,PRKACA,PRKACB,AKT1,PRKAA2,SESN2,EP300,PRKAA1,ATM,STK11,SZT2,FLCN,USP7,PRMT1,SESN1"
"GO:BP","response to amino acid starvation","GO:1990928","0.002625955688486812","2.5807126066578223","54","1691","12","21017","ATF4,EIF2AK2,FAS,MTOR,MAPK8,UCP2,SESN2,PRKD1,SZT2,FLCN,EIF2AK4,SESN1"
"GO:BP","negative regulation of ubiquitin-dependent protein catabolic process","GO:2000059","0.002625955688486812","2.5807126066578223","54","1691","12","21017","OGT,HSP90AB1,PML,CDKN2A,BAG6,CSNK2A1,SHH,HFE,CCAR2,USP7,PARK7,SUFU"
"GO:BP","ribonucleotide metabolic process","GO:0009259","0.0026679092131022945","2.5738289532110925","367","1691","47","21017","PDE2A,CASK,OGT,NCOR1,NDUFS3,PDE5A,ADA,TGFB1,INS,IFNG,IGF1,IL4,ENO1,FBP1,PARP1,HSPA1A,RHOQ,PRKACA,PFKL,NPR2,ENPP1,NPPC,HTR2A,CDA,ARL2,STAT3,MTOR,PRKAA2,UCP2,HDAC4,PPP2CA,PPARA,PDE4D,ADCY1,EP300,DLG1,PRKAA1,HIF1A,LRRK2,PID1,FLCN,KAT2B,BAD,P2RX7,NDUFA13,PPARGC1A,RAB23"
"GO:BP","bicellular tight junction assembly","GO:0070830","0.0026771640676782208","2.572325012636786","69","1691","14","21017","CLDN4,SNAI2,ROCK2,SNAI1,WNT11,TNF,PRKACA,ARL2,ACVRL1,CLDN18,DLG1,MARVELD3,GDF2,F11R"
"GO:BP","autophagy of mitochondrion","GO:0000422","0.0026771640676782208","2.572325012636786","69","1691","14","21017","OGT,PARK2,TP53,SLC25A5,SREBF1,HTT,GSK3A,SREBF2,SQSTM1,HIF1A,PARK7,PHB2,RNF41,FBXO7"
"GO:BP","nucleotide metabolic process","GO:0009117","0.002789806798146682","2.554425871781636","498","1691","60","21017","PDE2A,CASK,OGT,NCOR1,NDUFS3,PDE5A,ADA,TGFB1,INS,IFNG,TP53,TYMS,IGF1,IL4,ENO1,FBP1,PARP1,HSPA1A,G6PD,IDO1,NQO1,RHOQ,PRKACA,PFKL,NPR2,ENPP1,NPPC,HTR2A,CD38,NOS3,CDA,ARL2,STAT3,MTOR,NAMPT,IDH2,PRKAA2,UCP2,HDAC4,PPP2CA,PPARA,PDE4D,ADCY1,EP300,DLG1,PRKAA1,HIF1A,PARP10,LRRK2,SARM1,PID1,FLCN,KAT2B,BAD,PARK7,P2RX7,NDUFA13,PPARGC1A,NOCT,RAB23"
"GO:BP","DNA geometric change","GO:0032392","0.002836061370179834","2.547284375589789","85","1691","16","21017","HFM1,DDX3X,NBN,ANXA1,HMGB1,TOP2A,XRCC5,RAD51,DHX9,SETX,FANCM,RAD50,BRIP1,PIF1,RTEL1,RAD54B"
"GO:BP","detection of mechanical stimulus","GO:0050982","0.0030426370409704145","2.516749851948541","55","1691","12","21017","TRPA1,TNF,SERPINE2,KIT,COL11A1,HTR2A,CTNNB1,CXCL12,CAV3,PKD1,PTK2,PKD2"
"GO:BP","vacuolar transport","GO:0007034","0.0031069361278929087","2.50766767483926","171","1691","26","21017","AP3B1,LEPROT,PARK2,VPS4B,LEPROTL1,SNAPIN,ADRB2,HSPA1A,LAMP1,NEDD4,RAB7A,RHOB,LRP1,SQSTM1,LRRK2,PXK,TPCN2,RAB7B,VPS33A,VPS35,LYST,NDFIP1,KIF13A,PTPN23,NDFIP2,CHMP3"
"GO:BP","modified amino acid metabolic process","GO:0006575","0.003111206054413721","2.5070712247217717","180","1691","27","21017","PLSCR1,ARL6IP5,DHFR,GSR,SOD1,SOD2,TYMS,TPO,GPX1,GSTA1,GSTP1,GSTM1,G6PD,DPEP1,GSTM3,GSTM2,GCH1,CPT1A,GSTO1,NFE2L2,PARK7,MGST2,OSBPL8,PLA2G2F,EGLN1,DUOX2,DUOX1"
"GO:BP","detection of abiotic stimulus","GO:0009582","0.003252356958131392","2.4878017950462525","145","1691","23","21017","TRPA1,TNF,SERPINE2,NR2F6,KIT,COL11A1,COMT,HTR2A,GNA11,ADORA1,NTSR1,CTNNB1,CXCL12,CAV3,PKD1,PTK2,UNC119,PKD2,RPE65,TRPV1,SEMA5B,OPN4,TIMELESS"
"GO:BP","sensory perception of mechanical stimulus","GO:0050954","0.0033509249554768447","2.4748352981531636","190","1691","28","21017","SNAI2,DIAPH1,TRPA1,WFS1,SOD1,TNF,COL2A1,SERPINE2,GPX1,KIT,COL11A1,KCNE1,CHRNB2,RAB3A,NPR2,HTR2A,CASP3,CDKN1B,CXCL12,CDKN2D,SLC26A5,MYO7A,GRM7,SPNS2,TRPV1,OTOF,CHD7,FZD4"
"GO:BP","amide metabolic process","GO:0043603","0.0034575196720080365","2.461235340236661","452","1691","55","21017","ROCK2,ATP6AP2,ARL6IP5,SGPL1,DHFR,GSR,SOD1,ADA,TNF,IFNG,APOE,HMGCR,PRNP,SOD2,TP53,IGF1,GPX1,GSTA1,CTSG,GSTP1,GSTM1,CTSH,G6PD,DPEP1,CD36,ATF4,PAM,GSTM3,GSTM2,PPP2R1A,SNCA,MTOR,CASP3,GSK3A,PPT1,HAP1,NAGLU,PPP2CA,GSTO1,PRKCD,LRP1,PRKAA1,PICALM,PIN1,DYRK1A,NFE2L2,AANAT,NTRK2,SMPDL3B,CERS2,NR1H4,P2RX7,MGST2,RTN4,VAPA"
"GO:BP","monocarboxylic acid biosynthetic process","GO:0072330","0.0034588215943393433","2.46107183827247","218","1691","31","21017","ALOX15B,HPGDS,IL1B,APOC1,APOC2,ANXA1,CD74,EDN1,GSTP1,GSTM1,CEACAM1,MIF,IDO1,ALOX15,NR1D1,PTGS1,GSTM2,PTGS2,STAR,PRKAA2,NR1H2,PRKAA1,NR1H3,RGN,LTC4S,PIBF1,PROX1,KAT2B,SIRT1,NR1H4,PARK7"
"GO:BP","intracellular iron ion homeostasis","GO:0006879","0.0035063109889292526","2.4551495671965347","71","1691","14","21017","SOD1,MYC,IFNG,HMOX1,SRI,NAGLU,B2M,HAMP,PICALM,HIF1A,HFE,NDFIP1,EGLN1,GDF2"
"GO:BP","mitotic cell cycle checkpoint signaling","GO:0007093","0.0035680842858855266","2.447564895197641","146","1691","23","21017","EME2,XRCC3,NBN,TP53,TPR,PML,TTK,CASP2,MSH2,CDKN1B,PLK1,PRKDC,ATM,TRIP13,BRSK1,RAD50,EME1,CDK5RAP3,MUS81,BARD1,FANCD2,MAD2L2,MAD1L1"
"GO:BP","DNA duplex unwinding","GO:0032508","0.003593311496069477","2.4445051331542884","79","1691","15","21017","HFM1,DDX3X,NBN,ANXA1,TOP2A,XRCC5,RAD51,DHX9,SETX,FANCM,RAD50,BRIP1,PIF1,RTEL1,RAD54B"
"GO:BP","regulation of mRNA stability","GO:0043488","0.0036644775565761708","2.4359879338385237","173","1691","26","21017","MEIOC,ROCK2,HNRNPC,SCGB1A1,ZFP36,APEX1,AKT1,GDNF,TIRAP,HNRNPU,PRKCD,RNASEL,FMR1,ZFP36L1,DHX9,TARDBP,HNRNPD,ZC3H12A,RC3H1,METTL3,PIAS4,PIWIL2,PNPT1,NOCT,AXIN2,THRAP3"
"GO:BP","regulation of dendrite morphogenesis","GO:0048814","0.0038390090521980935","2.4157808638359564","64","1691","13","21017","KALRN,CHRNB2,CHRNA3,NEDD4,GSK3B,PPP3CA,STK11,CAPRIN2,SARM1,SEMA4D,ANKRD27,NEDD4L,FZD4"
"GO:BP","regulation of G2/M transition of mitotic cell cycle","GO:0010389","0.0038506561801759332","2.4144652572065106","104","1691","18","21017","AURKA,RAD51B,RAD51C,NBN,VPS4B,CDK4,CDC25B,CDKN2A,PLK1,HSPA2,PKIA,ATM,BRSK1,RAD50,CDK5RAP3,BARD1,RCC2,FBXO5"
"GO:BP","regulation of microtubule polymerization or depolymerization","GO:0031110","0.003973595760184833","2.40081631640354","96","1691","17","21017","APC2,ABL1,HSPA1A,MAPT,ARL2,SNCA,CDKN1B,MAP1B,CAV3,PAK1,DYRK1A,DCTN1,CDK5R1,PSRC1,CLASP1,C16ORF45,CIB1"
"GO:BP","sister chromatid cohesion","GO:0007062","0.00412805098505783","2.384254947429165","57","1691","12","21017","MEIKIN,RAD51C,REC8,TNKS,RB1,PPP2R1A,CTNNB1,PLK1,ESPL1,HORMAD1,PHB2,AXIN2"
"GO:BP","negative regulation of small GTPase mediated signal transduction","GO:0051058","0.00412805098505783","2.384254947429165","57","1691","12","21017","SPRY1,SLIT2,FBP1,NF1,BCL6,TGFB2,RASA3,DAB2IP,SCAI,FLCN,DLC1,RABGEF1"
"GO:BP","keratinocyte proliferation","GO:0043616","0.00412805098505783","2.384254947429165","57","1691","12","21017","OVOL1,CASK,EREG,SNAI2,CDH3,ZFP36,SLURP1,PPARD,ZFP36L1,PRKD1,PTPRK,HAS2"
"GO:BP","fertilization","GO:0009566","0.004340715057825355","2.3624387220801455","212","1691","30","21017","AP3B1,UNC13B,REC8,SPINK1,WEE2,CD46,RAB3A,NPR2,ZP3,HOXA9,STX2,FOXL2,STXBP1,ZP2,BAX,BCL2L1,ZP4,OVGP1,SPINK13,SYT6,RIMS1,TEX11,MEIOB,SPATA22,NECTIN2,MAEL,PARK7,SYCP2,PLCB1,DUOX2"
"GO:BP","coronary vasculature development","GO:0060976","0.004369708552720159","2.3595475282850407","50","1691","11","21017","NRP1,PRDM1,FGF2,BMP4,VEGFA,NOTCH1,GPC3,ARID2,GPER1,TBX5,SUFU"
"GO:BP","regulation of cyclase activity","GO:0031279","0.004369708552720159","2.3595475282850407","50","1691","11","21017","ADRB2,ADRB3,DRD2,ADCYAP1,NF1,DRD1,EDNRB,NOS3,AVPR2,CCR2,MAPK8"
"GO:BP","cardiac muscle cell action potential involved in contraction","GO:0086002","0.004369708552720159","2.3595475282850407","50","1691","11","21017","KCNE1,GJA1,CAV3,FGF12,ANK2,KCNH2,DLG1,RYR2,NEDD4L,PKP2,KCNE5"
"GO:BP","cholesterol homeostasis","GO:0042632","0.004525195065923383","2.3443626950823813","89","1691","16","21017","APOM,APOA1,APOE,APOA2,APOC2,NR1D1,HNF4A,NR1H2,CAV3,SREBF2,NR1H3,SIRT1,NR1H4,ABCG8,ABCG5,MED13"
"GO:BP","spermatid differentiation","GO:0048515","0.004544516349871507","2.3425123297706567","222","1691","31","21017","MEIOC,REC8,SPINK1,SEMG1,KIT,PRKACA,FSHR,PLN,SMARCA2,HSPA2,UBE2B,SEMG2,OCA2,BAX,PRKG1,DMC1,SYCP1,TRIP13,BRDT,SYCP3,NECTIN2,BBS4,SRPK1,CIB1,BRIP1,BBS2,ING2,CCNB1IP1,SUFU,UBE2J1,SPO11"
"GO:BP","chromosome separation","GO:0051304","0.004572921389124201","2.3398062643011506","81","1691","15","21017","PLSCR1,XRCC3,RB1,TPR,PPP2R1A,TTK,PLK1,CSNK2A1,ATM,ESPL1,TRIP13,M1AP,MAD2L2,FBXO5,MAD1L1"
"GO:BP","spermatid development","GO:0007286","0.004879325093991965","2.3116402452566005","214","1691","30","21017","MEIOC,REC8,SPINK1,SEMG1,KIT,PRKACA,FSHR,PLN,SMARCA2,HSPA2,UBE2B,SEMG2,OCA2,PRKG1,DMC1,SYCP1,TRIP13,BRDT,SYCP3,NECTIN2,BBS4,SRPK1,CIB1,BRIP1,BBS2,ING2,CCNB1IP1,SUFU,UBE2J1,SPO11"
"GO:BP","membrane biogenesis","GO:0044091","0.00493256793865146","2.306926924285961","66","1691","13","21017","HDAC3,VPS4B,STX2,EMP2,CAV3,PTEN,ANK3,NLGN1,NRXN2,NRXN1,PACSIN2,CHMP3,MAFB"
"GO:BP","sterol homeostasis","GO:0055092","0.004952815982897052","2.3051478075105782","90","1691","16","21017","APOM,APOA1,APOE,APOA2,APOC2,NR1D1,HNF4A,NR1H2,CAV3,SREBF2,NR1H3,SIRT1,NR1H4,ABCG8,ABCG5,MED13"
"GO:BP","lamellipodium organization","GO:0097581","0.004952815982897052","2.3051478075105782","90","1691","16","21017","MSTN,SLIT2,HRG,KIT,SRC,FER,VCL,PIK3R1,MTOR,WAS,ATP7A,DMTN,CORO1B,PHPT1,PLXNB3,CORO1C"
"GO:BP","response to exogenous dsRNA","GO:0043330","0.005016198083107113","2.2996253221171687","51","1691","11","21017","TLR3,IFNA2,IFNB1,IFIT1,NFKBIA,DHX9,MAVS,TICAM2,TICAM1,MUL1,IRAK3"
"GO:BP","protein K48-linked ubiquitination","GO:0070936","0.00503807854205985","2.2977350662707554","82","1691","15","21017","TRIM38,PARK2,TRIM21,TNFAIP3,UBE2G2,UBE2B,TRIM32,NMI,TRIM25,PELI1,NEDD4L,TRIM31,RNF6,BTRC,FBXO7"
"GO:BP","photoreceptor cell differentiation","GO:0046530","0.005038804907995442","2.2976724562942126","74","1691","14","21017","PRDM1,THY1,TH,VEGFA,STAT3,NOTCH1,SOX9,NAGLU,MYO7A,IHH,NTRK2,RORB,NKD1,BBS4"
"GO:BP","establishment of chromosome localization","GO:0051303","0.005297989479637651","2.2758889084283407","116","1691","19","21017","MEIOC,VPS4B,SUN1,RB1,TERF1,UBE2B,HNRNPU,CENPC,ATM,DCTN2,MAJIN,PSRC1,TERB1,PIBF1,KAT2B,RCC2,CHMP3,SPO11,MAD1L1"
"GO:BP","regulation of dendritic spine development","GO:0060998","0.005340766075161714","2.2723964436543937","59","1691","12","21017","KALRN,APOE,SRGAP2C,PTEN,ARF6,MEF2C,FMR1,CAPRIN2,NLGN1,HDAC2,DTNBP1,ZMYND8"
"GO:BP","musculoskeletal movement","GO:0050881","0.005340766075161714","2.2723964436543937","59","1691","12","21017","TNF,DMD,GSTM2,CASQ1,DRD3,MTOR,CAV3,GSTO1,ITPR1,PRKD1,JSRP1,VPS35"
"GO:BP","alcohol metabolic process","GO:0006066","0.005548620646262724","2.255814966457523","352","1691","44","21017","APOL1,CYP27B1,SYNJ1,DHFR,SOD1,APOA1,APOE,APOA2,APOC1,RBP4,HMGCR,CAT,IGF1,IL4,G6PD,NFKB1,BMP5,EDNRB,ITPKB,GCH1,NTSR1,SREBF1,SNCA,LEP,P2RY1,IDH2,STAR,PRKAA2,WNT4,DAB2,PPARD,SREBF2,REST,PRKAA1,PRKG1,RPE65,CYP1B1,TKFC,NR1H4,PARK7,GPER1,GFI1,PLCB1,IP6K2"
"GO:BP","tight junction assembly","GO:0120192","0.005636990133080212","2.248952725362989","75","1691","14","21017","CLDN4,SNAI2,ROCK2,SNAI1,WNT11,TNF,PRKACA,ARL2,ACVRL1,CLDN18,DLG1,MARVELD3,GDF2,F11R"
"GO:BP","protein-lipid complex organization","GO:0071825","0.0057921337553563474","2.237161417711727","52","1691","11","21017","APOM,APOA1,APOE,APOA2,APOC1,APOC2,MPO,PRKACA,PRKACB,NR1H2,NR1H4"
"GO:BP","negative regulation of mRNA metabolic process","GO:1903312","0.00585554248459967","2.232432863673707","100","1691","17","21017","MEIOC,BAG4,HNRNPC,ZFP36,GDNF,TIRAP,HNRNPU,FMR1,C1QBP,DHX9,TARDBP,DYRK1A,HNRNPD,BARD1,NOCT,AXIN2,THRAP3"
"GO:BP","anterior/posterior axis specification","GO:0009948","0.006151905704785199","2.210990329937007","60","1691","12","21017","AURKA,BMP4,WT1,CTNNB1,WNT5A,GPC3,WNT3,SHH,NRARP,LDB1,NODAL,FOXA2"
"GO:BP","protein homotetramerization","GO:0051289","0.006151905704785199","2.210990329937007","60","1691","12","21017","TRPA1,TRPM2,SOD2,RYR1,B2M,PKD2,RYR3,SYCP1,CRTC1,TRPV1,MCOLN1,EVL"
"GO:BP","positive regulation of organelle assembly","GO:1902117","0.006261682790415665","2.2033089370163674","84","1691","15","21017","SDCBP,VPS4B,TNF,CSF2,SRC,SDC4,HTT,MAPK9,GSK3B,HAP1,RAB3GAP1,LRSAM1,BBS4,FUZ,G3BP2"
"GO:BP","regulation of mRNA catabolic process","GO:0061013","0.006354088216711303","2.196946759958198","190","1691","27","21017","MEIOC,ROCK2,HNRNPC,SCGB1A1,ZFP36,APEX1,AKT1,GDNF,TIRAP,HNRNPU,PRKCD,RNASEL,FMR1,ZFP36L1,DHX9,TARDBP,HNRNPD,ZC3H12A,RC3H1,ZC3HAV1,METTL3,PIAS4,PIWIL2,PNPT1,NOCT,AXIN2,THRAP3"
"GO:BP","cell cycle G2/M phase transition","GO:0044839","0.006701102961285532","2.1738537091533807","154","1691","23","21017","AURKA,RAD51B,RAD51C,NBN,VPS4B,TP53,CDK4,CDC25B,CDKN2A,PLK1,HSPA2,PKIA,ATM,USP17L2,BRSK1,RAD50,CDK5RAP3,BARD1,PLCB1,RCC2,FBXO5,ING4,ATF5"
"GO:BP","blastocyst development","GO:0001824","0.007034215054511353","2.1527843582880726","119","1691","19","21017","RAD51B,KLF4,NBN,HAND1,ADA,IGF1,ZP3,HNF1B,PPP1CC,BRCA2,GABPA,CTR9,HORMAD1,ACVR1C,NODAL,CITED2,SOX17,CCNB1IP1,RTN4"
"GO:BP","midbrain development","GO:0030901","0.007564058080741622","2.121245145077031","94","1691","16","21017","FZD6,NDUFS3,FGF2,G6PD,MSX1,CTNNB1,WNT5A,WNT3,WNT3A,EN1,HES1,SHH,SFRP1,SFRP2,FZD1,PADI2"
"GO:BP","establishment of protein localization to mitochondrion","GO:0072655","0.007725775998290041","2.112057887974381","120","1691","19","21017","AP3B1,LEPROT,PARK2,BAG4,MAPT,DNAJA1,AKT1,SREBF1,GSK3A,BAX,SREBF2,PRKAA1,LRRK2,SIAH3,IMMP2L,HPS4,NDUFA13,FBXO7,SIRT4"
"GO:BP","estrogen receptor signaling pathway","GO:0030520","0.007809799452943878","2.107360118183916","54","1691","11","21017","FOXH1,UFL1,ESR1,PARP1,SRC,FSHR,DEFA3,PAK1,ESR2,PHB2,PADI2"
"GO:BP","regulation of mitotic sister chromatid segregation","GO:0033047","0.007809799452943878","2.107360118183916","54","1691","11","21017","XRCC3,TPR,TTK,PLK1,HNRNPU,ATM,TRIP13,KAT2B,MAD2L2,FBXO5,MAD1L1"
"GO:BP","regulation of chromosome segregation","GO:0051983","0.00785672144651965","2.1047586441293737","129","1691","20","21017","PLSCR1,XRCC3,RB1,TPR,TTK,SMARCA2,SMARCA4,PLK1,CSNK2A1,HNRNPU,ATM,ESPL1,TRIP13,ARID2,HORMAD1,KAT2B,RCC2,MAD2L2,FBXO5,MAD1L1"
"GO:BP","cytosolic transport","GO:0016482","0.007919254734127584","2.101315687108133","138","1691","21","21017","RAB29,SYT7,PARK2,SNX3,BAIAP3,LAMP1,TRIM27,RAB7A,CLTC,DCTN1,VAMP3,LRRK2,AP1AR,TBC1D10C,TPCN2,USP7,RAB7B,VPS35,SYT4,MAGEL2,SNX12"
"GO:BP","extracellular matrix disassembly","GO:0022617","0.008119125801149247","2.090490729401129","62","1691","12","21017","PLG,TGFB1,IL6,ELANE,CTSG,MMP7,ENG,MMP14,LRP1,ADAM15,CLASP1,MMP19"
"GO:BP","mitotic sister chromatid separation","GO:0051306","0.008119125801149247","2.090490729401129","62","1691","12","21017","XRCC3,RB1,TPR,PPP2R1A,TTK,PLK1,ATM,ESPL1,TRIP13,MAD2L2,FBXO5,MAD1L1"
"GO:BP","positive regulation of DNA recombination","GO:0045911","0.00819176532101549","2.086622497926824","70","1691","13","21017","TGFB1,IL4,PTPRC,PARP1,TNFSF4,STAT6,WAS,MSH2,UBE2B,ARID2,PIAS4,MAD2L2,TIMELESS"
"GO:BP","negative regulation of proteolysis involved in protein catabolic process","GO:1903051","0.00819176532101549","2.086622497926824","70","1691","13","21017","OGT,PRKCG,HSP90AB1,PML,CDKN2A,BAG6,CSNK2A1,SHH,HFE,CCAR2,USP7,PARK7,SUFU"
"GO:BP","microtubule-based transport","GO:0099111","0.008482773546036815","2.0714621266585196","213","1691","29","21017","RAB27B,AP3B1,PEX14,SUN1,RASGRP1,SNAPIN,SOD1,MAPT,LAMP1,HTT,MAP1B,HAP1,BLOC1S1,HNRNPU,TERF2,STK11,HIF1A,BLOC1S3,BLOC1S2,MREG,BLOC1S5,TRAF3IP1,DTNBP1,FUZ,KIF13A,BLOC1S4,RABGEF1,FBXW11,BLOC1S6"
"GO:BP","regulation of RNA stability","GO:0043487","0.008662027705719317","2.062380431501839","185","1691","26","21017","MEIOC,ROCK2,HNRNPC,SCGB1A1,ZFP36,APEX1,AKT1,GDNF,TIRAP,HNRNPU,PRKCD,RNASEL,FMR1,ZFP36L1,DHX9,TARDBP,HNRNPD,ZC3H12A,RC3H1,METTL3,PIAS4,PIWIL2,PNPT1,NOCT,AXIN2,THRAP3"
"GO:BP","mitotic DNA damage checkpoint signaling","GO:0044773","0.008691001878888665","2.0609301561873927","87","1691","15","21017","EME2,NBN,TP53,PML,CASP2,MSH2,CDKN1B,PLK1,PRKDC,ATM,BRSK1,EME1,CDK5RAP3,MUS81,FANCD2"
"GO:BP","microtubule polymerization","GO:0046785","0.009184141596174313","2.0369614291748563","96","1691","16","21017","ABL1,HSPA1A,MAPT,ARL2,SNCA,CDKN1B,MAP1B,CAV3,PAK1,DYRK1A,DCTN1,CDK5R1,PSRC1,BLOC1S2,CLASP1,FBXO5"
"GO:BP","regulation of mRNA metabolic process","GO:1903311","0.00963979100180786","2.015932381838405","303","1691","38","21017","MEIOC,ROCK2,BAG4,HNRNPC,HNRNPA1,SCGB1A1,ZFP36,APEX1,PRDX6,AKT1,GDNF,TIRAP,HNRNPU,PRKCD,RNASEL,FMR1,C1QBP,ZFP36L1,DHX9,REST,TARDBP,DYRK1A,HNRNPD,ZC3H12A,RC3H1,CDC73,ZC3HAV1,METTL3,PIAS4,PIWIL2,PNPT1,SRPK1,RBM15,BARD1,RBM4,NOCT,AXIN2,THRAP3"
"GO:BP","regulation of double-strand break repair","GO:2000779","0.010046272753191962","1.997995035055808","132","1691","20","21017","KDM1A,ABL1,PARP1,PML,WAS,SMARCA2,SMARCA4,HMGA2,PRKDC,TOP2B,RAD51,TWIST1,ARID2,PIAS4,SIRT1,TEX15,TERF2IP,RTEL1,MAD2L2,TIMELESS"
"GO:BP","negative regulation of mitotic nuclear division","GO:0045839","0.010232661175689807","1.9900114060121405","56","1691","11","21017","XRCC3,TPR,BMP4,BMP7,TTK,PLK1,ATM,TRIP13,MAD2L2,FBXO5,MAD1L1"
"GO:BP","post-Golgi vesicle-mediated transport","GO:0006892","0.010333395379135198","1.9857569532013435","106","1691","17","21017","SNAP23,CCDC22,LYPLA1,LAMP1,CSK,VAMP2,RACK1,ANK3,VAMP3,PKDCC,AP1AR,COMMD1,RSC1A1,BBS2,KIF13A,GOPC,MYO5A"
"GO:BP","nucleic acid catabolic process","GO:0141188","0.010473175205759092","1.9799216310925403","335","1691","41","21017","MEIOC,CIDEA,ROCK2,ANG,IL6,HNRNPC,HSPA1A,SCGB1A1,NF1,ZFP36,APEX1,AKT1,GDNF,CDKN2A,FOXL2,TIRAP,HNRNPU,PRKCD,RNASEL,FMR1,ZFP36L1,BAX,DHX9,TARDBP,ATM,HNRNPD,RGN,ZC3H12A,RC3H1,ZC3HAV1,METTL3,SMG6,PIAS4,PIWIL2,PNPT1,ISG20,MUS81,AGO4,NOCT,AXIN2,THRAP3"
"GO:BP","regulation of smoothened signaling pathway","GO:0008589","0.010519362352298545","1.9780105848278262","89","1691","15","21017","RB1,SERPINE2,PRKACA,ENPP1,PRKACB,CTNNA1,GPC3,RACK1,IHH,SHH,SFRP1,FUZ,GLIS2,SUFU,BTRC"
"GO:BP","smoothened signaling pathway","GO:0007224","0.01053067761970546","1.9775436822779087","151","1691","22","21017","RB1,SERPINE2,PRKACA,ENPP1,PRKACB,CTNNA1,TGFBR2,GPC3,RACK1,MAP3K10,FOXF1,NOG,HES1,IHH,SHH,BBS7,SFRP1,DYRK2,FUZ,GLIS2,SUFU,BTRC"
"GO:BP","chromosome localization","GO:0050000","0.010672301625415657","1.9717419090269925","124","1691","19","21017","MEIOC,VPS4B,SUN1,RB1,TERF1,UBE2B,HNRNPU,CENPC,ATM,DCTN2,MAJIN,PSRC1,TERB1,PIBF1,KAT2B,RCC2,CHMP3,SPO11,MAD1L1"
"GO:BP","regulation of translational initiation","GO:0006446","0.011007773313489271","1.9583005225782601","81","1691","14","21017","DDX3X,TNF,TPR,CCL5,ATF4,PML,MTOR,PPP1CA,FMR1,EIF2B5,METTL3,BANK1,RBM4,EIF2AK4"
"GO:BP","retrograde transport, endosome to Golgi","GO:0042147","0.011019897130669575","1.95782245954876","98","1691","16","21017","RAB29,PARK2,SNX3,BAIAP3,TRIM27,RAB7A,CLTC,DCTN1,VAMP3,LRRK2,TBC1D10C,USP7,RAB7B,VPS35,MAGEL2,SNX12"
"GO:BP","receptor metabolic process","GO:0043112","0.011327250458726573","1.9458754966254308","73","1691","13","21017","RAB29,TGFB1,APOE,PTPN2,SNCA,NEDD4,CDK5,MTMR2,SCRIB,VAMP3,AP1AR,TRAT1,LGMN"
"GO:BP","neuron fate commitment","GO:0048663","0.011327250458726573","1.9458754966254308","73","1691","13","21017","DLL1,BMP4,GATA2,CTNNB1,NKX2-1,NOTCH1,SOX9,ID2,IHH,SHH,PROX1,DLL4,SUFU"
"GO:BP","establishment or maintenance of apical/basal cell polarity","GO:0035088","0.011459423742555614","1.9408372210877096","57","1691","11","21017","LIN7A,WNT11,EZR,WNT5A,DLG4,FOXF1,DLG1,ILK,SCRIB,FOXJ1,ERBIN"
"GO:BP","adherens junction organization","GO:0034332","0.011459423742555614","1.9408372210877096","57","1691","11","21017","SMAD7,SRC,VEGFA,FER,VCL,CDH3,CTNNB1,RDX,CSK,NUMB,PTPN23"
"GO:BP","establishment or maintenance of bipolar cell polarity","GO:0061245","0.011459423742555614","1.9408372210877096","57","1691","11","21017","LIN7A,WNT11,EZR,WNT5A,DLG4,FOXF1,DLG1,ILK,SCRIB,FOXJ1,ERBIN"
"GO:BP","morphogenesis of a polarized epithelium","GO:0001738","0.011459423742555614","1.9408372210877096","57","1691","11","21017","FZD6,ASTN2,PKHD1,WNT5A,FOXF1,SCRIB,SFRP1,BRSK1,TRAF3IP1,SFRP2,FUZ"
"GO:BP","lysosomal transport","GO:0007041","0.011574891418973983","1.9364830742937342","134","1691","20","21017","AP3B1,PARK2,VPS4B,SNAPIN,ADRB2,HSPA1A,LAMP1,NEDD4,RAB7A,RHOB,LRP1,LRRK2,PXK,TPCN2,RAB7B,VPS33A,VPS35,LYST,KIF13A,CHMP3"
"GO:BP","neutral lipid metabolic process","GO:0006638","0.012549954173865504","1.9013578600055465","135","1691","20","21017","DGKI,APOE,APOA2,APOC1,APOC2,APOH,ANG,CAT,GPX1,SREBF1,SNCA,CPT1A,NR1H2,CAV3,SIK1,PTPN11,NR1H3,RGN,SIRT1,ABHD6"
"GO:BP","glycerolipid biosynthetic process","GO:0045017","0.012604405334689277","1.8994776391549428","249","1691","32","21017","SOCS6,PLSCR1,SYNJ1,SOCS5,PDGFB,APOA1,APOA2,ANG,PDGFA,ALOX15,PIK3R1,ITPKB,HTR2A,CHAT,HTR2C,SREBF1,HTR2B,NR1H2,SIK1,RAB38,PTEN,NR1H3,ATM,MTMR2,RGN,INPP5D,SIRT1,NR1H4,INPP5K,SLA2,IP6K2,PCYT1B"
"GO:BP","regulation of chromosome separation","GO:1905818","0.012697549503992515","1.896280085310243","74","1691","13","21017","PLSCR1,XRCC3,RB1,TPR,TTK,PLK1,CSNK2A1,ATM,ESPL1,TRIP13,MAD2L2,FBXO5,MAD1L1"
"GO:BP","Schwann cell differentiation","GO:0014037","0.012769809445716495","1.893815583338878","50","1691","10","21017","SOD1,HRAS,ERBB2,EGR2,NF1,ERBB3,AKT1,CDK5,ILK,NTRK2"
"GO:BP","glutamate receptor signaling pathway","GO:0007215","0.012769809445716495","1.893815583338878","50","1691","10","21017","PRNP,CX3CL1,FMR1,PTK2B,KCNB1,GRM7,GRM4,CDK5R1,GRIK5,PLCB1"
"GO:BP","multivesicular body sorting pathway","GO:0071985","0.012769809445716495","1.893815583338878","50","1691","10","21017","RAB27B,LEPROT,VPS4B,LEPROTL1,RAB27A,RUBCN,SYTL4,LYST,PTPN23,CHMP3"
"GO:BP","mitotic DNA integrity checkpoint signaling","GO:0044774","0.012859276366651858","1.8907834698886514","91","1691","15","21017","EME2,NBN,TP53,PML,CASP2,MSH2,CDKN1B,PLK1,PRKDC,ATM,BRSK1,EME1,CDK5RAP3,MUS81,FANCD2"
"GO:BP","mRNA stabilization","GO:0048255","0.012898632100477191","1.889456344174709","66","1691","12","21017","MEIOC,HNRNPC,ZFP36,GDNF,TIRAP,HNRNPU,DHX9,TARDBP,HNRNPD,NOCT,AXIN2,THRAP3"
"GO:BP","mRNA catabolic process","GO:0006402","0.01323708632561804","1.878207598881331","250","1691","32","21017","MEIOC,ROCK2,HNRNPC,HSPA1A,SCGB1A1,NF1,ZFP36,APEX1,AKT1,GDNF,TIRAP,HNRNPU,PRKCD,RNASEL,FMR1,ZFP36L1,DHX9,TARDBP,ATM,HNRNPD,ZC3H12A,RC3H1,ZC3HAV1,METTL3,SMG6,PIAS4,PIWIL2,PNPT1,AGO4,NOCT,AXIN2,THRAP3"
"GO:BP","regulation of actin filament polymerization","GO:0030833","0.01348628602112228","1.8701076339165428","136","1691","20","21017","CCL21,SLIT2,BAG4,ALOX15,FER,CORO1A,CCR7,PFN2,RDX,MTOR,ARF6,PRKCE,PRKCD,DMTN,DLG1,PTK2B,BBS4,EVL,PYCARD,ARFGEF1"
"GO:BP","microtubule polymerization or depolymerization","GO:0031109","0.01348628602112228","1.8701076339165428","136","1691","20","21017","APC2,ABL1,CRYAB,HSPA1A,MAPT,ARL2,SNCA,CDKN1B,MAP1B,CAV3,PAK1,DYRK1A,DCTN1,CDK5R1,PSRC1,BLOC1S2,CLASP1,C16ORF45,CIB1,FBXO5"
"GO:BP","microtubule organizing center organization","GO:0031023","0.013486923523439331","1.8700871051219927","155","1691","22","21017","AURKA,XRCC3,XRCC2,ROCK2,VPS4B,TRIM37,PKHD1,CTNNB1,ARL2,BRCA2,PLK1,PKD2,DCTN1,CLASP1,BRSK1,KAT2B,FOXJ1,SIRT1,BBS4,FBXW11,ATF5,CHMP3"
"GO:BP","phospholipid metabolic process","GO:0006644","0.013486923523439331","1.8700871051219927","382","1691","45","21017","SOCS6,PLSCR1,ALOX15B,SYNJ1,SOCS5,PDGFB,APOA1,APOA2,APOC1,APOC2,PDGFA,ALOX15,PLCG1,PIK3R1,ITPKB,HTR2A,CHAT,HTR2C,PRDX6,SNCA,HTR2B,NKX2-1,NR1H2,RAB38,PTEN,PRKCD,NR1H3,ATM,MTMR2,ADGRF5,SMPDL3B,INPP5D,NR1H4,PHB2,CHP1,INPP5K,ABHD6,OSBPL8,PLA2G2F,SLA2,PLCB1,VAPA,IP6K2,PLA2G2D,PCYT1B"
"GO:BP","regulation of cytokinesis","GO:0032465","0.013498758378479544","1.8697061762585834","92","1691","15","21017","AURKA,RAB11FIP3,DRD2,CDC25B,DRD3,BRCA2,PLK1,PRKCE,BCL2L1,PIN1,FLCN,BBS4,KIF13A,WNK1,CHMP3"
"GO:BP","cellular anatomical entity morphogenesis","GO:0032989","0.014103643645188789","1.8506686738286493","128","1691","19","21017","BMP10,EDN1,TPM1,PRKAR1A,MYL2,PDGFRA,CAPN3,PLN,CASQ1,ACTN2,CAV3,ANK2,MTMR2,IHH,PRKD1,CLASP1,PHLDB2,NECTIN2,PROX1"
"GO:BP","cellular component assembly involved in morphogenesis","GO:0010927","0.014103643645188789","1.8506686738286493","128","1691","19","21017","BMP10,EDN1,TPM1,PRKAR1A,MYL2,PDGFRA,CAPN3,PLN,CASQ1,ACTN2,CAV3,ANK2,MTMR2,IHH,PRKD1,CLASP1,PHLDB2,NECTIN2,PROX1"
"GO:BP","regulation of mitotic sister chromatid separation","GO:0010965","0.01410999519786838","1.8504731340514367","59","1691","11","21017","XRCC3,RB1,TPR,TTK,PLK1,ATM,ESPL1,TRIP13,MAD2L2,FBXO5,MAD1L1"
"GO:BP","fatty acid beta-oxidation","GO:0006635","0.015013219075327343","1.8235261780591214","76","1691","13","21017","FABP1,CNR1,AKT1,IRS1,LEP,CPT1A,SESN2,PPARD,PPARA,TWIST1,ADIPOQ,HADH,IRS2"
"GO:BP","negative regulation of mRNA catabolic process","GO:1902373","0.015013219075327343","1.8235261780591214","76","1691","13","21017","MEIOC,HNRNPC,ZFP36,GDNF,TIRAP,HNRNPU,FMR1,DHX9,TARDBP,HNRNPD,NOCT,AXIN2,THRAP3"
"GO:BP","inner ear morphogenesis","GO:0042472","0.015353832716993594","1.8137831954266026","111","1691","17","21017","DVL1,FZD6,NTN1,SOD1,COL2A1,BCR,COL11A1,GATA2,WNT5A,SOX9,WNT3A,MYO7A,SCRIB,BLOC1S5,PROX1,CHD7,MAFB"
"GO:BP","polyol biosynthetic process","GO:0046173","0.01598011599975758","1.7964200724643447","60","1691","11","21017","CYP27B1,DHFR,ITPKB,GCH1,NTSR1,SNCA,LEP,P2RY1,PRKG1,GPER1,IP6K2"
"GO:BP","aminoglycan metabolic process","GO:0006022","0.016723554034648206","1.7766714222549527","121","1691","18","21017","PGLYRP1,PDGFB,EGF,TGFB1,IL1B,FGF2,NFKB1,EDNRB,NAGLU,CLTC,HYAL1,OVGP1,HYAL2,ANGPT1,HAS2,HAS1,PGLYRP3,PGLYRP2"
"GO:BP","glycosaminoglycan metabolic process","GO:0030203","0.016753736849592544","1.7758883102895489","112","1691","17","21017","PGLYRP1,PDGFB,EGF,TGFB1,IL1B,FGF2,NFKB1,EDNRB,NAGLU,CLTC,HYAL1,HYAL2,ANGPT1,HAS2,HAS1,PGLYRP3,PGLYRP2"
"GO:BP","regulation of sister chromatid segregation","GO:0033045","0.017746242615519395","1.750893585374215","104","1691","16","21017","XRCC3,RB1,TPR,TTK,SMARCA2,SMARCA4,PLK1,HNRNPU,ATM,ESPL1,TRIP13,ARID2,KAT2B,MAD2L2,FBXO5,MAD1L1"
"GO:BP","microtubule cytoskeleton organization involved in mitosis","GO:1902850","0.018109588179287626","1.74209142563826","169","1691","23","21017","AURKA,HDAC3,SPRY1,VPS4B,TNKS,PKHD1,HSPA1A,TPR,GJA1,TTK,HTT,PLK1,PKD1,CLTC,HNRNPU,DCTN2,DCTN1,ESPL1,PSRC1,CLASP1,PIBF1,FBXW11,CHMP3"
"GO:BP","myofibril assembly","GO:0030239","0.019070401376740865","1.7196401662162235","70","1691","12","21017","BMP10,EDN1,TPM1,PRKAR1A,MYL2,PDGFRA,CAPN3,CASQ1,ACTN2,CAV3,PRKD1,PROX1"
"GO:BP","positive regulation of synapse assembly","GO:0051965","0.01982604323450584","1.7027639510938972","62","1691","11","21017","WNT7A,LRRTM2,OXTR,NTRK2,LRRTM1,NLGN1,SEMA4D,ADNP,SEMA4A,GHRL,NRXN1"
"GO:BP","regulation of centrosome cycle","GO:0046605","0.0202284092324474","1.6940382689214415","54","1691","10","21017","AURKA,XRCC3,ROCK2,VPS4B,TRIM37,PKHD1,KAT2B,SIRT1,ATF5,CHMP3"
"GO:BP","cytokinesis","GO:0000910","0.020297451203831193","1.6925584939886795","190","1691","25","21017","AURKA,ROCK2,RAB11FIP3,VPS4B,DRD2,CDC25B,DRD3,BRCA2,PLK1,RHOB,PRKCE,BCL2L1,ANK3,UNC119,PIN1,IQGAP2,ESPL1,FLCN,SNX33,BBS4,SEPT5,LZTS2,KIF13A,WNK1,CHMP3"
"GO:BP","protein localization to vacuole","GO:0072665","0.020673538374873228","1.6845851854352005","88","1691","14","21017","AP3B1,ROCK2,TNFAIP3,AKT1,GBP1,NEDD4,RAB7A,SQSTM1,SZT2,PXK,PTPN23,RTN4,LMBRD1,SH3BP4"
"GO:BP","triglyceride metabolic process","GO:0006641","0.021076805975331004","1.6761952023963576","106","1691","16","21017","APOE,APOA2,APOC1,APOC2,APOH,CAT,GPX1,SREBF1,CPT1A,NR1H2,CAV3,SIK1,PTPN11,NR1H3,RGN,SIRT1"
"GO:BP","endosome to lysosome transport","GO:0008333","0.02122272474983755","1.673198858518938","71","1691","12","21017","VPS4B,SNAPIN,ADRB2,RAB7A,RHOB,PXK,TPCN2,RAB7B,VPS33A,LYST,KIF13A,CHMP3"
"GO:BP","lamellipodium assembly","GO:0030032","0.02122272474983755","1.673198858518938","71","1691","12","21017","MSTN,SLIT2,HRG,KIT,FER,VCL,PIK3R1,MTOR,WAS,ATP7A,DMTN,PLXNB3"
"GO:BP","glycerophospholipid metabolic process","GO:0006650","0.021784660226644086","1.661849209326773","301","1691","36","21017","SOCS6,PLSCR1,SYNJ1,SOCS5,PDGFB,APOA1,APOA2,APOC1,PDGFA,ALOX15,PLCG1,PIK3R1,ITPKB,HTR2A,CHAT,HTR2C,PRDX6,HTR2B,NR1H2,RAB38,PTEN,NR1H3,ATM,MTMR2,INPP5D,NR1H4,PHB2,INPP5K,ABHD6,OSBPL8,PLA2G2F,SLA2,PLCB1,IP6K2,PLA2G2D,PCYT1B"
"GO:BP","acylglycerol metabolic process","GO:0006639","0.021890194346781994","1.6597503826367135","134","1691","19","21017","DGKI,APOE,APOA2,APOC1,APOC2,APOH,ANG,CAT,GPX1,SREBF1,CPT1A,NR1H2,CAV3,SIK1,PTPN11,NR1H3,RGN,SIRT1,ABHD6"
"GO:BP","regulation of mitotic metaphase/anaphase transition","GO:0030071","0.024748713240861017","1.6064473764039893","90","1691","14","21017","XRCC3,RB1,TPR,TTK,SMARCA2,SMARCA4,PLK1,ATM,ESPL1,TRIP13,ARID2,MAD2L2,FBXO5,MAD1L1"
"GO:BP","positive regulation of TOR signaling","GO:0032008","0.02598737509411062","1.5852375850512923","73","1691","12","21017","OGT,HDAC3,F7,PIM1,SRC,AKT1,LEP,SESN2,EP300,GAS6,FLCN,PRMT1"
"GO:BP","regulation of double-strand break repair via homologous recombination","GO:0010569","0.02598737509411062","1.5852375850512923","73","1691","12","21017","KDM1A,ABL1,PARP1,WAS,RAD51,ARID2,PIAS4,TEX15,TERF2IP,RTEL1,MAD2L2,TIMELESS"
"GO:BP","long-chain fatty acid metabolic process","GO:0001676","0.02685370008247479","1.5709958658418992","109","1691","16","21017","MGST3,ALOX15B,GPX1,GSTA1,GSTP1,GSTM1,ALOX15,PTGS1,GSTM2,PTGS2,CPT1A,CYP4F2,CYP1B1,LTC4S,ABHD6,PLA2G2F"
"GO:BP","mitochondrial transport","GO:0006839","0.026890019625864077","1.5704088808037955","185","1691","24","21017","FZD9,BCL2L11,PARK2,NOL3,TP53,SLC25A5,HSPA1A,BCL2,GSK3A,GSK3B,CPT1A,UCP2,BAX,BCL2L1,NAIF1,BLOC1S2,SLC35F6,PNPT1,BAD,MUL1,VPS35,NDUFA13,BOK,CAMK2A"
"GO:BP","G2/M transition of mitotic cell cycle","GO:0000086","0.027028406632280722","1.568179555899673","137","1691","19","21017","AURKA,RAD51B,RAD51C,NBN,VPS4B,CDK4,CDC25B,CDKN2A,PLK1,HSPA2,PKIA,ATM,BRSK1,RAD50,CDK5RAP3,BARD1,PLCB1,RCC2,FBXO5"
"GO:BP","spindle organization","GO:0007051","0.027420365664945982","1.5619267579633778","205","1691","26","21017","AURKA,HDAC3,VPS4B,NCOR1,TNKS,TUBB,HSPA1A,TPR,EZR,PPP2R1A,TTK,PLK1,PTEN,PKD1,CLTC,HNRNPU,DLG1,DCTN2,DCTN1,ESPL1,PSRC1,CLASP1,PIBF1,LZTS2,FBXO5,CHMP3"
"GO:BP","spindle localization","GO:0051653","0.02751940567463853","1.560360949615745","65","1691","11","21017","WASL,HDAC3,SPRY1,PKHD1,GJA1,HTT,PLK1,DCTN1,ESPL1,CLASP1,FBXW11"
"GO:BP","regulation of transcription initiation by RNA polymerase II","GO:0060260","0.028236483957583693","1.5491893831474093","74","1691","12","21017","MYC,TP53,ERCC1,HMGB1,THRA,CDK4,NFKB1,NFKBIA,HNF1B,TAF3,CTNNBIP1,MED13"
"GO:BP","arachidonate metabolic process","GO:0019369","0.028331632865574982","1.5477283946262945","57","1691","10","21017","MGST3,ALOX15B,GPX1,ALOX15,PTGS1,PTGS2,CYP4F2,CYP1B1,ABHD6,PLA2G2F"
"GO:BP","mucopolysaccharide metabolic process","GO:1903510","0.02898510297571519","1.5378251523673707","92","1691","14","21017","PDGFB,EGF,TGFB1,IL1B,FGF2,NFKB1,EDNRB,NAGLU,CLTC,HYAL1,HYAL2,ANGPT1,HAS2,HAS1"
"GO:BP","syncytium formation","GO:0006949","0.029992522592485155","1.522987005333395","66","1691","11","21017","TNFSF14,CXCL10,IL4,ERCC1,CYP19A1,IL4R,NOS1,CAV3,CXCL9,SCGB3A1,DCSTAMP"
"GO:BP","membrane invagination","GO:0010324","0.029992522592485155","1.522987005333395","66","1691","11","21017","SNX3,THBS1,ALOX15,CD36,GATA2,PPARG,AIF1,F2RL1,SNX33,CD300A,STAP1"
"GO:BP","centrosome cycle","GO:0007098","0.030446937141901397","1.516456389378388","139","1691","19","21017","AURKA,XRCC3,XRCC2,ROCK2,VPS4B,TRIM37,PKHD1,CTNNB1,ARL2,BRCA2,PLK1,PKD2,DCTN1,BRSK1,KAT2B,SIRT1,BBS4,ATF5,CHMP3"
"GO:BP","RNA stabilization","GO:0043489","0.031050651957866257","1.5079292766876837","75","1691","12","21017","MEIOC,HNRNPC,ZFP36,GDNF,TIRAP,HNRNPU,DHX9,TARDBP,HNRNPD,NOCT,AXIN2,THRAP3"
"GO:BP","secondary alcohol metabolic process","GO:1902652","0.0313761693226808","1.5034000799834204","149","1691","20","21017","APOL1,CYP27B1,SOD1,APOA1,APOE,APOA2,APOC1,HMGCR,CAT,IL4,G6PD,SREBF1,LEP,IDH2,STAR,PRKAA2,PPARD,SREBF2,PRKAA1,NR1H4"
"GO:BP","positive regulation of DNA repair","GO:0045739","0.031502700021193375","1.501652222272199","130","1691","18","21017","EGFR,PRKCG,HMGB1,PARP1,WAS,SMARCA2,SMARCA4,CEBPG,PRKDC,TOP2B,DHX9,TRIM28,ARID2,PIAS4,SIRT1,NPAS2,MAD2L2,TIMELESS"
"GO:BP","regulation of metaphase/anaphase transition of cell cycle","GO:1902099","0.031592730541169234","1.5004128366553326","93","1691","14","21017","XRCC3,RB1,TPR,TTK,SMARCA2,SMARCA4,PLK1,ATM,ESPL1,TRIP13,ARID2,MAD2L2,FBXO5,MAD1L1"
"GO:BP","nuclear envelope organization","GO:0006998","0.031640256168328836","1.4997600089910081","58","1691","10","21017","TOR1A,VPS4B,PRKCB,EMD,PLK1,TARDBP,DCTN1,LEMD2,GPER1,CHMP3"
"GO:BP","phagocytosis, engulfment","GO:0006911","0.03266429412688013","1.485926722446255","50","1691","9","21017","THBS1,ALOX15,CD36,GATA2,PPARG,AIF1,F2RL1,CD300A,STAP1"
"GO:BP","ketone biosynthetic process","GO:0042181","0.03266429412688013","1.485926722446255","50","1691","9","21017","FSHB,CYP19A1,CREB1,EGR1,BMP5,WNT4,DAB2,REST,PRKG1"
"GO:BP","negative regulation of chromosome separation","GO:1905819","0.03266429412688013","1.485926722446255","50","1691","9","21017","XRCC3,TPR,TTK,PLK1,ATM,TRIP13,MAD2L2,FBXO5,MAD1L1"
"GO:BP","negative regulation of chromosome segregation","GO:0051985","0.03266429412688013","1.485926722446255","50","1691","9","21017","XRCC3,TPR,TTK,PLK1,ATM,TRIP13,MAD2L2,FBXO5,MAD1L1"
"GO:BP","negative regulation of metaphase/anaphase transition of cell cycle","GO:1902100","0.03266429412688013","1.485926722446255","50","1691","9","21017","XRCC3,TPR,TTK,PLK1,ATM,TRIP13,MAD2L2,FBXO5,MAD1L1"
"GO:BP","metaphase/anaphase transition of mitotic cell cycle","GO:0007091","0.03375983975317231","1.471599623494196","94","1691","14","21017","XRCC3,RB1,TPR,TTK,SMARCA2,SMARCA4,PLK1,ATM,ESPL1,TRIP13,ARID2,MAD2L2,FBXO5,MAD1L1"
"GO:BP","protein localization to lysosome","GO:0061462","0.03386327421975051","1.4702710525229197","59","1691","10","21017","AP3B1,ROCK2,AKT1,NEDD4,RAB7A,SZT2,PXK,RTN4,LMBRD1,SH3BP4"
"GO:BP","plasma membrane invagination","GO:0099024","0.03386327421975051","1.4702710525229197","59","1691","10","21017","THBS1,ALOX15,CD36,GATA2,PPARG,AIF1,F2RL1,SNX33,CD300A,STAP1"
"GO:BP","hair cell differentiation","GO:0035315","0.03386327421975051","1.4702710525229197","59","1691","10","21017","DLL1,SOD1,FGF2,BMP4,CTNNB1,NOTCH1,MYO7A,SCRIB,HES1,SPINK5"
"GO:BP","DNA-templated DNA replication","GO:0006261","0.03483719171417847","1.4579568614770189","161","1691","21","21017","EME2,NBN,CCNE2,PARP1,CCNE1,BCL6,BRCA2,TERF1,RAD51,TERF2,FANCM,RAD50,EME1,TONSL,MUS81,FAM111A,BARD1,RTEL1,DACH1,FBXO5,TIMELESS"
"GO:BP","positive regulation of DNA-templated transcription initiation","GO:2000144","0.03526713599626022","1.4526298074582153","68","1691","11","21017","MITF,TP53,JUN,ERCC1,NFKB1,NFKBIA,HNF1B,TWIST1,TAF3,SETX,MED13"
"GO:BP","negative regulation of proteasomal protein catabolic process","GO:1901799","0.03544224284597438","1.450478803014958","51","1691","9","21017","OGT,PRKCG,HSP90AB1,BAG6,SHH,HFE,CCAR2,USP7,PARK7"
"GO:BP","membrane repolarization","GO:0086009","0.03544224284597438","1.450478803014958","51","1691","9","21017","CASQ2,KCNE1,GJA1,CAV3,ANK2,KCNH2,AKAP6,NEDD4L,KCNE5"
"GO:BP","cortical cytoskeleton organization","GO:0030865","0.03544224284597438","1.450478803014958","51","1691","9","21017","ROCK2,TNF,EZR,RHOQ,ARF6,DLG1,IQGAP2,PTK2B,NLGN1"
"GO:BP","endocytic recycling","GO:0032456","0.0360527736345648","1.4430613182441474","86","1691","13","21017","SNX3,CCDC22,RAB11FIP3,ACTN2,RAB7A,ARF6,SCRIB,ANKRD27,VPS35,RAB17,PTPN23,NDRG4,SNX12"
"GO:BP","autophagosome maturation","GO:0097352","0.03769297869429087","1.423739540996196","60","1691","10","21017","VPS4B,SNAPIN,ADRB2,ATP2A2,RUBCN,VPS33A,VAMP8,MCOLN1,UBQLN1,CHMP3"
"GO:BP","establishment of spindle localization","GO:0051293","0.03769297869429087","1.423739540996196","60","1691","10","21017","HDAC3,SPRY1,PKHD1,GJA1,HTT,PLK1,DCTN1,ESPL1,CLASP1,FBXW11"
"GO:BP","cellular response to leukemia inhibitory factor","GO:1990830","0.038055794509955575","1.4195792066436868","105","1691","15","21017","SMAD7,KLF4,SLC25A5,ICAM1,FGF4,XRCC5,CREB1,PML,HNRNPU,TRIM25,DTX1,SIRT1,SOX17,FZD4,PADI2"
"GO:BP","regulation of pH","GO:0006885","0.038055794509955575","1.4195792066436868","105","1691","15","21017","ATP6AP2,SNAPIN,EDN1,BCL2,LAMP1,EDNRB,PPT1,RAB7A,RAB38,OCA2,LRRK2,TPCN2,VPS33A,CHP1,SLC45A2"
"GO:BP","sterol metabolic process","GO:0016125","0.038717112085534806","1.4120970442378937","153","1691","20","21017","APOL1,SOD1,APOA1,APOE,APOA2,APOC1,HMGCR,CAT,IL4,G6PD,CYP19A1,SREBF1,LEP,STAR,PRKAA2,PPARD,SREBF2,PRKAA1,CYP1B1,NR1H4"
"GO:BP","carboxylic acid biosynthetic process","GO:0046394","0.038717112085534806","1.4120970442378937","326","1691","37","21017","MGST3,ALOX15B,HPGDS,DHFR,IL1B,APOC1,APOC2,ANXA1,CD74,EDN1,GSTP1,GSTM1,CEACAM1,MIF,IDO1,ALOX15,NR1D1,PTGS1,GSTM2,PTGS2,STAR,PRKAA2,NR1H2,ABAT,PRKAA1,NR1H3,RGN,LTC4S,PIBF1,PROX1,KAT2B,SIRT1,NR1H4,GAD1,PARK7,MGST2,PYCARD"
"GO:BP","establishment or maintenance of epithelial cell apical/basal polarity","GO:0045197","0.03916065187739955","1.4071500874408824","52","1691","9","21017","LIN7A,WNT11,WNT5A,DLG4,FOXF1,DLG1,ILK,SCRIB,ERBIN"
"GO:BP","vitamin metabolic process","GO:0006766","0.03923766665725956","1.4062968266745202","115","1691","16","21017","CYP27B1,SNAI2,SNAI1,DHFR,TNF,IFNG,NQO1,NFKB1,CYP4F2,GSTO1,RGN,RPE65,PIAS4,LGMN,GFI1,FGF23"
"GO:BP","xenobiotic metabolic process","GO:0006805","0.04068210180191582","1.390596617760252","125","1691","17","21017","ADA,GSTA1,GSTP1,GSTM1,NQO1,GSTM3,LPO,GSTM2,NOS1,AHR,HNF4A,RORC,CYP4F2,GSTO1,S100A12,CYP1B1,ABCC2"
"GO:BP","regulation of protein-containing complex disassembly","GO:0043244","0.04068210180191582","1.390596617760252","125","1691","17","21017","SLN,APC2,TNF,ADRB2,RDX,ACTN2,MAP1B,F2RL1,DMTN,SEMA5A,SETX,CLASP1,RUBCN,C16ORF45,CIB1,WNK1,IRAK3"
"GO:BP","metaphase/anaphase transition of cell cycle","GO:0044784","0.041285573291878666","1.3842016804087314","97","1691","14","21017","XRCC3,RB1,TPR,TTK,SMARCA2,SMARCA4,PLK1,ATM,ESPL1,TRIP13,ARID2,MAD2L2,FBXO5,MAD1L1"
"GO:BP","negative regulation of RNA catabolic process","GO:1902369","0.041986224123646484","1.3768931802798754","88","1691","13","21017","MEIOC,HNRNPC,ZFP36,GDNF,TIRAP,HNRNPU,FMR1,DHX9,TARDBP,HNRNPD,NOCT,AXIN2,THRAP3"
"GO:BP","organic acid biosynthetic process","GO:0016053","0.04333497848408548","1.3631614147282576","329","1691","37","21017","MGST3,ALOX15B,HPGDS,DHFR,IL1B,APOC1,APOC2,ANXA1,CD74,EDN1,GSTP1,GSTM1,CEACAM1,MIF,IDO1,ALOX15,NR1D1,PTGS1,GSTM2,PTGS2,STAR,PRKAA2,NR1H2,ABAT,PRKAA1,NR1H3,RGN,LTC4S,PIBF1,PROX1,KAT2B,SIRT1,NR1H4,GAD1,PARK7,MGST2,PYCARD"
"GO:BP","response to leukemia inhibitory factor","GO:1990823","0.04347962874824667","1.3617141728027673","107","1691","15","21017","SMAD7,KLF4,SLC25A5,ICAM1,FGF4,XRCC5,CREB1,PML,HNRNPU,TRIM25,DTX1,SIRT1,SOX17,FZD4,PADI2"
"GO:BP","sensory perception of sound","GO:0007605","0.04615486615897173","1.3357825040729692","166","1691","21","21017","SNAI2,DIAPH1,WFS1,SOD1,COL2A1,GPX1,KIT,COL11A1,KCNE1,CHRNB2,NPR2,CASP3,CDKN1B,CDKN2D,SLC26A5,MYO7A,GRM7,SPNS2,OTOF,CHD7,FZD4"
"GO:BP","export across plasma membrane","GO:0140115","0.04621090951798043","1.335255483661496","71","1691","11","21017","SLC22A2,KCNE1,KCNA2,GJA1,SLC8A1,KCNH2,DLG1,KCNB1,WNK4,KCNE5,SLC30A1"
"GO:BP","regulatory ncRNA processing","GO:0070918","0.04621090951798043","1.335255483661496","71","1691","11","21017","TGFB1,TP53,IL6,BMP4,STAT3,SMAD3,TARBP2,METTL3,PIWIL2,MAEL,AGO4"
"GO:BP","keratinocyte differentiation","GO:0030216","0.046269798312504794","1.3347023935616362","176","1691","22","21017","EREG,ALOX15B,CYP27B1,ROCK2,ANXA1,KRT1,KRT16,BCR,CDH3,ZFP36,HOXA7,MSX2,WNT5A,CASP3,NOTCH1,ZFP36L1,PPP3CA,STK4,EZH2,SAV1,POU2F3,MAFB"
"GO:BP","mitotic cytokinesis","GO:0000281","0.04949122997951008","1.3054717527623685","90","1691","13","21017","ROCK2,VPS4B,PLK1,RHOB,ANK3,UNC119,IQGAP2,ESPL1,SNX33,BBS4,LZTS2,WNK1,CHMP3"
"GO:BP","cholesterol metabolic process","GO:0008203","0.05038595668871066","1.297690490984098","138","1691","18","21017","APOL1,SOD1,APOA1,APOE,APOA2,APOC1,HMGCR,CAT,IL4,G6PD,SREBF1,LEP,STAR,PRKAA2,PPARD,SREBF2,PRKAA1,NR1H4"
"GO:BP","glycerophospholipid biosynthetic process","GO:0046474","0.05053486538467243","1.2964088868400523","208","1691","25","21017","SOCS6,PLSCR1,SYNJ1,SOCS5,PDGFB,APOA1,APOA2,PDGFA,ALOX15,PIK3R1,ITPKB,HTR2A,CHAT,HTR2C,HTR2B,RAB38,PTEN,ATM,MTMR2,INPP5D,NR1H4,INPP5K,SLA2,IP6K2,PCYT1B"
"GO:BP","phosphatidylinositol biosynthetic process","GO:0006661","0.05281146355344677","1.2772717968292762","129","1691","17","21017","SOCS6,SYNJ1,SOCS5,PDGFB,PDGFA,PIK3R1,ITPKB,HTR2A,HTR2C,HTR2B,PTEN,ATM,MTMR2,INPP5D,INPP5K,SLA2,IP6K2"
"GO:BP","regulation of intracellular pH","GO:0051453","0.05313756351088207","1.2745983629486666","91","1691","13","21017","ATP6AP2,SNAPIN,BCL2,LAMP1,PPT1,RAB7A,RAB38,OCA2,LRRK2,TPCN2,VPS33A,CHP1,SLC45A2"
"GO:BP","DNA-templated transcription initiation","GO:0006352","0.05313756351088207","1.2745983629486666","199","1691","24","21017","MEN1,MITF,MYC,ESR1,TP53,JUN,ERCC1,HMGB1,THRA,CDK4,EGR1,NFKB1,NFKBIA,HNF1B,SMARCA4,EP300,TWIST1,TAF3,SETX,KAT2B,CTNNBIP1,PPARGC1A,MED13,PADI2"
"GO:BP","neuromuscular process controlling balance","GO:0050885","0.05334914332376903","1.2728725500492029","55","1691","9","21017","FOXS1,NBN,ABL1,BCR,DLG4,MYO7A,JPH3,BLOC1S4,NRXN1"
"GO:BP","secondary alcohol biosynthetic process","GO:1902653","0.05334914332376903","1.2728725500492029","55","1691","9","21017","SOD1,APOA1,APOE,HMGCR,G6PD,SREBF1,PRKAA2,SREBF2,PRKAA1"
"GO:BP","cholesterol biosynthetic process","GO:0006695","0.05334914332376903","1.2728725500492029","55","1691","9","21017","SOD1,APOA1,APOE,HMGCR,G6PD,SREBF1,PRKAA2,SREBF2,PRKAA1"
"GO:BP","phospholipid catabolic process","GO:0009395","0.05334914332376903","1.2728725500492029","55","1691","9","21017","APOA2,APOC1,APOC2,PLCG1,PRDX6,PRKCD,SMPDL3B,ABHD6,PLCB1"
"GO:BP","regulation of cilium assembly","GO:1902017","0.054507820971831","1.2635411791688747","73","1691","11","21017","RAB11FIP3,AKT1,HTT,GSK3B,HAP1,TRIM32,BBS4,FUZ,TCHP,CYLD,ATG3"
"GO:BP","small molecule catabolic process","GO:0044282","0.05664418486487681","1.246844668514176","379","1691","41","21017","CYP27B1,ADA,APOE,TP53,ENO1,FABP1,IDO1,DPEP1,PFKL,CNR1,NOS3,NOS1,NTSR1,AKT1,APOBEC3A,CDA,NOS2,IRS1,LEP,GSK3A,CPT1A,SESN2,CYP4F2,ABAT,PPARD,PPARA,TWIST1,ADIPOQ,HADH,TKFC,APOBEC3H,APOBEC3F,PNKD,BAD,APOBEC3D,GAD1,PARK7,FGF23,APOBEC3G,APOBEC3C,IRS2"
"GO:BP","transcription initiation at RNA polymerase II promoter","GO:0006367","0.05695410288600673","1.2444749845511704","160","1691","20","21017","MEN1,MYC,ESR1,TP53,ERCC1,HMGB1,THRA,CDK4,EGR1,NFKB1,NFKBIA,HNF1B,SMARCA4,EP300,TAF3,KAT2B,CTNNBIP1,PPARGC1A,MED13,PADI2"
"GO:BP","nucleotide-excision repair","GO:0006289","0.05839655320883498","1.2336127858766324","83","1691","12","21017","TP53,ERCC1,SMARCA2,SMARCA4,BRCA2,CUL4A,ARID2,COMMD1,ERCC4,USP7,SIRT1,BRIP1"
"GO:BP","positive regulation of mRNA catabolic process","GO:0061014","0.05896785152108586","1.2293846953447103","102","1691","14","21017","ROCK2,ZFP36,HNRNPU,ZFP36L1,DHX9,TARDBP,HNRNPD,ZC3H12A,RC3H1,ZC3HAV1,METTL3,PIWIL2,PNPT1,NOCT"
"GO:BP","centrosome duplication","GO:0051298","0.05896785152108586","1.2293846953447103","74","1691","11","21017","XRCC3,ROCK2,VPS4B,TRIM37,PKHD1,BRCA2,PKD2,BRSK1,KAT2B,SIRT1,CHMP3"
"GO:BP","sister chromatid segregation","GO:0000819","0.05896785152108586","1.2293846953447103","232","1691","27","21017","XRCC3,VPS4B,RB1,HSPA1A,TOP2A,TPR,PPP2R1A,TTK,SMARCA2,SMARCA4,PLK1,HNRNPU,TOP2B,CENPC,ATM,DCTN2,ESPL1,TRIP13,ARID2,PSRC1,CLASP1,PIBF1,KAT2B,MAD2L2,FBXO5,CHMP3,MAD1L1"
"GO:BP","regulation of vacuole organization","GO:0044088","0.06311571206049812","1.199862513786608","57","1691","9","21017","PPP3CB,RAB5A,MTOR,RAB3GAP1,LRRK2,LRSAM1,FLCN,MCOLN1,UBQLN2"
"GO:BP","iron ion transport","GO:0006826","0.06311571206049812","1.199862513786608","57","1691","9","21017","IFNG,LTF,HRG,B2M,HAMP,CLTC,ATP7A,HFE,MCOLN1"
"GO:BP","autophagosome assembly","GO:0000045","0.06318309697059751","1.1993990906138785","113","1691","15","21017","ATP2A2,RAB5A,MTOR,RAB7A,RAB3GAP1,LRRK2,LRSAM1,TP53INP2,ULK2,TP53INP1,RAB33B,ATG3,UBQLN2,RAB23,UBQLN1"
"GO:BP","RNA catabolic process","GO:0006401","0.06328522658314938","1.198697660634172","308","1691","34","21017","MEIOC,ROCK2,ANG,HNRNPC,HSPA1A,SCGB1A1,NF1,ZFP36,APEX1,AKT1,GDNF,TIRAP,HNRNPU,PRKCD,RNASEL,FMR1,ZFP36L1,DHX9,TARDBP,ATM,HNRNPD,ZC3H12A,RC3H1,ZC3HAV1,METTL3,SMG6,PIAS4,PIWIL2,PNPT1,ISG20,AGO4,NOCT,AXIN2,THRAP3"
"GO:BP","DNA-templated transcription elongation","GO:0006354","0.06491578374017067","1.1876496952204436","133","1691","17","21017","CCNK,PARP1,CTNNB1,HNRNPU,SHH,EZH2,CDC73,CTR9,LDB1,CCAR2,PAF1,LEO1,EAF2,THOC1,ENY2,ZMYND8,CTDP1"
"GO:BP","aldehyde metabolic process","GO:0006081","0.06789265718633776","1.1681771935530225","76","1691","11","21017","BMP5,EDNRB,IDH2,WNT4,DAB2,REST,RPE65,CYP1B1,TKFC,PNKD,PARK7"
"GO:BP","regulation of cellular pH","GO:0030641","0.06821077856610012","1.1661469933506674","95","1691","13","21017","ATP6AP2,SNAPIN,BCL2,LAMP1,PPT1,RAB7A,RAB38,OCA2,LRRK2,TPCN2,VPS33A,CHP1,SLC45A2"
"GO:BP","photoreceptor cell development","GO:0042461","0.06882795350512001","1.162235143342486","58","1691","9","21017","PRDM1,THY1,TH,VEGFA,NAGLU,MYO7A,NTRK2,RORB,BBS4"
"GO:BP","protein targeting to mitochondrion","GO:0006626","0.07009242279196357","1.154328928074734","105","1691","14","21017","LEPROT,PARK2,BAG4,SREBF1,GSK3A,SREBF2,PRKAA1,LRRK2,SIAH3,IMMP2L,HPS4,NDUFA13,FBXO7,SIRT4"
"GO:BP","mechanoreceptor differentiation","GO:0042490","0.07279840702885366","1.1378781237933886","77","1691","11","21017","DLL1,SOD1,FGF2,BMP4,SDC4,NOTCH1,NAGLU,MYO7A,SCRIB,HES1,NTRK2"
"GO:BP","double-strand break repair via nonhomologous end joining","GO:0006303","0.07450123693583097","1.1278365166484006","68","1691","10","21017","ERCC1,HMGB1,XRCC5,HMGA2,PLK1,PRKDC,TOP2B,ATM,ERCC4,MAD2L2"
"GO:BP","inner ear auditory receptor cell differentiation","GO:0042491","0.07487442102825248","1.1256665228023954","50","1691","8","21017","DLL1,SOD1,FGF2,BMP4,NOTCH1,MYO7A,SCRIB,HES1"
"GO:BP","mRNA destabilization","GO:0061157","0.07823647793248734","1.1065907089479012","97","1691","13","21017","ROCK2,ZFP36,HNRNPU,ZFP36L1,DHX9,TARDBP,HNRNPD,ZC3H12A,RC3H1,METTL3,PIWIL2,PNPT1,NOCT"
"GO:BP","fatty acid catabolic process","GO:0009062","0.07974440992612318","1.0982997511965271","107","1691","14","21017","FABP1,CNR1,AKT1,IRS1,LEP,CPT1A,SESN2,CYP4F2,PPARD,PPARA,TWIST1,ADIPOQ,HADH,IRS2"
"GO:BP","phosphatidylinositol metabolic process","GO:0046488","0.08007914404276148","1.0964805776302882","157","1691","19","21017","SOCS6,SYNJ1,SOCS5,PDGFB,PDGFA,PLCG1,PIK3R1,ITPKB,HTR2A,HTR2C,HTR2B,PTEN,ATM,MTMR2,INPP5D,INPP5K,SLA2,PLCB1,IP6K2"
"GO:BP","regulation of microtubule-based movement","GO:0060632","0.08235850325800739","1.084291554631651","60","1691","9","21017","SEMG1,LAMP1,TACR2,HAP1,SEMG2,RGN,STK11,BBS4,BBS2"
"GO:BP","protein localization to chromatin","GO:0071168","0.08235850325800739","1.084291554631651","60","1691","9","21017","ESR1,PARP1,MSH2,PLK1,EZH2,PIAS4,LEMD2,TONSL,ZMYND8"
"GO:BP","cytoplasmic microtubule organization","GO:0031122","0.08235850325800739","1.084291554631651","60","1691","9","21017","DVL1,MAPT,EZR,CAV3,DLG1,TRDN,CLASP1,CHP1,CIB1"
"GO:BP","cochlea development","GO:0090102","0.08255239476907435","1.0832703237348151","51","1691","8","21017","DVL1,KCNK2,GATA2,WNT5A,SOX9,SLC26A5,MYO7A,HES1"
"GO:BP","ephrin receptor signaling pathway","GO:0048013","0.08255239476907435","1.0832703237348151","51","1691","8","21017","KALRN,LYN,SRC,EPHA1,PTK2,PTPN11,PAK1,CDK5R1"
"GO:BP","import across plasma membrane","GO:0098739","0.0833945759386393","1.0788621953637398","199","1691","23","21017","CACNA1A,SLC22A2,ARL6IP5,TRPM2,TNF,IFNG,PRNP,THBS1,PPP3CB,CD36,NTSR1,AKT1,SLC8A1,SLC6A9,CACNA1B,PPP3CA,ABCC8,KCNH2,DLG1,KCNJ11,TRPV1,IRS2,SLC30A1"
"GO:BP","polyol metabolic process","GO:0019751","0.08500324864748005","1.070564476136135","108","1691","14","21017","CYP27B1,SYNJ1,DHFR,ITPKB,GCH1,NTSR1,SNCA,LEP,P2RY1,PRKG1,TKFC,GPER1,PLCB1,IP6K2"
"GO:BP","positive regulation of mRNA metabolic process","GO:1903313","0.08549720335732412","1.0680480909600871","138","1691","17","21017","ROCK2,ZFP36,PRDX6,HNRNPU,ZFP36L1,DHX9,TARDBP,HNRNPD,ZC3H12A,RC3H1,CDC73,ZC3HAV1,METTL3,PIWIL2,PNPT1,NOCT,THRAP3"
"GO:BP","transcription elongation by RNA polymerase II","GO:0006368","0.08550113440202377","1.0680281231516997","118","1691","15","21017","CCNK,PARP1,CTNNB1,HNRNPU,SHH,EZH2,CDC73,CTR9,LDB1,PAF1,LEO1,EAF2,ENY2,ZMYND8,CTDP1"
"GO:BP","protein depolymerization","GO:0051261","0.08550113440202377","1.0680281231516997","118","1691","15","21017","SLN,SYNJ1,VPS4B,APC2,RDX,ACTN2,MAP1B,F2RL1,CLTC,DMTN,SEMA5A,CLASP1,C16ORF45,PPP1R9B,CIB1"
"GO:BP","single fertilization","GO:0007338","0.08688907290671745","1.0610348366089066","169","1691","20","21017","AP3B1,UNC13B,SPINK1,WEE2,CD46,RAB3A,NPR2,ZP3,HOXA9,STX2,FOXL2,STXBP1,ZP2,ZP4,OVGP1,SPINK13,SYT6,RIMS1,PARK7,PLCB1"
"GO:BP","neural nucleus development","GO:0048857","0.08697750314583345","1.0605930637384104","70","1691","10","21017","NDUFS3,FGF2,BCL2,G6PD,KCNE1,CHRNB2,NKX2-1,SCRIB,CDK5R1,PADI2"
"GO:BP","mitochondrion localization","GO:0051646","0.08871240273242256","1.0520156579394164","52","1691","8","21017","MAPT,MAP1B,HAP1,PKD1,HIF1A,LRRK2,NECTIN2,MUL1"
"GO:BP","mitotic metaphase chromosome alignment","GO:0007080","0.08871240273242256","1.0520156579394164","61","1691","9","21017","VPS4B,HNRNPU,CENPC,DCTN2,PSRC1,PIBF1,KAT2B,CHMP3,MAD1L1"
"GO:BP","respiratory gaseous exchange by respiratory system","GO:0007585","0.0889402862331071","1.0509014772115848","80","1691","11","21017","AP3B1,EDN1,NMB,RAB3A,HOXA5,ADORA1,NTSR1,SFTPD,NLGN1,DACH1,MAFB"
"GO:BP","phospholipid biosynthetic process","GO:0008654","0.08945278056415949","1.0484061552094925","254","1691","28","21017","SOCS6,PLSCR1,SYNJ1,SOCS5,PDGFB,APOA1,APOA2,PDGFA,ALOX15,PIK3R1,ITPKB,HTR2A,CHAT,HTR2C,HTR2B,RAB38,PTEN,ATM,MTMR2,ADGRF5,INPP5D,NR1H4,CHP1,INPP5K,SLA2,VAPA,IP6K2,PCYT1B"
"GO:BP","mitotic sister chromatid segregation","GO:0000070","0.09057637650820913","1.042985057178858","191","1691","22","21017","XRCC3,VPS4B,RB1,HSPA1A,TPR,PPP2R1A,TTK,PLK1,HNRNPU,CENPC,ATM,DCTN2,ESPL1,TRIP13,PSRC1,CLASP1,PIBF1,KAT2B,MAD2L2,FBXO5,CHMP3,MAD1L1"
"GO:BP","autophagosome organization","GO:1905037","0.09381398130712683","1.0277324329210389","120","1691","15","21017","ATP2A2,RAB5A,MTOR,RAB7A,RAB3GAP1,LRRK2,LRSAM1,TP53INP2,ULK2,TP53INP1,RAB33B,ATG3,UBQLN2,RAB23,UBQLN1"
"GO:BP","cell-cell fusion","GO:0140253","0.0951096471364259","1.0217754295859869","62","1691","9","21017","TNFSF14,CXCL10,IL4,IL4R,NOS1,CAV3,CXCL9,SCGB3A1,DCSTAMP"
"GO:BP","syncytium formation by plasma membrane fusion","GO:0000768","0.0951096471364259","1.0217754295859869","62","1691","9","21017","TNFSF14,CXCL10,IL4,IL4R,NOS1,CAV3,CXCL9,SCGB3A1,DCSTAMP"
"GO:BP","positive regulation of TORC1 signaling","GO:1904263","0.09687965571622788","1.0137674132259467","53","1691","8","21017","OGT,PIM1,SRC,AKT1,SESN2,EP300,FLCN,PRMT1"
"GO:BP","proteoglycan metabolic process","GO:0006029","0.09779413668676","1.0096871828496172","91","1691","12","21017","BMPR1B,COL2A1,IGF1,COL11A1,CTNNB1,NAGLU,BTK,HYAL1,BMPR2,IHH,SULF1,TCF7L2"
"GO:BP","RNA destabilization","GO:0050779","0.09863139108684725","1.0059848415891393","101","1691","13","21017","ROCK2,ZFP36,HNRNPU,ZFP36L1,DHX9,TARDBP,HNRNPD,ZC3H12A,RC3H1,METTL3,PIWIL2,PNPT1,NOCT"
"GO:BP","regulation of DNA-templated transcription elongation","GO:0032784","0.09863139108684725","1.0059848415891393","101","1691","13","21017","CCNK,PARP1,CTNNB1,HNRNPU,SHH,EZH2,CDC73,LDB1,CCAR2,LEO1,EAF2,THOC1,ZMYND8"
"GO:BP","inner ear receptor cell differentiation","GO:0060113","0.09935334757243819","1.0028174953609605","72","1691","10","21017","DLL1,SOD1,FGF2,BMP4,SDC4,NOTCH1,NAGLU,MYO7A,SCRIB,HES1"
"GO:BP","negative regulation of protein-containing complex disassembly","GO:0043242","0.10237780854549143","0.9897941710036535","82","1691","11","21017","SLN,APC2,TNF,RDX,MAP1B,DMTN,CLASP1,RUBCN,C16ORF45,CIB1,IRAK3"
"GO:BP","sterol biosynthetic process","GO:0016126","0.10291191750538653","0.9875343297357716","63","1691","9","21017","SOD1,APOA1,APOE,HMGCR,G6PD,SREBF1,PRKAA2,SREBF2,PRKAA1"
"GO:BP","phospholipid transport","GO:0015914","0.10502603847527629","0.9787030155566702","102","1691","13","21017","ANO9,PLSCR1,APOA1,APOE,APOA2,APOC1,APOC2,ABCB4,PRKCD,P2RX7,OSBPL8,ABCG8,VAPA"
"GO:BP","intermembrane lipid transfer","GO:0120009","0.1054160620809525","0.977093211308839","54","1691","8","21017","CIDEA,APOA1,APOE,APOA2,STAR,OSBPL8,ABCG8,ABCG5"
"GO:BP","alternative mRNA splicing, via spliceosome","GO:0000380","0.10644396168262478","0.9728789700386804","73","1691","10","21017","HNRNPA1,SFPQ,HNRNPU,FMR1,DHX9,REST,RBM15,RBM4,THRAP3,STRAP"
"GO:BP","glycosaminoglycan biosynthetic process","GO:0006024","0.10644396168262478","0.9728789700386804","73","1691","10","21017","PDGFB,EGF,TGFB1,IL1B,NFKB1,CLTC,HYAL1,ANGPT1,HAS2,HAS1"
"GO:BP","L-amino acid transport","GO:0015807","0.11273558533667889","0.9479389759151462","94","1691","12","21017","SLC22A2,ARL6IP5,TNF,NF1,NTSR1,SLC6A9,UCP2,STXBP1,ABCC8,RAB3GAP1,DTNBP1,SLC32A1"
"GO:BP","positive regulation of double-strand break repair","GO:2000781","0.11273558533667889","0.9479389759151462","85","1691","11","21017","PARP1,WAS,SMARCA2,SMARCA4,PRKDC,TOP2B,ARID2,PIAS4,SIRT1,MAD2L2,TIMELESS"
"GO:BP","spindle assembly","GO:0051225","0.11273558533667889","0.9479389759151462","134","1691","16","21017","AURKA,HDAC3,VPS4B,NCOR1,TNKS,TUBB,HSPA1A,TPR,PLK1,PTEN,HNRNPU,CLASP1,PIBF1,LZTS2,FBXO5,CHMP3"
"GO:BP","mitotic spindle organization","GO:0007052","0.11273558533667889","0.9479389759151462","134","1691","16","21017","AURKA,VPS4B,TNKS,HSPA1A,TPR,TTK,PLK1,PKD1,CLTC,HNRNPU,DCTN2,DCTN1,PSRC1,CLASP1,PIBF1,CHMP3"
"GO:BP","aminoglycan biosynthetic process","GO:0006023","0.11273558533667889","0.9479389759151462","75","1691","10","21017","PDGFB,EGF,TGFB1,IL1B,NFKB1,CLTC,HYAL1,ANGPT1,HAS2,HAS1"
"GO:BP","translational initiation","GO:0006413","0.11356203225156132","0.9447668441512735","126","1691","15","21017","DDX3X,TNF,TPR,CCL5,ATF4,PML,MTOR,PPP1CA,FMR1,EIF2B5,METTL3,BANK1,RBM4,EIF2AK4,EIF2B4"
"GO:BP","phosphatidylcholine metabolic process","GO:0046470","0.11566049153433819","0.9368149663623815","76","1691","10","21017","APOA1,APOA2,APOC1,CHAT,NR1H2,RAB38,NR1H3,PLA2G2F,PLA2G2D,PCYT1B"
"GO:BP","protein autoubiquitination","GO:0051865","0.11566049153433819","0.9368149663623815","76","1691","10","21017","WWP2,PARK2,TRIM13,TRIM37,TRIM21,UBE2B,LRRK2,LRSAM1,TRIM11,RNF41"
"GO:BP","nucleoside metabolic process","GO:0009116","0.11818306159590385","0.927444763578012","57","1691","8","21017","ADA,APOBEC3A,CDA,APOBEC3H,APOBEC3F,APOBEC3D,APOBEC3G,APOBEC3C"
"GO:BP","intracellular pH reduction","GO:0051452","0.11818306159590385","0.927444763578012","57","1691","8","21017","ATP6AP2,SNAPIN,BCL2,LAMP1,PPT1,RAB7A,RAB38,TPCN2"
"GO:BP","endosome organization","GO:0007032","0.12382951857250286","0.9071758155336788","97","1691","12","21017","SYNJ1,PARK2,SNX3,VPS4B,ATP6AP2,RAB7A,RAB27A,SQSTM1,SNX33,VPS33B,CORO1C,CHMP3"
"GO:BP","regulation of transcription elongation by RNA polymerase II","GO:0034243","0.12413666041892604","0.9060999423817581","87","1691","11","21017","CCNK,PARP1,CTNNB1,HNRNPU,SHH,EZH2,CDC73,LDB1,LEO1,EAF2,ZMYND8"
"GO:BP","regulation of protein depolymerization","GO:1901879","0.13207547953112694","0.879177803829785","88","1691","11","21017","SLN,APC2,RDX,ACTN2,MAP1B,F2RL1,DMTN,SEMA5A,CLASP1,C16ORF45,CIB1"
"GO:BP","establishment of RNA localization","GO:0051236","0.134564160144849","0.871070594821851","161","1691","18","21017","TNKS,HNRNPA1,TPR,ZFP36,TGFBR2,TERF1,FMR1,ZFP36L1,DHX9,ATM,SMG6,PNPT1,THOC1,ATXN2,NDC1,WNK1,ENY2,G3BP2"
"GO:BP","transition metal ion transport","GO:0000041","0.13834493943790832","0.8590367224239167","99","1691","12","21017","TRPM2,IFNG,LTF,HRG,MT3,B2M,HAMP,CLTC,ATP7A,HFE,MCOLN1,SLC30A1"
"GO:BP","cytoskeleton-dependent cytokinesis","GO:0061640","0.14120280754070139","0.8501566681049476","120","1691","14","21017","ROCK2,VPS4B,PLK1,RHOB,ANK3,UNC119,IQGAP2,ESPL1,SNX33,BBS4,SEPT5,LZTS2,WNK1,CHMP3"
"GO:BP","cell differentiation in spinal cord","GO:0021515","0.14220778517227647","0.8470766274824089","50","1691","7","21017","GATA2,NOTCH1,WNT3A,SHH,DRAXIN,DLL4,SUFU"
"GO:BP","bile acid metabolic process","GO:0008206","0.15388691920058506","0.8127982947912933","51","1691","7","21017","KIT,NR1D1,LEP,STAR,PROX1,SIRT1,NR1H4"
"GO:BP","protein folding","GO:0006457","0.1557141814343658","0.8076718329153421","219","1691","23","21017","TOR1A,WFS1,BAG4,CRYAA,CRYAB,APCS,CD74,HSP90AB1,HSPA1A,NPPC,ERP29,DNAJA1,ARL2,HSPA9,HSPA2,B2M,FKBP1A,FKBP1B,CSNK2A1,PRDX4,HSPH1,ERO1A,DNAJC5"
"GO:BP","organic hydroxy compound catabolic process","GO:1901616","0.15634327285934072","0.8059208008484281","61","1691","8","21017","CYP27B1,APOE,COMT,NTSR1,CYP4F2,SLC6A3,TKFC,FGF23"
"GO:BP","metaphase chromosome alignment","GO:0051310","0.16044077988177755","0.7946852356362314","102","1691","12","21017","MEIOC,VPS4B,RB1,HNRNPU,CENPC,DCTN2,PSRC1,PIBF1,KAT2B,RCC2,CHMP3,MAD1L1"
"GO:BP","acylglycerol biosynthetic process","GO:0046463","0.16571647817115787","0.7806343049603051","52","1691","7","21017","ANG,SREBF1,NR1H2,SIK1,NR1H3,RGN,SIRT1"
"GO:BP","neutral lipid biosynthetic process","GO:0046460","0.16571647817115787","0.7806343049603051","52","1691","7","21017","ANG,SREBF1,NR1H2,SIK1,NR1H3,RGN,SIRT1"
"GO:BP","regulation of mRNA processing","GO:0050684","0.1715169744984194","0.765692892727939","135","1691","15","21017","HNRNPA1,PRDX6,HNRNPU,FMR1,C1QBP,ZFP36L1,DHX9,REST,DYRK1A,CDC73,SRPK1,RBM15,BARD1,RBM4,THRAP3"
"GO:BP","chaperone-mediated protein folding","GO:0061077","0.17673999701076232","0.7526651566878502","73","1691","9","21017","TOR1A,CD74,HSPA1A,HSPA9,HSPA2,CSNK2A1,HSPH1,ERO1A,DNAJC5"
"GO:BP","mitotic G2/M transition checkpoint","GO:0044818","0.1767505661747346","0.7526391863787619","53","1691","7","21017","NBN,PLK1,ATM,BRSK1,RAD50,CDK5RAP3,BARD1"
"GO:BP","inorganic cation import across plasma membrane","GO:0098659","0.18287447408875254","0.7378469098108906","126","1691","14","21017","CACNA1A,TRPM2,IFNG,PRNP,PPP3CB,SLC8A1,CACNA1B,PPP3CA,ABCC8,KCNH2,DLG1,KCNJ11,TRPV1,SLC30A1"
"GO:BP","inorganic ion import across plasma membrane","GO:0099587","0.18287447408875254","0.7378469098108906","126","1691","14","21017","CACNA1A,TRPM2,IFNG,PRNP,PPP3CB,SLC8A1,CACNA1B,PPP3CA,ABCC8,KCNH2,DLG1,KCNJ11,TRPV1,SLC30A1"
"GO:BP","NAD metabolic process","GO:0019674","0.18873277338625244","0.7241526781873363","64","1691","8","21017","ENO1,IDO1,NQO1,PFKL,CD38,NAMPT,PARP10,SARM1"
"GO:BP","phosphatidylinositol phosphate biosynthetic process","GO:0046854","0.19386687168517594","0.7124963975924077","65","1691","8","21017","SOCS6,SYNJ1,SOCS5,PIK3R1,ITPKB,ATM,SLA2,IP6K2"
"GO:BP","cell-cell recognition","GO:0009988","0.19386687168517594","0.7124963975924077","75","1691","9","21017","CCL21,ZP3,CCR7,ZP2,ZP4,OVGP1,DLG1,HAVCR2,CCL19"
"GO:BP","establishment of protein localization to membrane","GO:0090150","0.19702949471494785","0.7054687564113216","491","1691","46","21017","AP3B1,SDCBP,ITGB1BP1,LYPLA1,EGFR,HRAS,PRNP,ERBB2,BRAF,KCNE1,ADORA1,GDI1,RDX,CSK,BAG6,RAB7A,SNAP25,STX1B,VAMP2,RACK1,CDK5,BAX,DMTN,ANK3,STX3,SCRIB,KCNB1,RAB3GAP1,CDK5R1,VAMP3,PKDCC,SNAP47,USP17L2,RSC1A1,VPS35,CHP1,CIB1,INPP5K,BBS2,ARL6,KIF13A,WNK1,ATG3,NDUFA13,RABGEF1,TCAF1"
"GO:BP","sphingolipid metabolic process","GO:0006665","0.2104817008561635","0.6767856554703305","164","1691","17","21017","SGPL1,TH,KIT,PPP2R1A,PPT1,NAGLU,PPP2CA,CREM,PRKCD,BAX,PRKAA1,PRKD1,SPNS2,SMPDL3B,CERS2,P2RX7,VAPA"
"GO:BP","regulation of alternative mRNA splicing, via spliceosome","GO:0000381","0.21394883324947683","0.6696900775590885","57","1691","7","21017","HNRNPA1,HNRNPU,FMR1,REST,RBM15,RBM4,THRAP3"
"GO:BP","retina homeostasis","GO:0001895","0.21394883324947683","0.6696900775590885","57","1691","7","21017","SOD1,CDH3,RPE65,NXNL2,NXNL1,BBS4,BBS2"
"GO:BP","monocarboxylic acid catabolic process","GO:0072329","0.21792837192449824","0.6616862256136116","132","1691","14","21017","FABP1,CNR1,AKT1,IRS1,LEP,CPT1A,SESN2,CYP4F2,PPARD,PPARA,TWIST1,ADIPOQ,HADH,IRS2"
"GO:BP","cellular catabolic process","GO:0044248","0.2228141590147115","0.6520572148152953","324","1691","31","21017","TGFB1,APOE,FABP1,CTSH,IDO1,DPEP1,CNR1,NOS3,NOS1,AKT1,NOS2,IRS1,LEP,NEDD4,CPT1A,NAGLU,SESN2,CYP4F2,ABAT,CDK5,PPARD,PPARA,HYAL1,MTMR2,TWIST1,ADIPOQ,NFE2L2,HADH,GAD1,LGMN,IRS2"
"GO:BP","cell-cell adhesion via plasma-membrane adhesion molecules","GO:0098742","0.23298058007887096","0.6326802777554358","280","1691","27","21017","CLDN4,KLF4,ADGRL1,CRTAM,APOA1,ICAM1,CEACAM1,PVR,CDH3,IL10,PTPRM,TGFBR2,CLDN18,TGFB2,CX3CL1,PKD1,MAP2K5,MAPK7,ADIPOQ,NLGN1,NECTIN2,PTPN23,WNK1,CD84,NRXN1,PLXNB3,ROBO1"
"GO:BP","negative regulation of cell cycle G2/M phase transition","GO:1902750","0.2339138422010357","0.630944077405677","69","1691","8","21017","NBN,PLK1,ATM,BRSK1,RAD50,CDK5RAP3,BARD1,ATF5"
"GO:BP","negative regulation of protein polymerization","GO:0032272","0.2377894010051976","0.6238075071081666","80","1691","9","21017","SLIT2,PFN2,RDX,SNCA,PRKCD,DMTN,DYRK1A,BBS4,ARFGEF1"
"GO:BP","nuclear-transcribed mRNA catabolic process, deadenylation-dependent decay","GO:0000288","0.23925190324039916","0.621144598740187","59","1691","7","21017","ZFP36,HNRNPU,ZFP36L1,DHX9,HNRNPD,RC3H1,NOCT"
"GO:BP","positive regulation of DNA-templated transcription, elongation","GO:0032786","0.23925190324039916","0.621144598740187","59","1691","7","21017","CCNK,PARP1,CTNNB1,CDC73,LDB1,LEO1,ZMYND8"
"GO:BP","RNA transport","GO:0050658","0.24940706213656302","0.6030912533293424","158","1691","16","21017","TNKS,HNRNPA1,TPR,ZFP36,TGFBR2,FMR1,ZFP36L1,DHX9,SMG6,PNPT1,THOC1,ATXN2,NDC1,WNK1,ENY2,G3BP2"
"GO:BP","nucleic acid transport","GO:0050657","0.24940706213656302","0.6030912533293424","158","1691","16","21017","TNKS,HNRNPA1,TPR,ZFP36,TGFBR2,FMR1,ZFP36L1,DHX9,SMG6,PNPT1,THOC1,ATXN2,NDC1,WNK1,ENY2,G3BP2"
"GO:BP","glycosyl compound metabolic process","GO:1901657","0.24940706213656302","0.6030912533293424","81","1691","9","21017","ADA,TH,APOBEC3A,CDA,APOBEC3H,APOBEC3F,APOBEC3D,APOBEC3G,APOBEC3C"
"GO:BP","positive regulation of transcription elongation by RNA polymerase II","GO:0032968","0.2605575399500661","0.5840963548083777","50","1691","6","21017","CCNK,CTNNB1,CDC73,LDB1,LEO1,ZMYND8"
"GO:BP","pyrimidine-containing compound metabolic process","GO:0072527","0.26091837331362205","0.5834953377347099","82","1691","9","21017","TYMS,APOBEC3A,CDA,MTOR,APOBEC3H,APOBEC3F,APOBEC3D,APOBEC3G,APOBEC3C"
"GO:BP","peptide metabolic process","GO:0006518","0.2690658508339282","0.5701414183101603","62","1691","7","21017","ELANE,CTSH,DMD,PAM,NFE2L2,PGLYRP2,MGST2"
"GO:BP","positive regulation of transcription initiation by RNA polymerase II","GO:0060261","0.2690658508339282","0.5701414183101603","62","1691","7","21017","TP53,ERCC1,NFKB1,NFKBIA,HNF1B,TAF3,MED13"
"GO:BP","mRNA transport","GO:0051028","0.26927280652081736","0.5698075031583714","128","1691","13","21017","TNKS,HNRNPA1,TPR,ZFP36,FMR1,ZFP36L1,DHX9,SMG6,THOC1,NDC1,WNK1,ENY2,G3BP2"
"GO:BP","RNA localization","GO:0006403","0.2774562697843813","0.5568054568220853","197","1691","19","21017","TNKS,HNRNPA1,TPR,ZFP36,TGFBR2,TERF1,HNRNPU,FMR1,ZFP36L1,DHX9,ATM,SMG6,PNPT1,THOC1,ATXN2,NDC1,WNK1,ENY2,G3BP2"
"GO:BP","microtubule-based movement","GO:0007018","0.27909938673184076","0.5542411177903732","430","1691","39","21017","RAB27B,AP3B1,PEX14,SUN1,RASGRP1,SNAPIN,SOD1,SEMG1,MAPT,LAMP1,TACR2,DNAJA1,HTT,MAP1B,HAP1,UBE2B,BLOC1S1,HNRNPU,SEMG2,RGN,TERF2,STK11,HIF1A,BLOC1S3,BLOC1S2,MREG,BLOC1S5,TRAF3IP1,DTNBP1,BBS4,FUZ,BBS2,ING2,KIF13A,LZTFL1,BLOC1S4,RABGEF1,FBXW11,BLOC1S6"
"GO:BP","attachment of spindle microtubules to kinetochore","GO:0008608","0.2941176094227634","0.5314789726157116","53","1691","6","21017","RB1,HNRNPU,CENPC,KAT2B,RCC2,MAD1L1"
"GO:BP","regulation of RNA splicing","GO:0043484","0.29674057980423785","0.5276230590758986","188","1691","18","21017","HNRNPA1,HSPA1A,PIK3R1,PRDX6,TMBIM6,HNRNPU,FMR1,C1QBP,REST,DYRK1A,BRDT,SETX,KAT2B,SRPK1,RBM15,RBM4,ENY2,THRAP3"
"GO:BP","mitotic spindle assembly","GO:0090307","0.29721587856200277","0.5269279923958206","75","1691","8","21017","VPS4B,HSPA1A,TPR,PLK1,HNRNPU,CLASP1,PIBF1,CHMP3"
"GO:BP","membrane lipid metabolic process","GO:0006643","0.30377422849792185","0.517449073448542","212","1691","20","21017","SGPL1,TNF,TH,KIT,PPP2R1A,PPT1,NAGLU,PPP2CA,CREM,PRKCD,BAX,PRKAA1,PRKD1,CYP1B1,SPNS2,SMPDL3B,CERS2,P2RX7,MGST2,VAPA"
"GO:BP","inner ear receptor cell development","GO:0060119","0.3097603025468486","0.5089742401905191","54","1691","6","21017","SOD1,SDC4,NAGLU,MYO7A,SCRIB,HES1"
"GO:BP","establishment of protein localization to vacuole","GO:0072666","0.31086401701238386","0.507429545301183","65","1691","7","21017","AP3B1,TNFAIP3,NEDD4,RAB7A,SQSTM1,PXK,PTPN23"
"GO:BP","protein modification by small protein removal","GO:0070646","0.31327295098582064","0.5040771019096512","144","1691","14","21017","TOR1A,USP2,TRIM21,TNFAIP3,GPS1,TNIP1,ZC3H12A,YOD1,OTUD7B,USP17L2,USP13,USP7,PARK7,CYLD"
"GO:BP","negative regulation of actin filament polymerization","GO:0030837","0.32263512871396793","0.4912883481186325","66","1691","7","21017","SLIT2,PFN2,RDX,PRKCD,DMTN,BBS4,ARFGEF1"
"GO:BP","lipoprotein biosynthetic process","GO:0042158","0.32263512871396793","0.4912883481186325","55","1691","6","21017","PPM1B,APOA1,APOE,PPM1A,RAB3GAP1,SVIP"
"GO:BP","glutamine family amino acid metabolic process","GO:0009064","0.32263512871396793","0.4912883481186325","77","1691","8","21017","NOS3,NOS1,NOS2,UCP2,GFPT1,NR1H4,GAD1,SIRT4"
"GO:BP","heterophilic cell-cell adhesion via plasma membrane cell adhesion molecules","GO:0007157","0.32263512871396793","0.4912883481186325","55","1691","6","21017","ADGRL1,CRTAM,ICAM1,PVR,NLGN1,NRXN1"
"GO:BP","vesicle targeting","GO:0006903","0.32263512871396793","0.4912883481186325","66","1691","7","21017","SNAP23,NAGLU,SCRIB,AP1AR,CLASP1,NLGN1,SEPT5"
"GO:BP","nuclear-transcribed mRNA catabolic process","GO:0000956","0.3233581786578586","0.4903161500220832","123","1691","12","21017","NF1,ZFP36,HNRNPU,ZFP36L1,DHX9,ATM,HNRNPD,ZC3H12A,RC3H1,SMG6,NOCT,THRAP3"
"GO:BP","L-amino acid metabolic process","GO:0170033","0.32929516519779206","0.4824146456723446","193","1691","18","21017","DHFR,TH,TYR,IDO1,ATF4,NOS3,NOS1,NOS2,UCP2,ATP7A,OCA2,GFPT1,NR1H4,GAD1,PARK7,EGLN1,SLC45A2,SIRT4"
"GO:BP","negative regulation of G2/M transition of mitotic cell cycle","GO:0010972","0.33099386930777924","0.48018005018337284","67","1691","7","21017","NBN,PLK1,ATM,BRSK1,RAD50,CDK5RAP3,BARD1"
"GO:BP","primary alcohol metabolic process","GO:0034308","0.33268444091782334","0.47796750986620073","101","1691","10","21017","RBP4,IGF1,BMP5,EDNRB,WNT4,DAB2,REST,RPE65,CYP1B1,PARK7"
"GO:BP","nucleobase-containing compound transport","GO:0015931","0.3442707859539695","0.4630998289865441","230","1691","21","21017","TNKS,SLC25A5,HNRNPA1,TPR,CR1,ZFP36,ADORA1,TGFBR2,FMR1,ZFP36L1,DHX9,SMG6,PNPT1,RSC1A1,THOC1,P2RX7,ATXN2,NDC1,WNK1,ENY2,G3BP2"
"GO:BP","ATP biosynthetic process","GO:0006754","0.3444188857390558","0.46291304262087263","102","1691","10","21017","NDUFS3,TGFB1,IL4,ENO1,PARP1,PPARA,PID1,FLCN,NDUFA13,PPARGC1A"
"GO:BP","protein deubiquitination","GO:0016579","0.3444343620275505","0.46289352825633556","125","1691","12","21017","USP2,TRIM21,TNFAIP3,TNIP1,ZC3H12A,YOD1,OTUD7B,USP17L2,USP13,USP7,PARK7,CYLD"
"GO:BP","Golgi vesicle transport","GO:0048193","0.34513115500619684","0.462015835154878","301","1691","27","21017","SNAP23,SNX3,CCDC22,LYPLA1,LAMP1,CSK,HTT,ARCN1,NAPA,VAMP2,RACK1,ANK3,PRKD1,VAMP3,PKDCC,LRRK2,AP1AR,COMMD1,RSC1A1,RAB7B,BBS2,RAB33B,KIF13A,GOPC,VAPA,SNX12,MYO5A"
"GO:BP","glycoprotein metabolic process","GO:0009100","0.349515684851712","0.45653333009941083","373","1691","33","21017","BMPR1B,CCL21,OGT,IL33,COL2A1,APCS,IGF1,BCL2,COL11A1,CCR7,CTNNB1,LEP,JAK3,NAGLU,ATP7A,BTK,GFPT1,HYAL1,BMPR2,IHH,TNIP1,HIF1A,SULF1,PAWR,DERL3,PARK7,CHP1,CCL19,TMEM59,PLCB1,TCF7L2,UBE2J1,ARFGEF1"
"GO:BP","regulation of mRNA splicing, via spliceosome","GO:0048024","0.3501908885946283","0.45569515775158087","114","1691","11","21017","HNRNPA1,PRDX6,HNRNPU,FMR1,C1QBP,REST,DYRK1A,SRPK1,RBM15,RBM4,THRAP3"
"GO:BP","alpha-amino acid metabolic process","GO:1901605","0.35763311161251493","0.446562278676781","220","1691","20","21017","DHFR,TH,TYR,IDO1,DPEP1,ATF4,NOS3,NOS1,NOS2,HNF4A,UCP2,ATP7A,OCA2,GFPT1,NR1H4,GAD1,PARK7,EGLN1,SLC45A2,SIRT4"
"GO:BP","non-proteinogenic amino acid metabolic process","GO:0170041","0.35932081553099415","0.4445176232952197","69","1691","7","21017","IDO1,DPEP1,HNF4A,ABAT,GAD1,PARK7,EGLN1"
"GO:BP","non-motile cilium assembly","GO:1905515","0.35932081553099415","0.4445176232952197","69","1691","7","21017","HAP1,DCTN1,BBS7,PIBF1,BBS4,FUZ,BBS2"
"GO:BP","actin filament depolymerization","GO:0030042","0.3640726817617869","0.4388119071830968","58","1691","6","21017","RDX,ACTN2,F2RL1,DMTN,SEMA5A,PPP1R9B"
"GO:BP","inorganic anion transport","GO:0015698","0.3864513626879057","0.412905156973151","165","1691","15","21017","ANO9,CLDN4,APOL1,CLIC2,CEBPB,GABRB1,ATF4,ENPP1,UCP2,SLC26A5,GABRE,OCA2,SFRP4,WNK4,FGF23"
"GO:BP","negative regulation of protein depolymerization","GO:1901880","0.3966269845386906","0.40161774187660226","72","1691","7","21017","APC2,RDX,MAP1B,DMTN,CLASP1,C16ORF45,CIB1"
"GO:BP","purine nucleotide biosynthetic process","GO:0006164","0.39880648951878506","0.3992377833110646","202","1691","18","21017","NDUFS3,ADA,TGFB1,IL4,ENO1,PARP1,IDO1,NPR2,NPPC,NOS3,NAMPT,PPARA,ADCY1,PARP10,PID1,FLCN,NDUFA13,PPARGC1A"
"GO:BP","organophosphate ester transport","GO:0015748","0.40561112631096174","0.3918901403877888","167","1691","15","21017","ANO9,PLSCR1,APOA1,APOE,APOA2,APOC1,APOC2,SLC25A5,CR1,ABCB4,PRKCD,P2RX7,OSBPL8,ABCG8,VAPA"
"GO:BP","actin nucleation","GO:0045010","0.4211817371981999","0.3755304684599611","62","1691","6","21017","TRIM27,CORO1A,IQGAP2,AP1AR,CORO1B,MAGEL2"
"GO:BP","ribose phosphate biosynthetic process","GO:0046390","0.43760499836003813","0.3589177260992468","183","1691","16","21017","NDUFS3,ADA,TGFB1,IL4,ENO1,PARP1,G6PD,NPR2,NPPC,CDA,PPARA,ADCY1,PID1,FLCN,NDUFA13,PPARGC1A"
"GO:BP","sulfur compound metabolic process","GO:0006790","0.44199450001710955","0.35458313478457604","329","1691","28","21017","ARL6IP5,GSR,SOD1,HMGCR,SOD2,GPX1,GSTA1,GSTP1,GSTM1,G6PD,DPEP1,GSTM3,LPO,ENPP1,AHCY,EDNRB,GSTM2,CTNNB1,SNCA,PPT1,STAT5B,NAGLU,GSTO1,HYAL1,ANGPT1,NFE2L2,MGST2,TCF7L2"
"GO:BP","cellular respiration","GO:0045333","0.44203649237520365","0.3545418759382844","244","1691","21","21017","NDUFS3,TNF,IFNG,CAT,SOD2,IL4,NOS2,ARL2,SNCA,MSH2,IDH2,BLOC1S1,ATP7A,HIF1A,FLCN,PNPT1,IMMP2L,PARK7,MYBBP1A,NDUFA13,PPARGC1A"
"GO:BP","phospholipid translocation","GO:0045332","0.4440876295646932","0.3525313242967548","52","1691","5","21017","ANO9,PLSCR1,ABCB4,PRKCD,P2RX7"
"GO:BP","proteinogenic amino acid metabolic process","GO:0170039","0.4466023724445801","0.3500789741959443","184","1691","16","21017","DHFR,TH,TYR,IDO1,ATF4,NOS3,NOS1,NOS2,UCP2,ATP7A,OCA2,GFPT1,NR1H4,GAD1,SLC45A2,SIRT4"
"GO:BP","glycosphingolipid metabolic process","GO:0006687","0.4469849113755876","0.3497071368611776","64","1691","6","21017","KIT,NAGLU,CREM,PRKCD,BAX,PRKAA1"
"GO:BP","glycerolipid catabolic process","GO:0046503","0.4469849113755876","0.3497071368611776","64","1691","6","21017","APOA2,APOC1,APOC2,PRDX6,ABHD6,PLCB1"
"GO:BP","purine ribonucleotide biosynthetic process","GO:0009152","0.4578403639066746","0.3392859219079019","161","1691","14","21017","NDUFS3,ADA,TGFB1,IL4,ENO1,PARP1,NPR2,NPPC,PPARA,ADCY1,PID1,FLCN,NDUFA13,PPARGC1A"
"GO:BP","ribosome assembly","GO:0042255","0.46127386159424166","0.33604115429485143","53","1691","5","21017","DDX3X,XRCC5,RPS19,PRKDC,C1QBP"
"GO:BP","regulation of actin filament depolymerization","GO:0030834","0.46127386159424166","0.33604115429485143","53","1691","5","21017","RDX,ACTN2,F2RL1,DMTN,SEMA5A"
"GO:BP","purine ribonucleoside triphosphate biosynthetic process","GO:0009206","0.4616055191043909","0.3357290072564567","113","1691","10","21017","NDUFS3,TGFB1,IL4,ENO1,PARP1,PPARA,PID1,FLCN,NDUFA13,PPARGC1A"
"GO:BP","purine nucleoside triphosphate biosynthetic process","GO:0009145","0.47312030456665494","0.32502841324496334","114","1691","10","21017","NDUFS3,TGFB1,IL4,ENO1,PARP1,PPARA,PID1,FLCN,NDUFA13,PPARGC1A"
"GO:BP","endoplasmic reticulum organization","GO:0007029","0.4744633327984655","0.323797344835437","102","1691","9","21017","CASQ1,BAG6,TRDN,RAB3GAP1,LRRK2,JAGN1,WNK1,RTN4,VAPA"
"GO:BP","porphyrin-containing compound metabolic process","GO:0006778","0.4772526598378432","0.32125164250542376","54","1691","5","21017","AMBP,HMOX1,SLC6A9,ABCC2,SRRD"
"GO:BP","nucleoside triphosphate biosynthetic process","GO:0009142","0.4785467997348559","0.32007558375395145","127","1691","11","21017","NDUFS3,TGFB1,TYMS,IL4,ENO1,PARP1,PPARA,PID1,FLCN,NDUFA13,PPARGC1A"
"GO:BP","ribonucleotide biosynthetic process","GO:0009260","0.480546379579448","0.3182646903609264","176","1691","15","21017","NDUFS3,ADA,TGFB1,IL4,ENO1,PARP1,NPR2,NPPC,CDA,PPARA,ADCY1,PID1,FLCN,NDUFA13,PPARGC1A"
"GO:BP","RNA export from nucleus","GO:0006405","0.48463419207502795","0.31458594862677064","91","1691","8","21017","HNRNPA1,TPR,FMR1,DHX9,SMG6,THOC1,WNK1,ENY2"
"GO:BP","organic acid catabolic process","GO:0016054","0.49269947422124655","0.30741790117736034","251","1691","21","21017","FABP1,IDO1,DPEP1,CNR1,NOS3,NOS1,AKT1,NOS2,IRS1,LEP,CPT1A,SESN2,CYP4F2,ABAT,PPARD,PPARA,TWIST1,ADIPOQ,HADH,GAD1,IRS2"
"GO:BP","carboxylic acid catabolic process","GO:0046395","0.49269947422124655","0.30741790117736034","251","1691","21","21017","FABP1,IDO1,DPEP1,CNR1,NOS3,NOS1,AKT1,NOS2,IRS1,LEP,CPT1A,SESN2,CYP4F2,ABAT,PPARD,PPARA,TWIST1,ADIPOQ,HADH,GAD1,IRS2"
"GO:BP","nucleotide biosynthetic process","GO:0009165","0.5029308772562626","0.298491700210536","240","1691","20","21017","NDUFS3,ADA,TGFB1,TYMS,IL4,ENO1,PARP1,IDO1,NPR2,NPPC,NOS3,CDA,NAMPT,PPARA,ADCY1,PARP10,PID1,FLCN,NDUFA13,PPARGC1A"
"GO:BP","monoatomic anion transmembrane transport","GO:0098656","0.5078988062386504","0.2942228079325288","142","1691","12","21017","ANO9,CLDN4,APOL1,CLIC2,GABRB1,UCP2,SLC26A5,GABRE,OCA2,ABCC2,GOPC,TCAF1"
"GO:BP","monoatomic anion transport","GO:0006820","0.511346016127603","0.29128512326981976","167","1691","14","21017","ANO9,CLDN4,APOL1,CLIC2,GABRB1,STC1,UCP2,SLC26A5,GABRE,OCA2,ABCC2,WNK4,GOPC,TCAF1"
"GO:BP","amino acid metabolic process","GO:0006520","0.5125743952725437","0.2902430920058127","303","1691","25","21017","DHFR,INS,TH,TYR,IDO1,DPEP1,TPH1,ATF4,DDC,NOS3,NOS1,NOS2,HNF4A,UCP2,ABAT,ATP7A,OCA2,GFPT1,TPH2,NR1H4,GAD1,PARK7,EGLN1,SLC45A2,SIRT4"
"GO:BP","carboxylic acid transmembrane transport","GO:1905039","0.5182666494836682","0.2854467371593561","143","1691","12","21017","NFKBIE,SLC22A2,ARL6IP5,TNF,THBS1,CD36,NTSR1,AKT1,SLC6A9,CPT1A,UCP2,IRS2"
"GO:BP","lipid translocation","GO:0034204","0.5203656498253958","0.2836913796424571","57","1691","5","21017","ANO9,PLSCR1,ABCB4,PRKCD,P2RX7"
"GO:BP","ribonucleoside triphosphate biosynthetic process","GO:0009201","0.5227011328209782","0.2817465586790493","119","1691","10","21017","NDUFS3,TGFB1,IL4,ENO1,PARP1,PPARA,PID1,FLCN,NDUFA13,PPARGC1A"
"GO:BP","vesicle budding from membrane","GO:0006900","0.5244704963246576","0.2802789376778417","82","1691","7","21017","WASL,PARK2,SNX3,RAB7A,PICALM,P2RX7,VAPA"
"GO:BP","chloride transmembrane transport","GO:1902476","0.5271972670645847","0.2780268497453186","107","1691","9","21017","ANO9,CLDN4,APOL1,CLIC2,GABRB1,UCP2,SLC26A5,GABRE,OCA2"
"GO:BP","transcription by RNA polymerase I","GO:0006360","0.5300229574550595","0.27570531892728517","70","1691","6","21017","POLR1A,ERBB2,ATF4,MTOR,SMARCA4,MYBBP1A"
"GO:BP","mRNA export from nucleus","GO:0006406","0.5445914495331454","0.263929181669804","71","1691","6","21017","TPR,FMR1,SMG6,THOC1,WNK1,ENY2"
"GO:BP","chloride transport","GO:0006821","0.5558468546657943","0.25504484750981254","122","1691","10","21017","ANO9,CLDN4,APOL1,CLIC2,GABRB1,UCP2,SLC26A5,GABRE,OCA2,WNK4"
"GO:BP","L-alpha-amino acid transmembrane transport","GO:1902475","0.5587366896586594","0.2527928095900283","72","1691","6","21017","SLC22A2,ARL6IP5,TNF,NTSR1,SLC6A9,UCP2"
"GO:BP","organic acid transmembrane transport","GO:1903825","0.5620587271252453","0.2502183044773123","148","1691","12","21017","NFKBIE,SLC22A2,ARL6IP5,TNF,THBS1,CD36,NTSR1,AKT1,SLC6A9,CPT1A,UCP2,IRS2"
"GO:BP","protein localization to cilium","GO:0061512","0.5696107734893666","0.24442180514589287","73","1691","6","21017","RAB29,RAB11FIP3,GSK3B,BBS4,ARL6,LZTFL1"
"GO:BP","transport across blood-brain barrier","GO:0150104","0.5870510833121304","0.23132410618798196","87","1691","7","21017","SLC22A2,APOE,CD36,SLC6A9,LRP1,AGER,ABCC2"
"GO:BP","vascular transport","GO:0010232","0.5870510833121304","0.23132410618798196","87","1691","7","21017","SLC22A2,APOE,CD36,SLC6A9,LRP1,AGER,ABCC2"
"GO:BP","regulation of membrane lipid distribution","GO:0097035","0.5949523120690828","0.22551784340632372","62","1691","5","21017","ANO9,PLSCR1,ABCB4,PRKCD,P2RX7"
"GO:BP","transcription by RNA polymerase III","GO:0006383","0.5949523120690828","0.22551784340632372","62","1691","5","21017","INHBA,PRDX5,MTOR,ZC3H8,MYBBP1A"
"GO:BP","diterpenoid metabolic process","GO:0016101","0.597032564795031","0.2240019798839035","88","1691","7","21017","EGFR,RBP4,CRH,SRD5A1,LRP1,RPE65,CYP1B1"
"GO:BP","fatty acid derivative biosynthetic process","GO:1901570","0.6077879202473108","0.21624793575010196","50","1691","4","21017","ALOX15B,ALOX15,PAM,PPT1"
"GO:BP","tetrapyrrole metabolic process","GO:0033013","0.6077879202473108","0.21624793575010196","63","1691","5","21017","AMBP,HMOX1,SLC6A9,ABCC2,SRRD"
"GO:BP","fatty acid derivative metabolic process","GO:1901568","0.6084724819306311","0.21575905788735134","76","1691","6","21017","ALOX15B,ALOX15,DPEP1,PAM,PPT1,CYP4F2"
"GO:BP","amino acid transmembrane transport","GO:0003333","0.6108802425994311","0.21404392081462703","102","1691","8","21017","NFKBIE,SLC22A2,ARL6IP5,TNF,NTSR1,SLC6A9,UCP2,SLC32A1"
"GO:BP","microtubule bundle formation","GO:0001578","0.613897087963451","0.21190442670180698","128","1691","10","21017","DCLK1,MAP1B,PLK1,UBE2B,PSRC1,CLASP1,FOXJ1,CHP1,BBS2,NISCH"
"GO:BP","sulfur compound transport","GO:0072348","0.6219615320651777","0.20623647532277212","64","1691","5","21017","SLC22A2,MGST1,GJA1,UCP2,SLC26A5"
"GO:BP","organelle disassembly","GO:1903008","0.6481573810938267","0.18831952894140142","66","1691","5","21017","AURKA,TRIM21,PRKAA2,RACK1,PRKAA1"
"GO:BP","protein transmembrane transport","GO:0071806","0.6481573810938267","0.18831952894140142","66","1691","5","21017","PEX14,TRIM37,BCR,EDNRB,BLOC1S3"
"GO:BP","sperm-egg recognition","GO:0035036","0.6531166481891553","0.18500924576836195","53","1691","4","21017","ZP3,ZP2,ZP4,OVGP1"
"GO:BP","RNA modification","GO:0009451","0.6596467210667241","0.18068859198615886","172","1691","13","21017","BAG4,AKT1,APOBEC3A,ADARB1,APOBEC3H,METTL3,YRDC,APOBEC3F,APOBEC3D,DPH3,RBM15,APOBEC3G,APOBEC3C"
"GO:BP","proteoglycan biosynthetic process","GO:0030166","0.659794272175269","0.18059145898387213","67","1691","5","21017","BMPR1B,IGF1,CTNNB1,BMPR2,TCF7L2"
"GO:BP","sensory perception of taste","GO:0050909","0.659794272175269","0.18059145898387213","67","1691","5","21017","CD36,LPO,ASIC1,ITPR3,FFAR4"
"GO:BP","ceramide metabolic process","GO:0006672","0.6623972101651866","0.17888150534820096","107","1691","8","21017","SGPL1,PPP2R1A,NAGLU,PPP2CA,PRKCD,PRKAA1,CERS2,P2RX7"
"GO:BP","intermediate filament cytoskeleton organization","GO:0045104","0.6646949822914134","0.1773775996542872","94","1691","7","21017","TOR1A,SOD1,KRT1,KRT16,SHH,ERBIN,PKP2"
"GO:BP","cytoplasmic translation","GO:0002181","0.6677537109426193","0.1753836897724466","160","1691","12","21017","RPS19,MTOR,RACK1,HNRNPU,FMR1,DHX9,EIF2B5,HNRNPD,METTL3,RBM4,EIF2AK4,EIF2B4"
"GO:BP","cilium organization","GO:0044782","0.6677752561713253","0.17536967738608944","418","1691","32","21017","AURKA,DCLK1,RAB11FIP3,PKHD1,DMD,AKT1,HTT,NOTCH1,GSK3B,HAP1,UBE2B,TRIM32,PKD2,DCTN1,BBS7,BBS5,TRAF3IP1,PIBF1,NECTIN2,FOXJ1,BBS4,FUZ,TCHP,BBS2,WWTR1,ARL6,RAB17,PTPN23,CYLD,ATG3,RAB23,NISCH"
"GO:BP","isoprenoid metabolic process","GO:0006720","0.6708459932008176","0.17337716981583937","121","1691","9","21017","EGFR,RBP4,HMGCR,CRH,TH,SRD5A1,LRP1,RPE65,CYP1B1"
"GO:BP","detection of light stimulus","GO:0009583","0.6730508001211506","0.17195215512271617","68","1691","5","21017","GNA11,UNC119,RPE65,SEMA5B,OPN4"
"GO:BP","electron transport chain","GO:0022900","0.6756766013162863","0.170261120434463","174","1691","13","21017","NDUFS3,GSR,SOD2,CYP19A1,IDO1,GPX2,SRD5A1,SNCA,ENOX2,IMMP2L,PARK7,MYBBP1A,PPARGC1A"
"GO:BP","intermediate filament-based process","GO:0045103","0.6758062861241634","0.1701777728802409","95","1691","7","21017","TOR1A,SOD1,KRT1,KRT16,SHH,ERBIN,PKP2"
"GO:BP","purine-containing compound biosynthetic process","GO:0072522","0.6758062861241634","0.1701777728802409","265","1691","20","21017","NDUFS3,ADA,TGFB1,IL4,ENO1,PARP1,IDO1,NPR2,NPPC,NOS3,SNCA,NAMPT,PPT1,PPARA,ADCY1,PARP10,PID1,FLCN,NDUFA13,PPARGC1A"
"GO:BP","transcription preinitiation complex assembly","GO:0070897","0.6906822192435664","0.160721724222317","83","1691","6","21017","ESR1,TP53,HMGB1,THRA,SMARCA4,TAF3"
"GO:BP","motile cilium assembly","GO:0044458","0.6973367265283694","0.15655746127065687","70","1691","5","21017","DMD,UBE2B,BBS5,FOXJ1,BBS2"
"GO:BP","RNA polymerase II preinitiation complex assembly","GO:0051123","0.6973367265283694","0.15655746127065687","70","1691","5","21017","ESR1,TP53,HMGB1,THRA,TAF3"
"GO:BP","terpenoid metabolic process","GO:0006721","0.7154409558472207","0.1454262020269583","99","1691","7","21017","EGFR,RBP4,CRH,SRD5A1,LRP1,RPE65,CYP1B1"
"GO:BP","inorganic anion transmembrane transport","GO:0098661","0.7244337258556909","0.14000133940149678","127","1691","9","21017","ANO9,CLDN4,APOL1,CLIC2,GABRB1,UCP2,SLC26A5,GABRE,OCA2"
"GO:BP","cilium assembly","GO:0060271","0.7270535787817112","0.13843358348505738","391","1691","29","21017","DCLK1,RAB11FIP3,PKHD1,DMD,AKT1,HTT,NOTCH1,GSK3B,HAP1,UBE2B,TRIM32,DCTN1,BBS7,BBS5,TRAF3IP1,PIBF1,FOXJ1,BBS4,FUZ,TCHP,BBS2,WWTR1,ARL6,RAB17,PTPN23,CYLD,ATG3,RAB23,NISCH"
"GO:BP","neutral amino acid transport","GO:0015804","0.7315763715876897","0.1357403297877427","59","1691","4","21017","NFKBIE,LEP,SLC6A9,SLC32A1"
"GO:BP","nucleoside phosphate biosynthetic process","GO:1901293","0.7339810675162766","0.13431514223549967","314","1691","23","21017","NDUFS3,ADA,TGFB1,TYMS,IL4,ENO1,PARP1,IDO1,NPR2,NPPC,NOS3,CDA,SNCA,NAMPT,PPT1,GFPT1,PPARA,ADCY1,PARP10,PID1,FLCN,NDUFA13,PPARGC1A"
"GO:BP","ribonucleoside monophosphate metabolic process","GO:0009161","0.7642076651841603","0.11678861054909064","62","1691","4","21017","CASK,ADA,CDA,DLG1"
"GO:BP","sphingolipid biosynthetic process","GO:0030148","0.7770666701244072","0.10954171836125227","106","1691","7","21017","PRKCD,PRKAA1,PRKD1,SPNS2,CERS2,P2RX7,VAPA"
"GO:BP","glycoprotein biosynthetic process","GO:0009101","0.7888574956554079","0.10300144348280924","312","1691","22","21017","BMPR1B,CCL21,OGT,IL33,IGF1,BCL2,CCR7,CTNNB1,JAK3,ATP7A,GFPT1,BMPR2,TNIP1,PAWR,DERL3,CHP1,CCL19,TMEM59,PLCB1,TCF7L2,UBE2J1,ARFGEF1"
"GO:BP","nucleoside monophosphate metabolic process","GO:0009123","0.7893644726430286","0.10272242402905471","79","1691","5","21017","CASK,ADA,TYMS,CDA,DLG1"
"GO:BP","RNA 3'-end processing","GO:0031123","0.7949457744399476","0.09966249482113075","94","1691","6","21017","ZFP36L1,CDC73,PAF1,PNPT1,LEO1,BARD1"
"GO:BP","mitochondrial electron transport, NADH to ubiquinone","GO:0006120","0.805862777793831","0.09373890350576186","51","1691","3","21017","NDUFS3,SNCA,PARK7"
"GO:BP","amide biosynthetic process","GO:0043604","0.8063882779274487","0.0934557939794363","166","1691","11","21017","PAM,SNCA,PPT1,PRKCD,PRKAA1,NFE2L2,AANAT,CERS2,P2RX7,MGST2,VAPA"
"GO:BP","ceramide biosynthetic process","GO:0046513","0.8229746833066732","0.08461352453174595","68","1691","4","21017","PRKCD,PRKAA1,CERS2,P2RX7"
"GO:BP","retinol metabolic process","GO:0042572","0.8260412099463884","0.08299828584441782","53","1691","3","21017","RBP4,RPE65,CYP1B1"
"GO:BP","carbohydrate derivative transport","GO:1901264","0.8389071089540544","0.07628612534782084","85","1691","5","21017","SLC25A5,CR1,LBP,ADORA1,RSC1A1"
"GO:BP","retrograde vesicle-mediated transport, Golgi to endoplasmic reticulum","GO:0006890","0.8444114815423142","0.07344587018132752","55","1691","3","21017","HTT,ARCN1,RAB33B"
"GO:BP","proteinogenic amino acid catabolic process","GO:0170040","0.8557964077084534","0.06762954084305403","72","1691","4","21017","NOS3,NOS1,NOS2,GAD1"
"GO:BP","flagellated sperm motility","GO:0030317","0.8591214741004176","0.06594542545666464","147","1691","9","21017","SEMG1,TACR2,DNAJA1,UBE2B,SEMG2,RGN,BBS2,ING2,LZTFL1"
"GO:BP","sperm motility","GO:0097722","0.8591214741004176","0.06594542545666464","147","1691","9","21017","SEMG1,TACR2,DNAJA1,UBE2B,SEMG2,RGN,BBS2,ING2,LZTFL1"
"GO:BP","intermediate filament organization","GO:0045109","0.8627204193581965","0.0641299227113472","73","1691","4","21017","KRT1,KRT16,SHH,PKP2"
"GO:BP","respiratory electron transport chain","GO:0022904","0.8772473246981817","0.05687794755893841","121","1691","7","21017","NDUFS3,SOD2,SNCA,IMMP2L,PARK7,MYBBP1A,PPARGC1A"
"GO:BP","glycolipid metabolic process","GO:0006664","0.8824951138503117","0.054287690510929576","107","1691","6","21017","KIT,NAGLU,CREM,PRKCD,BAX,PRKAA1"
"GO:BP","L-amino acid catabolic process","GO:0170035","0.8826567958907797","0.054208130652305495","76","1691","4","21017","NOS3,NOS1,NOS2,GAD1"
"GO:BP","Golgi organization","GO:0007030","0.8834409838673187","0.05382245717797026","152","1691","9","21017","RAB29,HTT,PLK1,NAGLU,PRKD1,LRRK2,CLASP1,RAB33B,ARFGEF1"
"GO:BP","cilium movement involved in cell motility","GO:0060294","0.8850143196048549","0.05304970232470578","167","1691","10","21017","SEMG1,TACR2,DNAJA1,UBE2B,SEMG2,RGN,BBS4,BBS2,ING2,LZTFL1"
"GO:BP","liposaccharide metabolic process","GO:1903509","0.8876364484398749","0.0517648729212011","108","1691","6","21017","KIT,NAGLU,CREM,PRKCD,BAX,PRKAA1"
"GO:BP","homophilic cell adhesion via plasma membrane adhesion molecules","GO:0007156","0.8891046152239884","0.0510471353836176","168","1691","10","21017","CEACAM1,PVR,CDH3,PTPRM,PKD1,NECTIN2,PTPN23,CD84,PLXNB3,ROBO1"
"GO:BP","aerobic respiration","GO:0009060","0.8891046152239884","0.0510471353836176","197","1691","12","21017","NDUFS3,TNF,CAT,ARL2,SNCA,MSH2,IDH2,BLOC1S1,ATP7A,HIF1A,PARK7,NDUFA13"
"GO:BP","protein targeting to membrane","GO:0006612","0.8914793852436341","0.04988869508924214","339","1691","22","21017","SDCBP,ITGB1BP1,HRAS,PRNP,ERBB2,KCNE1,ADORA1,GDI1,BAG6,CDK5,DMTN,ANK3,KCNB1,CDK5R1,USP17L2,CHP1,CIB1,INPP5K,ARL6,ATG3,RABGEF1,TCAF1"
"GO:BP","amino acid biosynthetic process","GO:0008652","0.8991571184014285","0.04616441316926141","79","1691","4","21017","DHFR,ABAT,GAD1,PARK7"
"GO:BP","water-soluble vitamin metabolic process","GO:0006767","0.9019375645155787","0.04482352490246136","63","1691","3","21017","DHFR,GSTO1,RGN"
"GO:BP","mitochondrial respiratory chain complex I assembly","GO:0032981","0.9019375645155787","0.04482352490246136","63","1691","3","21017","NDUFS3,NDUFAF2,NDUFA13"
"GO:BP","NADH dehydrogenase complex assembly","GO:0010257","0.9019375645155787","0.04482352490246136","63","1691","3","21017","NDUFS3,NDUFAF2,NDUFA13"
"GO:BP","cilium or flagellum-dependent cell motility","GO:0001539","0.9039486131415675","0.0438562572053632","172","1691","10","21017","SEMG1,TACR2,DNAJA1,UBE2B,SEMG2,RGN,BBS4,BBS2,ING2,LZTFL1"
"GO:BP","cilium-dependent cell motility","GO:0060285","0.9039486131415675","0.0438562572053632","172","1691","10","21017","SEMG1,TACR2,DNAJA1,UBE2B,SEMG2,RGN,BBS4,BBS2,ING2,LZTFL1"
"GO:BP","protein-DNA complex organization","GO:0071824","0.9039834347817683","0.0438395277644428","259","1691","16","21017","RAD51C,MYC,ESR1,TP53,RB1,HMGB1,THRA,SOX9,SMARCA4,TERF1,CENPC,RAD51,DMC1,TAF3,ARID2,TSPYL2"
"GO:BP","amino acid catabolic process","GO:0009063","0.9056813747968673","0.04302456336700798","112","1691","6","21017","IDO1,NOS3,NOS1,NOS2,ABAT,GAD1"
"GO:BP","proton transmembrane transport","GO:1902600","0.9175806353803477","0.037355760359840465","161","1691","9","21017","ATP6AP2,SLC25A5,DRD4,IL13,UCP2,SLC18A3,PHB2,CHP1,SLC32A1"
"GO:BP","alpha-amino acid catabolic process","GO:1901606","0.9175806353803477","0.037355760359840465","99","1691","5","21017","IDO1,NOS3,NOS1,NOS2,GAD1"
"GO:BP","axoneme assembly","GO:0035082","0.9175806353803477","0.037355760359840465","99","1691","5","21017","DCLK1,UBE2B,FOXJ1,BBS2,NISCH"
"GO:BP","retinoid metabolic process","GO:0001523","0.9187403519854398","0.03680720856242676","83","1691","4","21017","RBP4,LRP1,RPE65,CYP1B1"
"GO:BP","sulfur compound biosynthetic process","GO:0044272","0.9208037972989874","0.03583289838934637","177","1691","10","21017","GSTA1,GSTP1,GSTM1,CTNNB1,SNCA,PPT1,ANGPT1,NFE2L2,MGST2,TCF7L2"
"GO:BP","protein-DNA complex assembly","GO:0065004","0.9261558630618729","0.03331591961227803","238","1691","14","21017","RAD51C,ESR1,TP53,RB1,HMGB1,THRA,SOX9,SMARCA4,TERF1,CENPC,RAD51,DMC1,TAF3,TSPYL2"
"GO:BP","vitamin transport","GO:0051180","0.9278555470871241","0.03251963152483544","50","1691","2","21017","SLC22A2,APOA1"
"GO:BP","pyrimidine nucleotide metabolic process","GO:0006220","0.9501947397676493","0.022187378143509625","55","1691","2","21017","TYMS,CDA"
"GO:BP","methylation","GO:0032259","0.9509683226958491","0.021833949421706172","234","1691","13","21017","SUV39H1,PRDM1,TYMS,COMT,AKT1,KDM5C,PRMT2,EZH2,METTL3,RBM15,PRMT1,SUV39H2,KMT2B"
"GO:BP","protein N-linked glycosylation","GO:0006487","0.9510249961319354","0.02180806819454684","74","1691","3","21017","GFPT1,DERL3,UBE2J1"
"GO:BP","dicarboxylic acid metabolic process","GO:0043648","0.9576448237064109","0.01879553445548364","94","1691","4","21017","DHFR,IDH2,NR1H4,GAD1"
"GO:BP","membrane lipid biosynthetic process","GO:0046467","0.9590669321408043","0.018151082876187236","145","1691","7","21017","PRKCD,PRKAA1,PRKD1,SPNS2,CERS2,P2RX7,VAPA"
"GO:BP","oxidative phosphorylation","GO:0006119","0.9590669321408043","0.018151082876187236","145","1691","7","21017","NDUFS3,TNF,SNCA,MSH2,ATP7A,PARK7,NDUFA13"
"GO:BP","mitochondrial transmembrane transport","GO:1990542","0.9647312175909152","0.015593667979190639","97","1691","4","21017","SLC25A5,CPT1A,UCP2,PNPT1"
"GO:BP","keratinization","GO:0031424","0.9717639471654624","0.012439217474642212","82","1691","3","21017","KRT1,KRT16,CDH3"
"GO:BP","rRNA metabolic process","GO:0016072","0.9722006322113418","0.01224410084447617","263","1691","14","21017","SUV39H1,ANG,TP53,MAPT,RPS19,MTOR,CDKN2A,SMARCA4,PRKDC,RNASEL,KAT2B,ISG20,GTPBP4,CHD7"
"GO:BP","RNA methylation","GO:0001510","0.9737007190282239","0.011574509289296372","83","1691","3","21017","AKT1,METTL3,RBM15"
"GO:BP","L-amino acid biosynthetic process","GO:0170034","0.975203590175225","0.010904708547981295","64","1691","2","21017","DHFR,PARK7"
"GO:BP","mitochondrial respiratory chain complex assembly","GO:0033108","0.9778358836974498","0.009734029451152239","104","1691","4","21017","NDUFS3,NDUFAF2,IMMP2L,NDUFA13"
"GO:BP","proton motive force-driven mitochondrial ATP synthesis","GO:0042776","0.9790125104290867","0.00921175847714413","66","1691","2","21017","NDUFS3,NDUFA13"
"GO:BP","oligosaccharide metabolic process","GO:0009311","0.9807600964012978","0.00843721234571071","67","1691","2","21017","FBP1,BRAF"
"GO:BP","cilium movement","GO:0003341","0.9844346207067981","0.006813121383769432","212","1691","10","21017","SEMG1,TACR2,DNAJA1,UBE2B,SEMG2,RGN,BBS4,BBS2,ING2,LZTFL1"
"GO:BP","alpha-amino acid biosynthetic process","GO:1901607","0.9851186778384404","0.006511446633719488","70","1691","2","21017","DHFR,PARK7"
"GO:BP","macromolecule methylation","GO:0043414","0.9860641871011946","0.006094814068371387","129","1691","5","21017","AKT1,PRMT2,METTL3,RBM15,PRMT1"
"GO:BP","aerobic electron transport chain","GO:0019646","0.9866797619531712","0.005823779634108497","92","1691","3","21017","NDUFS3,SNCA,PARK7"
"GO:BP","tRNA modification","GO:0006400","0.9877376183392846","0.005358405656264047","93","1691","3","21017","AKT1,YRDC,DPH3"
"GO:BP","translational elongation","GO:0006414","0.9917226108908138","0.0036097849079966856","76","1691","2","21017","OAZ2,RACK1"
"GO:BP","proton motive force-driven ATP synthesis","GO:0015986","0.9925441142186904","0.0032501816570513447","77","1691","2","21017","NDUFS3,NDUFA13"
"GO:BP","maturation of SSU-rRNA","GO:0030490","0.9928099179035867","0.0031338930027941876","53","1691","1","21017","RPS19"
"GO:BP","ATP synthesis coupled electron transport","GO:0042773","0.9935833769787633","0.002795683015709599","100","1691","3","21017","NDUFS3,SNCA,PARK7"
"GO:BP","mitochondrial ATP synthesis coupled electron transport","GO:0042775","0.9935833769787633","0.002795683015709599","100","1691","3","21017","NDUFS3,SNCA,PARK7"
"GO:BP","ribosomal small subunit biogenesis","GO:0042274","0.9941851695492221","0.002532719602748796","101","1691","3","21017","XRCC5,RPS19,PRKDC"
"GO:BP","snRNA metabolic process","GO:0016073","0.9957962395024578","0.0018295181152043183","57","1691","1","21017","ZC3H8"
"GO:BP","ribosome biogenesis","GO:0042254","0.9964382181838757","0.001549623540131577","316","1691","15","21017","DDX3X,SUV39H1,XRCC5,RPS19,CDKN2A,PRKDC,RNASEL,C1QBP,CUL4A,KAT2B,ISG20,MYBBP1A,GTPBP4,GNL3L,CHD7"
"GO:BP","rRNA processing","GO:0006364","0.9989099006316265","0.00047368236776840553","225","1691","9","21017","SUV39H1,RPS19,CDKN2A,PRKDC,RNASEL,KAT2B,ISG20,GTPBP4,CHD7"
"GO:BP","proteinogenic amino acid biosynthetic process","GO:0170038","0.9989099006316265","0.00047368236776840553","63","1691","1","21017","DHFR"
"GO:BP","endoplasmic reticulum to Golgi vesicle-mediated transport","GO:0006888","0.9990641892830201","0.0004066077141060339","133","1691","4","21017","ARCN1,LRRK2,GOPC,VAPA"
"GO:BP","nucleosome organization","GO:0034728","0.9995410075451692","0.0001993836516653404","135","1691","4","21017","SOX9,SMARCA4,ARID2,TSPYL2"
"GO:BP","mitochondrial respirasome assembly","GO:0097250","0.9996191183371443","0.00016544631417047534","115","1691","3","21017","NDUFS3,NDUFAF2,NDUFA13"
"GO:BP","ribosomal large subunit biogenesis","GO:0042273","0.9996191183371443","0.00016544631417047534","66","1691","1","21017","GTPBP4"
"GO:BP","sensory perception of chemical stimulus","GO:0007606","1","0","497","1691","13","21017","TRPA1,DRD2,CD36,LPO,B2M,ASIC1,SLC6A3,ITPR3,FFAR4,NXNL2,SYT10,TRPV1,BBS4"
"GO:BP","sensory perception of smell","GO:0007608","1","0","423","1691","6","21017","DRD2,B2M,SLC6A3,NXNL2,SYT10,BBS4"
"GO:BP","establishment of protein localization to endoplasmic reticulum","GO:0072599","1","0","261","1691","3","21017","BAG6,RAB3GAP1,RYR2"
"GO:BP","detection of chemical stimulus","GO:0009593","1","0","480","1691","16","21017","SSC5D,TLR4,CASQ2,TRPA1,SOD2,TGFB3,ENG,LBP,SYT1,LPO,FFAR4,KCNMB4,TRPV1,RYR2,TLR9,LY96"
"GO:BP","glycolipid biosynthetic process","GO:0009247","1","0","77","1691","1","21017","PRKAA1"
"GO:BP","spliceosomal complex assembly","GO:0000245","1","0","332","1691","3","21017","NOL3,SETX,SRPK1"
"GO:BP","mitochondrial translation","GO:0032543","1","0","130","1691","1","21017","C1QBP"
"GO:BP","glycosylation","GO:0070085","1","0","240","1691","8","21017","OGT,GFPT1,GRM7,DERL3,CHP1,TMEM59,UBE2J1,ARFGEF1"
"GO:BP","tRNA processing","GO:0008033","1","0","138","1691","3","21017","AKT1,YRDC,DPH3"
"GO:BP","mRNA cis splicing, via spliceosome","GO:0045292","1","0","205","1691","1","21017","CACTIN"
"GO:BP","tRNA metabolic process","GO:0006399","1","0","208","1691","4","21017","ANG,AKT1,YRDC,DPH3"
"GO:BP","mitochondrial gene expression","GO:0140053","1","0","164","1691","4","21017","FOXO3,C1QBP,PRKAA1,PNPT1"
"GO:BP","thioester metabolic process","GO:0035383","1","0","95","1691","2","21017","SNCA,PPT1"
"GO:BP","protein glycosylation","GO:0006486","1","0","224","1691","7","21017","OGT,GFPT1,DERL3,CHP1,TMEM59,UBE2J1,ARFGEF1"
"GO:BP","mRNA splice site recognition","GO:0006376","1","0","208","1691","2","21017","NOL3,SETX"
"GO:BP","protein O-linked glycosylation","GO:0006493","1","0","100","1691","1","21017","OGT"
"GO:BP","macromolecule glycosylation","GO:0043413","1","0","224","1691","7","21017","OGT,GFPT1,DERL3,CHP1,TMEM59,UBE2J1,ARFGEF1"
"GO:BP","nucleosome assembly","GO:0006334","1","0","115","1691","2","21017","SOX9,TSPYL2"
"GO:BP","acyl-CoA metabolic process","GO:0006637","1","0","95","1691","2","21017","SNCA,PPT1"
"GO:BP","protein localization to endoplasmic reticulum","GO:0070972","1","0","291","1691","10","21017","AKT1,BAG6,ANK2,OS9,RAB3GAP1,LRRK2,UBAC2,RYR2,RTN4,VAPA"
"GO:BP","protein targeting to ER","GO:0045047","1","0","257","1691","1","21017","BAG6"
"GO:BP","detection of chemical stimulus involved in sensory perception","GO:0050907","1","0","443","1691","4","21017","TRPA1,LPO,FFAR4,TRPV1"
